,No.,Compound ID,SMILES,Assay ID,LogP app
0,1.0,CHEMBL121893,[N@H+]2(CCCCC2)CCC(=O)c1ccc(OCCCCCC)cc1,CHEMBL1034536,-2.67
1,2.0,CHEMBL538150,C(=O)(c1cc2c(cc(OCCCCCC)cc2)cc1)CC[N@H+](C)C,CHEMBL1034536,-2.85
2,3.0,CHEMBL539139,C(=O)(c1ccc(OCCOCC)cc1)CC[N@@H+](C)C,CHEMBL1034536,-3.8
3,4.0,CHEMBL539393,C(=O)(c1cc(C)c(OCCCCCC)cc1)CC[N@H+](C)C,CHEMBL1034536,-2.91
4,5.0,CHEMBL539718,C(=O)(c1c(Cl)cc(SCCCCCC)cc1)CC[N@@H+](C)C,CHEMBL1034536,-3.22
5,6.0,CHEMBL540227,C(=O)(c1ccc(OCCCCCC)cc1)CCNc2cc(Cl)ccc2,CHEMBL1034536,-5.7
6,7.0,CHEMBL540471,C(=O)(c2c(Cl)cc(OCCCCCC)c(Cl)c2)CC[N@@H+]1CCOCC1,CHEMBL1034536,-2.75
7,8.0,CHEMBL541478,N1C(=O)C[N@H+](CCC(c2c(C)cc(S(=O)(CCCCCC)=O)cc2C)=O)CC1,CHEMBL1034536,-3.32
8,9.0,CHEMBL541481,C(=O)(c2c(Cl)cc(SCCCCCC)cc2)CC[N@@H+]1CCOCC1,CHEMBL1034536,-2.69
9,10.0,CHEMBL549482,C(=O)(c1cc(C)c(OCCCCCC)c(C)c1)CC[N@H+](C)C,CHEMBL1034536,-3.14
10,11.0,CHEMBL549483,C(=O)(c1c(C)cc(OCCCCCC)cc1C)CC[N@H+](C)C,CHEMBL1034536,-3.19
11,12.0,CHEMBL549557,C(=O)(c1cc(S(=O)(C)=O)c(OCCCCCC)cc1)CC[N@H+](C)C,CHEMBL1034536,-3.14
12,13.0,CHEMBL549561,C(=O)(c1c(C)cc(S(=O)(CCCCCC)=O)cc1C)CC[N@@H+]2CCN(S(=O)(CC)=O)CC2,CHEMBL1034536,-3.0
13,14.0,CHEMBL549562,C(=O)(c1c(Cl)c(Cl)c(S(=O)(CCCCCC)=O)cc1)CC[N@H+](C)C,CHEMBL1034536,-3.66
14,15.0,CHEMBL549685,C(=O)(c1cc(Cc2ccccc2)c(OCCCCCC)cc1)CC[N@@H+](C)C,CHEMBL1034536,-3.64
15,16.0,CHEMBL549889,C(=O)(c1c(Cl)cc(S(=O)(CCCCCC)=O)cc1Cl)CC[N@H+]2CCN(C(=O)C)CC2,CHEMBL1034536,-3.32
16,17.0,CHEMBL550090,C(=O)(c2c(C)cc(S(=O)(CCCCCC)=O)cc2C)CC[N@@H+]1CCOCC1,CHEMBL1034536,-2.94
17,18.0,CHEMBL550094,C2[C@](C[N@H+](C)C)C(=O)c1ccc(OCCCCCC)cc1O2,CHEMBL1034536,-3.16
18,19.0,CHEMBL550295,N1C(=O)C[N@H+](CCC(c2c(Cl)c(Cl)c(S(=O)(CCCCCC)=O)cc2)=O)CC1,CHEMBL1034536,-2.96
19,20.0,CHEMBL550497,C(=O)(c2c(Cl)c(Cl)c(OCCCCCC)cc2)CC[N@@H+]1CCOCC1,CHEMBL1034536,-3.03
20,21.0,CHEMBL550752,C(=O)(c1c(Cl)cc(SCCCCCC)cc1Cl)CC[N@@H+]2CCN(C(C)=O)CC2,CHEMBL1034536,-2.98
21,22.0,CHEMBL550758,C(=O)(c1c(Cl)cc(OCCCCCC)cc1Cl)CC[N@H+](C)C,CHEMBL1034536,-3.16
22,23.0,CHEMBL550760,C(=O)(c1c(C)cc(SCCCCCC)cc1C)CC[N@@H+]2CCN(S(=O)(CC)=O)CC2,CHEMBL1034536,-3.8
23,24.0,CHEMBL550761,C(=O)(c1c(Cl)cc(S(=O)(CCCCCC)=O)cc1)CC[N@@H+](C)C,CHEMBL1034536,-3.42
24,25.0,CHEMBL550765,C(=O)(c1ccc(OCCCCCC)cc1)[C@@](C[N@@H+](C)C)[C@@](C)C,CHEMBL1034536,-2.9
25,26.0,CHEMBL550766,C(=O)(c2ccc(OCCCCCC)cc2)[C@@](c1ccccc1)C[N@@H+](C)C,CHEMBL1034536,-3.04
26,27.0,CHEMBL550767,C(=O)(c2c(Cl)cc(S(=O)(CCCCCC)=O)cc2)CC[N@H+]1CCOCC1,CHEMBL1034536,-3.12
27,28.0,CHEMBL550768,C(=O)(c1c(Cl)cc(S(=O)(CCCCCC)=O)cc1)CC[N@H+]2CCN(C(C)=O)CC2,CHEMBL1034536,-3.44
28,29.0,CHEMBL550841,C(=O)(c2ccc(OCCCCCC)cc2)CCNc1ccccc1,CHEMBL1034536,-6.7
29,30.0,CHEMBL550845,C(=O)(c1c(Cl)cc(OCCCCCC)c(Cl)c1)CC[N@H+](C)C,CHEMBL1034536,-2.98
30,31.0,CHEMBL550905,C(=O)(c2c(Cl)cc(OCCCCCC)cc2Cl)CC[N@H+]1CCOCC1,CHEMBL1034536,-6.0
31,32.0,CHEMBL550954,C(=O)(c2c(Cl)c(Cl)c(S(=O)(CCCCCC)=O)cc2)CC[N@@H+]1CCOCC1,CHEMBL1034536,-3.25
32,33.0,CHEMBL551046,N1(CCC(c2ccc(OCCCCCC)cc2)=O)C(=O)CCC1=O,CHEMBL1034536,-2.89
33,34.0,CHEMBL551106,C(=O)(c1c(C)cc(OCCCCCC)cc1C)CC[N@@H+]2CCN(C(C)=O)CC2,CHEMBL1034536,-2.81
34,35.0,CHEMBL551184,C(=O)(c1cc(OC)c(OCCCCCC)cc1)CC[N@H+](C)C,CHEMBL1034536,-3.02
35,36.0,CHEMBL551185,C(=O)(c1c(OC)cc(OCCCCCC)cc1)CC[N@H+](C)C,CHEMBL1034536,-2.98
36,37.0,CHEMBL551244,C(=O)(c1ccc(C[C@]2CC[N@@H+](CC)CC2)cc1)CC[N@@H+](C)C,CHEMBL1034536,-3.85
37,38.0,CHEMBL551385,C(=O)(c2c(Cl)c(Cl)c(SCCCCCC)cc2)CC[N@@H+]1CCN(S(=O)(CC)=O)CC1,CHEMBL1034536,-4.52
38,39.0,CHEMBL551450,C(=O)(c2ccc(OCCCCCC)cc2)CC[N@@H+]1CC[N@@H+](C)CC1,CHEMBL1034536,-2.64
39,40.0,CHEMBL551710,C(=O)(c1cc(OCCCCCC)ccc1)CC[N@H+](C)C,CHEMBL1034536,-3.08
40,41.0,CHEMBL551791,C(=O)(c1c(Br)cc(OCCCCCC)cc1)CC[N@@H+](C)C,CHEMBL1034536,-4.1
41,42.0,CHEMBL551962,C(=O)(c2c(Cl)cc(OCCCCCC)cc2Cl)CC[N@H+]1[C@](C)C1,CHEMBL1034536,-6.0
42,43.0,CHEMBL551975,N1C(=O)C[N@@H+](CCC(c2c(Cl)cc(SCCCCCC)cc2)=O)CC1,CHEMBL1034536,-2.87
43,44.0,CHEMBL551976,C(=O)(c2c(Cl)cc(SCCCCCC)cc2)CC[N@@H+]1CCN(S(=O)(CC)=O)CC1,CHEMBL1034536,-3.13
44,45.0,CHEMBL551979,C(=O)(c1cc([C@](C)(C)C)c(OCCCCCC)cc1)CC[N@@H+](C)C,CHEMBL1034536,-3.72
45,46.0,CHEMBL552048,C(=O)(c1c(Cl)cc(OCCCCCC)c(Cl)c1)CC[N@@H+]2CCN(C(C)=O)CC2,CHEMBL1034536,-2.81
46,47.0,CHEMBL552105,C(=O)(c1cc(SC)c(OCCCCCC)cc1)CC[N@H+](C)C,CHEMBL1034536,-2.9
47,48.0,CHEMBL552106,C(=O)(c1c(SC)cc(OCCCCCC)cc1)CC[N@H+](C)C,CHEMBL1034536,-2.84
48,49.0,CHEMBL552158,C(=O)(c1cc(F)c(OCCCCCC)cc1)CC[N@H+](C)C,CHEMBL1034536,-3.16
49,50.0,CHEMBL552185,C(=O)(c1ccc(OCCCCCC)c2ccccc12)CC[N@@H+](C)C,CHEMBL1034536,-3.18
50,51.0,CHEMBL552392,C1(=O)[C@](C[N@H+](C)C)CCc2cc(OCCCCCC)ccc12,CHEMBL1034536,-3.15
51,52.0,CHEMBL552517,C(=O)(c2c(Cl)cc(SCCCCCC)c(Cl)c2)CC[N@H+]1[C@](C)C1,CHEMBL1034536,-3.85
52,53.0,CHEMBL552742,C(=O)(c1c(N(C)C)cc(OCCCCCC)cc1)CC[N@H+](C)C,CHEMBL1034536,-3.77
53,54.0,CHEMBL553190,C(=O)(c1ccc(SCCCCCC)cc1)CC[N@H+](C)C,CHEMBL1034536,-2.83
54,55.0,CHEMBL553624,C(=O)(c2c(C)cc(OCCCCCC)cc2C)CC[N@H+]1[C@](C)C1,CHEMBL1034536,-3.03
55,56.0,CHEMBL553652,C(=O)(c2ccc(OCCCCCC)cc2)CC[N@H+]1CCCC1,CHEMBL1034536,-2.89
56,57.0,CHEMBL555065,C(=O)(c2c(Cl)cc(OCCCCCC)c(Cl)c2)CC[N@H+]1[C@](C)C1,CHEMBL1034536,-3.09
57,58.0,CHEMBL555726,C(S(=O)(Nc1ccc(C(=O)CC[N@@H+](C)C)cc1)=O)CCCC,CHEMBL1034536,-4.3
58,59.0,CHEMBL555749,C1(=O)[C@](C[N@H+](C)C)Cc2cc(OCCCCCC)ccc12,CHEMBL1034536,-3.64
59,60.0,CHEMBL556270,C(=O)(c2c(Cl)c(Cl)c(OCCCCCC)cc2)CC[N@@H+]1CCN(S(=O)(CC)=O)CC1,CHEMBL1034536,-6.0
60,61.0,CHEMBL557905,C(=O)(c1c(S(=O)(C)=O)cc(OCCCCCC)cc1)CC[N@H+](C)C,CHEMBL1034536,-3.07
61,62.0,CHEMBL557906,C(=O)(c2c(Cl)cc(SCCCCCC)cc2Cl)CC[N@@H+]1CCOCC1,CHEMBL1034536,-5.0
62,63.0,CHEMBL558106,C(=O)(c1c([C@](F)(F)F)cc(OCCCCCC)cc1)CC[N@H+](C)C,CHEMBL1034536,-3.3
63,64.0,CHEMBL558107,C(=O)(c1cc([N+]([O-])=O)c(OCCCCCC)cc1)CC[N@@H+](C)C,CHEMBL1034536,-2.87
64,65.0,CHEMBL558297,C(=O)(c2c(Cl)c(Cl)c(S(=O)(CCCCCC)=O)cc2)CC[N@@H+]1CCN(S(=O)(CC)=O)CC1,CHEMBL1034536,-3.42
65,66.0,CHEMBL558298,C(=O)(c2c(Cl)cc(SCCCCCC)cc2Cl)CC[N@@H+]1CCN(S(=O)(CC)=O)CC1,CHEMBL1034536,-4.3
66,67.0,CHEMBL558889,C(=O)(Nc1ccc(C(=O)CC[N@@H+](C)C)cc1)CCCCC,CHEMBL1034536,-3.25
67,68.0,CHEMBL559520,C(=O)(c1c(C)cc(OCCCCCC)cc1)CC[N@H+](C)C,CHEMBL1034536,-3.13
68,69.0,CHEMBL559521,C(=O)(c2c(Cl)c(Cl)c(SCCCCCC)cc2)CC[N@H+]1[C@](C)C1,CHEMBL1034536,-4.16
69,70.0,CHEMBL559522,C(=O)(c2c(Cl)c(Cl)c(SCCCCCC)cc2)CC[N@@H+]1CCOCC1,CHEMBL1034536,-3.77
70,71.0,CHEMBL559716,C(=O)(c1cc(Br)c(OCCCCCC)cc1)CC[N@@H+](C)C,CHEMBL1034536,-3.34
71,72.0,CHEMBL559717,C(=O)(c1c(Cl)cc(SCCCCCC)c(Cl)c1)CC[N@H+](C)C,CHEMBL1034536,-3.48
72,73.0,CHEMBL559718,N1C(=O)C[N@H+](CCC(c2c(Cl)cc(SCCCCCC)c(Cl)c2)=O)CC1,CHEMBL1034536,-3.09
73,74.0,CHEMBL560108,N1C(=O)C[N@H+](CCC(c2c(Cl)cc(S(=O)(CCCCCC)=O)c(Cl)c2)=O)CC1,CHEMBL1034536,-3.27
74,75.0,CHEMBL560114,C(=O)(c1c([C@@](C)C)cc(OCCCCCC)c(C)c1)CC[N@H+](C)C,CHEMBL1034536,-3.07
75,76.0,CHEMBL560148,C(=O)(c1c(OCCCCCC)cc(C)cc1)CC[N@H+](C)C,CHEMBL1034536,-2.96
76,77.0,CHEMBL560172,C(=O)(c1ccc(OCCCCCC)cc1)CC[N@@H+](C)C,CHEMBL1034536,-2.98
77,78.0,CHEMBL560309,C(=O)(c2ccc(OCCCCCC)cc2)CCn1cncc1,CHEMBL1034536,-2.83
78,79.0,CHEMBL560310,C(=O)(c1ccc(N2CC[N@H+](CCC)CC2)cc1)CC[N@@H+](C)C,CHEMBL1034536,-3.5
79,80.0,CHEMBL560311,C(=O)(c1c(Cl)c(Cl)c(OCCCCCC)cc1)CC[N@H+](C)C,CHEMBL1034536,-3.22
80,81.0,CHEMBL560369,C(=O)(c1c(Cl)cc(SCCCCCC)cc1)CC[N@@H+]2CCN(C(C)=O)CC2,CHEMBL1034536,-2.85
81,82.0,CHEMBL560510,C(=O)(c1ccc(S(=O)(CCCCCC)=O)cc1)CC[N@H+](C)C,CHEMBL1034536,-3.11
82,83.0,CHEMBL560512,C(=O)(c1cc(c2ccccc2)c(OCCCCCC)cc1)CC[N@H+](C)C,CHEMBL1034536,-3.08
83,84.0,CHEMBL560568,C(=O)(c1c(Cl)c(Cl)c(SCCCCCC)cc1)CC[N@H+](C)C,CHEMBL1034536,-3.85
84,85.0,CHEMBL560569,C(=O)(c1c(Cl)c(Cl)c(SCCCCCC)cc1)CC[N@@H+]2CCN(C(C)=O)CC2,CHEMBL1034536,-2.64
85,86.0,CHEMBL560675,N(CCCC)C(Nc1ccc(C(=O)CC[N@H+](C)C)cc1)=O,CHEMBL1034536,-5.0
86,87.0,CHEMBL560911,C(=O)(c1ccc(OCCCCCC)cc1)CC[N@H+](CCCC)CCCC,CHEMBL1034536,-3.25
87,88.0,CHEMBL560972,C(=O)(c1cc([C@](F)(F)F)c(OCCCCCC)cc1)CC[N@H+](C)C,CHEMBL1034536,-3.03
88,89.0,CHEMBL561050,C(=O)(c1cc(I)c(OCCCCCC)cc1)CC[N@H+](C)C,CHEMBL1034536,-3.27
89,90.0,CHEMBL561051,C(=O)(c2c(Cl)cc(SCCCCCC)c(Cl)c2)CC[N@@H+]1CCN(S(=O)(CC)=O)CC1,CHEMBL1034536,-4.7
90,91.0,CHEMBL561052,C(=O)(c1c(Cl)cc(SCCCCCC)cc1Cl)CC[N@H+](C)C,CHEMBL1034536,-3.46
91,92.0,CHEMBL561170,C(=O)(c2c(Cl)cc(SCCCCCC)cc2Cl)CC[N@H+]1[C@](C)C1,CHEMBL1034536,-3.72
92,93.0,CHEMBL561245,C(=O)(c2ccc(OCCCCCC)cc2)CC[N@@H+]1CCOCC1,CHEMBL1034536,-2.75
93,94.0,CHEMBL561446,C(=O)(c1c(Cl)cc(S(=O)(CCCCCC)=O)cc1Cl)CC[N@@H+](C)C,CHEMBL1034536,-3.77
94,95.0,CHEMBL561569,C(=O)(c1c(Cl)cc(S(=O)(CCCCCC)=O)c(Cl)c1)CC[N@@H+](C)C,CHEMBL1034536,-4.05
95,96.0,CHEMBL561570,C(=O)(c2c(Cl)cc(S(=O)(CCCCCC)=O)c(Cl)c2)CC[N@@H+]1CCOCC1,CHEMBL1034536,-3.17
96,97.0,CHEMBL561573,C(=O)(c2c(Cl)cc(S(=O)(CCCCCC)=O)cc2)CC[N@H+]1[C@](C)C1,CHEMBL1034536,-3.8
97,98.0,CHEMBL561574,C(=O)(c2c(Cl)cc(S(=O)(CCCCCC)=O)cc2)CC[N@@H+]1CCN(S(=O)(CC)=O)CC1,CHEMBL1034536,-3.52
98,99.0,CHEMBL561648,C(=O)(NCCCCCC)c1ccc(C(=O)CC[N@@H+](C)C)cc1,CHEMBL1034536,-3.11
99,100.0,CHEMBL561649,C(=O)(c1c(C)cc(S(=O)(CCCCCC)=O)cc1C)CC[N@H+](C)C,CHEMBL1034536,-2.73
100,101.0,CHEMBL561650,C(=O)(c2c(Cl)c(Cl)c(OCCCCCC)cc2)CC[N@H+]1[C@](C)C1,CHEMBL1034536,-3.43
101,102.0,CHEMBL561653,C(=O)(c1ccc(c2ccc(OCCCCCC)cc2)cc1)CC[N@@H+](C)C,CHEMBL1034536,-3.82
102,103.0,CHEMBL561850,c1c(CCCCCCC)ccc(C(=O)CC[N@H+](C)C)c1,CHEMBL1034536,-2.81
103,104.0,CHEMBL561975,C(=O)(c1c(Cl)c(Cl)c(S(=O)(CCCCCC)=O)cc1)CC[N@@H+]2CCN(C(C)=O)CC2,CHEMBL1034536,-3.11
104,105.0,CHEMBL562173,C(=O)(c2c(C)cc(S(=O)(CCCCCC)=O)cc2C)CC[N@H+]1[C@](C)C1,CHEMBL1034536,-2.92
105,106.0,CHEMBL562250,C(=O)(c2ccc(OCCCCCC)cc2)CC[N@H+]1[C@](C)C1,CHEMBL1034536,-2.78
106,107.0,CHEMBL562251,C(=O)(c2c(Cl)c(Cl)c(S(=O)(CCCCCC)=O)cc2)CC[N@H+]1[C@](C)C1,CHEMBL1034536,-3.36
107,108.0,CHEMBL562507,C(=O)(c2c(Cl)cc(SCCCCCC)cc2)CC[N@H+]1[C@](C)C1,CHEMBL1034536,-3.3
108,109.0,CHEMBL563032,C(=O)(c1c(C)cc(S(=O)(CCCCCC)=O)cc1C)CC[N@@H+]2CCN(C(C)=O)CC2,CHEMBL1034536,-3.33
109,110.0,CHEMBL563154,C(=O)(c2c(Cl)cc(SCCCCCC)c(Cl)c2)CC[N@@H+]1CCOCC1,CHEMBL1034536,-2.88
110,111.0,CHEMBL563175,C(=O)(c1c(Cl)cc(S(=O)(CCCCCC)=O)c(Cl)c1)CC[N@@H+]2CCN(C(C)=O)CC2,CHEMBL1034536,-3.17
111,112.0,CHEMBL563181,C(=O)(c1c(Cl)cc(OCCCCCC)cc1)CC[N@@H+](C)C,CHEMBL1034536,-2.71
112,113.0,CHEMBL563566,C(=O)(c2c(Cl)cc(S(=O)(CCCCCC)=O)c(Cl)c2)CC[N@@H+]1CCN(S(=O)(CC)=O)CC1,CHEMBL1034536,-3.14
113,114.0,CHEMBL563804,C(=O)(c1c(Cl)cc(SCCCCCC)c(Cl)c1)CC[N@H+]2CCN(C(C)=O)CC2,CHEMBL1034536,-3.0
114,115.0,CHEMBL563816,C(=O)(c1c(Cl)cc(S(=O)(CCCCCC)=O)cc1Cl)CC[N@@H+]2CCOCC2,CHEMBL1034536,-3.33
115,116.0,CHEMBL563871,C(=O)(c2c(Cl)cc(OCCCCCC)cc2Cl)CC[N@@H+]1CCN(S(=O)(CC)=O)CC1,CHEMBL1034536,-3.07
116,117.0,CHEMBL563943,C(=O)(c1c(Cl)cc(S(=O)(CCCCCC)=O)cc1Cl)CC[N@H+]2[C@](C)C2,CHEMBL1034536,-3.01
117,118.0,CHEMBL564112,N1C(=O)C[N@H+](CCC(c2c(Cl)cc(S(=O)(CCCCCC)=O)cc2)=O)CC1,CHEMBL1034536,-3.62
118,119.0,CHEMBL564464,C(=O)(c1c(Cl)cc(S(=O)(CCCCCC)=O)cc1Cl)CC[N@H+]2CC(=O)NCC2,CHEMBL1034536,-3.37
119,120.0,CHEMBL565150,C(=O)(c1c(I)cc(OCCCCCC)cc1)CC[N@@H+](C)C,CHEMBL1034536,-3.57
120,121.0,CHEMBL569845,N1C(=O)C[N@H+](CCC(c2c(Cl)c(Cl)c(SCCCCCC)cc2)=O)CC1,CHEMBL1034536,-2.8
121,122.0,CHEMBL570307,C(=O)(c1ccc(OCCCCCC)cc1)[C@@](C)C[N@H+](C)C,CHEMBL1034536,-2.87
122,123.0,CHEMBL570776,C(=O)(c2c(Cl)cc(OCCCCCC)cc2)CC[N@H+]1[C@](C)C1,CHEMBL1034536,-3.06
123,124.0,CHEMBL571226,N1C(=O)C[N@@H+](CCC(c2c(Cl)cc(OCCCCCC)cc2Cl)=O)CC1,CHEMBL1034536,-2.86
124,125.0,CHEMBL572341,C(=O)(c2c(Cl)cc(S(=O)(CCCCCC)=O)c(Cl)c2)CC[N@H+]1[C@](C)C1,CHEMBL1034536,-3.59
125,126.0,CHEMBL572342,C(=O)(c2c(C)cc(SCCCCCC)cc2C)CC[N@H+]1[C@](C)C1,CHEMBL1034536,-3.11
126,127.0,CHEMBL572348,C(=O)(c1cc(Cl)c(OCCCCCC)cc1)CC[N@H+](C)C,CHEMBL1034536,-2.99
127,128.0,CHEMBL1294,[N@H+]12[C@](C[C@@](CC2)[C@@](C=C)C1)[C@@](O)c4c3c(ccc(OC)c3)ncc4,CHEMBL3430218,-5.48
128,129.0,CHEMBL24,C(Cc1ccc(cc1)OC[C@](O)C[NH2+][C@@](C)C)(N)=O,CHEMBL3430218,-7.52
129,130.0,CHEMBL3221410,N1[C@@](C[C@@](C)C)C(=O)N2[C@@](C(=O)N(C)[C@@](Cc3ccc(O)cc3)C(=O)N[C@@](C[C@@](C)C)C(=O)N(C)[C@](C[C@@](C)C)C(=O)N(C)[C@@](C[C@@](C)C)C1=O)CCC2,CHEMBL3430218,-6.24
130,131.0,CHEMBL3342578,N3[C@@](C[C@@](C)C)C(N[C@](C[C@@](C)C)C(N[C@@](C[C@@](C)C)C(N[C@@](C[C@@](C)C)C(N1[C@](CCC1)C(N[C@@](Cc2ccc(O) cc2)C3=O)=O)=O)=O)=O)=O,CHEMBL3430218,-5.91
131,132.0,CHEMBL3403637,[C@]2(C[C@@](C)C)C(=O)N[C@@](C[C@@](C)C)C(=O)N1[C@](C(=O)N[C@@](Cc3ccc(O)cc3)C(=O)N[C@](C[C@@](C)C)C(=O)N[C@@](C [C@@](C)C)C(=O)N2)CCC1,CHEMBL3430218,-6.23
132,133.0,CHEMBL3425512,[C@]2(CCCC[NH3+])NC(=O)[C@](NC(=O)[C@@](NC(=O)[C@@]1CCCN1C(=O)[C@](NC(=O)[C@]([C@](O)C)NC2=O)Cc5ccccc5)Cc6ccccc6)Cc3cnc4c3cccc4,CHEMBL3430218,-7.05
133,134.0,CHEMBL3425617,[C@]3(C[C@@](C)C)N(C)C(=O)[C@](N(C)C(=O)[C@@](NC(=O)[C@@]2CCCN2C(=O)[C@](NC(=O)[C@](C[C@@](C)C)NC3=O)C[C@@](C)C)Cc1ccc(O)cc1)C[C@@](C)C,CHEMBL3430218,-6.17
134,135.0,CHEMBL3425618,[C@@]3(C[C@@](C)C)N(C)C(=O)[C@](N(C)C(=O)[C@@](NC(=O)[C@@]2CCCN2C(=O)[C@@](N(C)C(=O)[C@](C[C@@](C)C)NC3=O)C[C@ @](C)C)Cc1ccc(O)cc1)C[C@@](C)C,CHEMBL3430218,-5.64
135,136.0,CHEMBL3425619,[C@]3(C[C@@](C)C)NC(=O)[C@@](NC(=O)[C@@](NC(=O)[C@]2CCCN2C(=O)[C@](NC(=O)[C@](C[C@@](C)C)NC3=O)C[C@@](C)C)Cc1ccc(O)cc1)C[C@@](C)C,CHEMBL3430218,-6.96
136,137.0,CHEMBL3425620,[C@]2(C[C@@](C)C)NC(=O)[C@@](NC(=O)[C@@](NC(=O)[C@]1CCCN1C(=O)[C@](NC(=O)[C@@](C[C@@](C)C)NC2=O)C[C@@](C)C)Cc3cnc4c3cccc4)C[C@@](C)C,CHEMBL3430218,-5.48
137,138.0,CHEMBL3425621,[C@@]2(C[C@@](C)C)NC(=O)[C@](C[C@@](C)C)NC(=O)[C@@](NC(=O)[C@@]1CCCN1C(=O)[C@@]3N(CCC3)C(=O)[C@@](C[C@@](C)C)NC2=O)Cc4cnc5c4cccc5,CHEMBL3430218,-6.72
138,139.0,CHEMBL3425622,[C@]2(C[C@@](C)C)NC(=O)[C@](NC(=O)[C@@](NC(=O)[C@@]1CCCN1C(=O)[C@@](NC(=O)[C@@](C[C@@](C)C)NC2=O)C[C@@](C)C)Cc3cnc4c3cccc4)C[C@@](C)C,CHEMBL3430218,-6.55
139,140.0,CHEMBL3425623,[C@]2(C[C@@](C)C)NC(=O)[C@](NC(=O)[C@@](NC(=O)[C@@]1CCCN1C(=O)[C@](NC(=O)[C@](C[C@@](C)C)NC2=O)C[C@@](C)C)Cc3cnc4c3cccc4)C[C@@](C)C,CHEMBL3430218,-5.6
140,141.0,CHEMBL3425624,[C@]2(C[C@@](C)C)NC(=O)[C@@](NC(=O)[C@@](NC(=O)[C@]1CCCN1C(=O)[C@@](NC(=O)[C@](C[C@@](C)C)NC2=O)C[C@@](C)C)Cc3cnc4c3cccc4)C[C@@](C)C,CHEMBL3430218,-5.78
141,142.0,CHEMBL3425625,[C@]2(C[C@@](C)C)NC(=O)[C@@](NC(=O)[C@@](NC(=O)[C@]1CCCN1C(=O)[C@@](NC(=O)[C@]([C@](CC)C)NC2=O)[C@](CC)C)Cc3cnc4c3cccc4)[C@@](C)CC,CHEMBL3430218,-6.39
142,143.0,CHEMBL3425626,C2NC(=O)[C@@](NC(=O)[C@@](NC(=O)[C@]1CCCN1C(=O)[C@@](NC(=O)[C@](Cc3ccccc3)NC2=O)C[C@@](C)C)Cc4ccc(O)cc4)C,CHEMBL3430218,-8.0
143,144.0,CHEMBL3425627,C2NC(=O)[C@](NC(=O)[C@@](NC(=O)[C@@]1CCCN1C(=O)[C@](NC(=O)[C@](Cc3ccccc3)NC2=O)C[C@@](C)C)Cc4ccc(O)cc4)C,CHEMBL3430218,-7.16
144,145.0,CHEMBL3425628,C1NC(=O)[C@](NC(=O)[C@@](NC(=O)[C@@](NC(=O)[C@](NC(=O)[C@](Cc2ccccc2)NC1=O)C[C@@](C)C)C[C@@](C)C)Cc3ccc(O)cc3)C,CHEMBL3430218,-7.7
145,146.0,CHEMBL3425629,C2NC(=O)[C@@](NC(=O)[C@@](NC(=O)[C@@]1CCCN1C(=O)[C@](NC(=O)[C@@](Cc3ccccc3)NC2=O)C[C@@](C)C)Cc4ccc(O)cc4)C,CHEMBL3430218,-8.0
146,147.0,CHEMBL3425630,C2NC(=O)[C@](NC(=O)[C@@](NC(=O)[C@@]1CCCN1C(=O)[C@@](NC(=O)[C@@](Cc3ccccc3)NC2=O)C[C@@](C)C)Cc4ccc(O)cc4)C,CHEMBL3430218,-8.0
147,148.0,CHEMBL3425631,C2NC(=O)[C@](NC(=O)[C@@](NC(=O)[C@@]1CCCN1C(=O)[C@@](NC(=O)[C@](Cc3ccccc3)NC2=O)C[C@@](C)C)Cc4ccc(O)cc4)C,CHEMBL3430218,-7.52
148,149.0,CHEMBL3425632,C2N(C)C(=O)[C@@](NC(=O)[C@@](N(C)C(=O)[C@]1CCCN1C(=O)[C@@](NC(=O)[C@](Cc3ccccc3)N(C)C2=O)C[C@@](C)C)Cc4ccc(O)cc4),CHEMBL3430218,-6.46
149,150.0,CHEMBL3425633,C2NC(=O)[C@@](NC(=O)[C@@](N(C)C(=O)[C@]1CCCN1C(=O)[C@@](N(C)C(=O)[C@](Cc3ccccc3)N(C)C2=O)C[C@@](C)C)Cc4ccc(O)cc4),CHEMBL3430218,-6.8
150,151.0,CHEMBL3425634,C2N(C)C(=O)[C@](N(C)C(=O)[C@@](NC(=O)[C@@]1CCCN1C(=O)[C@](NC(=O)[C@](Cc3ccccc3)NC2=O)C[C@@](C)C)Cc4ccc(O)cc4)C,CHEMBL3430218,-7.16
151,152.0,CHEMBL3425635,C1N(C)C(=O)[C@](N(C)C(=O)[C@@](NC(=O)[C@](C[C@@](C)C)N(C)C(=O)[C@](N(C)C(=O)[C@](Cc2ccccc2)NC1=O)C[C@@](C)C)Cc3ccc( O)cc3)C,CHEMBL3430218,-6.03
152,153.0,CHEMBL3425636,C2N(C)C(=O)[C@@](N(C)C(=O)[C@@](NC(=O)[C@@]1CCCN1C(=O)[C@](NC(=O)[C@@](Cc3ccccc3)NC2=O)C[C@@](C)C)Cc4ccc(O)cc4),CHEMBL3430218,-7.52
153,154.0,CHEMBL3425637,C2N(C)C(=O)[C@](N(C)C(=O)[C@@](NC(=O)[C@@]1CCCN1C(=O)[C@@](N(C)C(=O)[C@@](Cc3ccccc3)NC2=O)C[C@@](C)C)Cc4ccc(O)cc 4)C,CHEMBL3430218,-6.85
154,155.0,CHEMBL3425639,C2N(C)C(=O)[C@@](N(C)C(=O)[C@@](NC(=O)[C@@]1CCCN1C(=O)[C@@](NC(=O)[C@](Cc3ccccc3)NC2=O)C[C@@](C)C)Cc4ccc(O)cc4) C[C@@](C)C,CHEMBL3430218,-7.0
155,156.0,CHEMBL3425640,[C@]2(C[C@@](C)C)N(C)C(=O)[C@@](N(C)C(=O)[C@@](NC(=O)[C@@]1CCCN1C(=O)[C@@](NC(=O)[C@](Cc3ccccc3)NC2=O)C[C@@](C)C)Cc4ccc(O)cc4)C[C@@](C)C,CHEMBL3430218,-6.39
156,157.0,CHEMBL3425642,[C@@]1(C)NC(=O)[C@](NC(=O)[C@@](NC(=O)[C@@](N(C)C(=O)[C@@](NC(=O)[C@](C)N(C)C1=O)C)C)C)C,CHEMBL3430218,-8.0
157,158.0,CHEMBL3425643,[C@@]1(Cc2ccccc2)NC([C@]6N(CCC6)C(=O)[C@@](NC(=O)[C@@](NC(=O)[C@@](NC(=O)[C@](Cc3ccccc3)NC1=O)Cc4cnc5c4cccc5)[C@ @](C)C)C[C@@](C)C)=O,CHEMBL3430218,-6.43
158,159.0,CHEMBL3425644,[C@]12CCCN2C(=O)[C@](Cc4ccc(O)cc4)NC(=O)[C@](Cc3ccccc3)NC([C@]5N(CCC5)C(=O)[C@@](NC(=O)CNC1=O)C[C@@](C)C)=O,CHEMBL3430218,-8.0
159,160.0,CHEMBL3425646,[C@]1(C[C@@](C)C)C(=O)N[C@@](Cc3ccc(O)cc3)C(=O)N[C@@]([C@@](C)C)C(NCC(=O)N[C@@]([C@](O)C)C(N[C@@](Cc2ccccc2)C(N1)=O)=O)=O,CHEMBL3430218,-7.4
160,161.0,CHEMBL3425647,[C@]1(Cc3ccccc3)C(=O)N[C@@](Cc2ccc(O)cc2)C(=O)N[C@]([C@](CC)C)C(NCC(=O)N[C@@]([C@](C)C)C(NCC(N1)=O)=O)=O,CHEMBL3430218,-8.0
161,162.0,CHEMBL3425648,[C@]1(C[C@@](C)C)C(=O)N[C@@](Cc2ccc(O)cc2)C(=O)N[C@@](C)C(NCC(=O)N[C@@]([C@](O)C)C(N[C@@](Cc3ccccc3)C(N1)=O)=O)=O,CHEMBL3430218,-7.7
162,163.0,CHEMBL3425649,[C@]1(Cc3ccccc3)C(=O)NCC(=O)N[C@@](C[C@@](C)C)C(N[C@@](C)C(=O)N[C@@](Cc2ccc(O)cc2)C(N[C@@](CC(=O)N)C(N1)=O)=O)=O,CHEMBL3430218,-8.0
163,164.0,CHEMBL3425650,[C@]1(C[C@@](C)C)C(=O)N[C@@](Cc3ccc(O)cc3)C(=O)N[C@]([C@](O)C)C(NCC(=O)N[C@@]([C@](O)C)C(N[C@@](Cc2ccccc2)C(N1)=O)=O)=O,CHEMBL3430218,-7.7
164,165.0,CHEMBL3425653,C2C(=O)N[C@@]([C@](O)C)C(N[C@@](Cc1ccccc1)C(N[C@@](C[C@@](C)C)C(=O)N[C@@](Cc3ccc(O)cc3)C(=O)N[C@@]([C@](O)C)C(N2 C)=O)=O)=O,CHEMBL3430218,-7.7
165,166.0,CHEMBL3425654,C2C(=O)N(C)[C@]([C@](O)C)C(N[C@@](Cc1ccccc1)C(N[C@@](C[C@@](C)C)C(=O)N[C@@](Cc3ccc(O)cc3)C(=O)N[C@@]([C@](O)C)C(N2 C)=O)=O)=O,CHEMBL3430218,-8.0
166,167.0,CHEMBL3427784,[C@]3(C[C@@](C)C)NC(=O)[C@](C[C@@](C)C)NC(=O)[C@@](NC(=O)[C@@]2CCCN2C(=O)[C@](NC(=O)[C@@](C[C@@](C)C)NC3=O)C[C@@](C)C)Cc1ccc(O)cc1,CHEMBL3430218,-5.79
167,168.0,CHEMBL3427785,C[C@@](C)C[C@@]3NC(=O)[C@](C[C@@](C)C)NC(=O)[C@@](NC(=O)[C@@]2CCCN2C(=O)[C@@]4N(CCC4)C(=O)[C@@](C[C@@](C)C)NC3=O)Cc1ccc(O)cc1,CHEMBL3430218,-7.05
168,169.0,CHEMBL3427786,[C@]3(C[C@@](C)C)NC(=O)[C@@](C[C@@](C)C)NC(=O)[C@@](NC(=O)[C@@]2CCCN2C(=O)[C@@](NC(=O)[C@@](C[C@@](C)C)NC3=O)C[C@@](C)C)Cc1ccc(O)cc1,CHEMBL3430218,-6.96
169,170.0,CHEMBL3427787,[C@]3(C[C@@](C)C)NC(=O)[C@@](C[C@@](C)C)NC(=O)[C@@](NC(=O)[C@@]2CCCN2C(=O)[C@](NC(=O)[C@](C[C@@](C)C)NC3=O)C[C@@](C)C)Cc1ccc(O)cc1,CHEMBL3430218,-5.46
170,171.0,CHEMBL3427788,[C@]3(C[C@@](C)C)N(C)C(=O)[C@](C[C@@](C)C)NC(=O)[C@@](NC(=O)[C@]2CCCN2C(=O)[C@@](NC(=O)[C@](C[C@@](C)C)NC3=O)C[C@@](C)C)Cc1ccc(O)cc1,CHEMBL3430218,-6.11
171,172.0,CHEMBL3427789,[C@]3(C[C@@](C)C)NC(=O)[C@](C[C@@](C)C)NC(=O)[C@@](NC(=O)[C@]2CCCN2C(=O)[C@@](NC(=O)[C@](C[C@@](C)C)N(C)C3=O)C[C@@](C)C)Cc1ccc(O)cc1,CHEMBL3430218,-6.12
172,173.0,CHEMBL3427790,[C@]3(C[C@@](C)C)NC(=O)[C@](C[C@@](C)C)NC(=O)[C@@](N(C)C(=O)[C@]2CCCN2C(=O)[C@@](NC(=O)[C@](C[C@@](C)C)NC3=O)C[C@@](C)C)Cc1ccc(O)cc1,CHEMBL3430218,-5.89
173,174.0,CHEMBL3427791,[C@]3(C[C@@](C)C)N(C)C(=O)[C@@](NC(=O)[C@@](NC(=O)[C@]2CCCN2C(=O)[C@@](NC(=O)[C@](C[C@@](C)C)N(C)C3=O)C[C@@](C)C)Cc1ccc(O)cc1)C[C@@](C)C,CHEMBL3430218,-6.02
174,175.0,CHEMBL3427792,[C@]3(C[C@@](C)C)N(C)C(=O)[C@@](NC(=O)[C@@](N(C)C(=O)[C@]2CCCN2C(=O)[C@@](NC(=O)[C@](C[C@@](C)C)NC3=O)C[C@@](C)C)Cc1ccc(O)cc1)C[C@@](C)C,CHEMBL3430218,-5.82
175,176.0,CHEMBL3427793,[C@]3(C[C@@](C)C)NC(=O)[C@@](NC(=O)[C@@](N(C)C(=O)[C@]2CCCN2C(=O)[C@@](NC(=O)[C@](C[C@@](C)C)N(C)C3=O)C[C@@](C)C)Cc1ccc(O)cc1)C[C@@](C)C,CHEMBL3430218,-5.88
176,177.0,CHEMBL3427794,[C@]3(C[C@@](C)C)N(C)C(=O)[C@@](NC(=O)[C@@](NC(=O)[C@@]2CCCN2C(=O)[C@](NC(=O)[C@@](C[C@@](C)C)N(C)C3=O)C[C@@] (C)C)Cc1ccc(O)cc1)C[C@@](C)C,CHEMBL3430218,-5.42
177,178.0,CHEMBL3427795,[C@@]3(C[C@@](C)C)N(C)C(=O)[C@](C[C@@](C)C)N(C)C(=O)[C@@](NC(=O)[C@@]2CCCN2C(=O)[C@@]4N(CCC4)C(=O)[C@@](C[C@ @](C)C)NC3=O)Cc1ccc(O)cc1,CHEMBL3430218,-5.96
178,179.0,CHEMBL3427796,[C@]3(C[C@@](C)C)N(C)C(=O)[C@](N(C)C(=O)[C@@](NC(=O)[C@@]2CCCN2C(=O)[C@@](N(C)C(=O)[C@@](C[C@@](C)C)NC3=O)C[C@ @](C)C)Cc1ccc(O)cc1)C[C@@](C)C,CHEMBL3430218,-5.73
179,180.0,CHEMBL3427797,[C@]3(C[C@@](C)C)N(C)C(=O)[C@](N(C)C(=O)[C@@](NC(=O)[C@@]2CCCN2C(=O)[C@](N(C)C(=O)[C@](C[C@@](C)C)NC3=O)C[C@@]( C)C)Cc1ccc(O)cc1)C[C@@](C)C,CHEMBL3430218,-7.0
180,181.0,CHEMBL3427798,[C@]3(C[C@@](C)C)N(C)C(=O)[C@@](N(C)C(=O)[C@@](NC(=O)[C@]2CCCN2C(=O)[C@@](N(C)C(=O)[C@](C[C@@](C)C)N(C)C3=O)C[C@@](C)C)Cc1ccc(O)cc1)C[C@@](C)C,CHEMBL3430218,-5.82
181,182.0,CHEMBL421362,N13C(=O)[C@](Cc5ccccc5)NC(=O)[C@]([C@@](C)O)NC(=O)[C@](CCCC[NH3+])NC(=O)[C@@](Cc2cnc4c2cccc4)NC(=O)[C@](Cc6ccccc6)N C(=O)[C@@]1CCC3,CHEMBL3430218,-7.1
182,183.0,CHEMBL121,N1C(=O)S[C@@](Cc2ccc(OCCN(C)c3ncccc3)cc2)C1=O,CHEMBL3431937,-5.12
183,184.0,CHEMBL2216774,c1cccc(OCC(N2[C@@](c3scc(c4ncccc4)n3)CCCC2)=O)c1,CHEMBL3431937,-5.04
184,185.0,CHEMBL2216778,c1c(C(=O)Nc3cc(F)ccc3)cc2c(O[C@@](C(=O)[O-])CN2S(=O)(=O)c4cc(Cl)ccc4OC)c1,CHEMBL3431937,-6.85
185,186.0,CHEMBL2216779,c1c(C(=O)[O-])ccc(NC(=O)c2cc3c(CCN3S(=O)(=O)c4cc(Cl)ccc4OC)cc2)c1,CHEMBL3431937,-5.56
186,187.0,CHEMBL3431460,c1ccc(OCC(N2CCCC[C@@]2c3nc(c4ccc5c(NC(C5)=O)c4)no3)=O)cc1,CHEMBL3431937,-5.84
187,188.0,CHEMBL3431462,c1ccc(OCC(N2CCCC[C@@]2C(N4Cc3ccc(Cl)cc3C4)=O)=O)cc1,CHEMBL3431937,-5.3
188,189.0,CHEMBL3431464,Cc1c(c2nc([C@]3CCCCN3C(COc4ccccc4)=O)on2)snn1,CHEMBL3431937,-5.23
189,190.0,CHEMBL3431465,CCn1c(C)nc(Cl)c1c2nc([C@]3CCCCN3C(COc4ccccc4)=O)on2,CHEMBL3431937,-5.4
190,191.0,CHEMBL3431466,Cn1cnc(Br)c1c2nc([C@]3CCCCN3C(COc4ccccc4)=O)on2,CHEMBL3431937,-5.25
191,192.0,CHEMBL3431467,Cc1cc(c2nc([C@]3CCCCN3C(COc4ccccc4)=O)on2)n(C)n1,CHEMBL3431937,-5.36
192,193.0,CHEMBL3431468,Cc1c(Cl)c(c2nc([C@]3CCCCN3C(COc4ccccc4)=O)on2)n(C)n1,CHEMBL3431937,-5.78
193,194.0,CHEMBL3431469,Cc1cc(c2nc([C@]3CCCCN3C(COc4ccccc4)=O)on2)no1,CHEMBL3431937,-5.41
194,195.0,CHEMBL3431470,COc1ccc(Cl)cc1S(=O)(N2COc3c2cc(C(Nc4nc(CC([O-])=O)cs4)=O)cc3)=O,CHEMBL3431937,-5.53
195,196.0,CHEMBL3431471,COc1ccc(Cl)cc1S(=O)(N2COc3c2cc(C(Nc4ccc(CC([O-])=O)cc4)=O)cc3)=O,CHEMBL3431937,-5.52
196,197.0,CHEMBL3431473,c1ccc(OCC(N2CCCC[C@@]2c3nc([C@@]4CCCCC4)on3)=O)cc1,CHEMBL3431937,-6.02
197,198.0,CHEMBL3431474,CO[C@]1CC[C@@](c2nc([C@]3CCCCN3C(COc4ccccc4)=O)no2)CC1,CHEMBL3431937,-5.46
198,199.0,CHEMBL3431476,COC([C@]1CCCC[C@@]1c2nc([C@]3CCCCN3C(COc4ccccc4)=O)no2)=O,CHEMBL3431937,-5.65
199,200.0,CHEMBL3431477,CCn1cc(Sc4cc(Cl)ccc4OC)c2c1ccc(C(Nc3ccc(C([O-])=O)cc3)=O)c2,CHEMBL3431937,-6.15
200,201.0,CHEMBL3431478,CCn1cc(S(=O)(c4cc(Cl)ccc4OC)=O)c2c1ccc(C(Nc3ccc(C([O-])=O)cc3)=O)c2,CHEMBL3431937,-6.17
201,202.0,CHEMBL3431479,C[C@@]1(C)C(N(c2ccc(Cl)c(c3nc([C@]4CCCCN4C(COc5ccccc5)=O)no3)c2)C(N1)=O)=O,CHEMBL3431937,-6.31
202,203.0,CHEMBL3431480,c1ccc(OCC(N2CCCC[C@@]2c3nc(c4c(Cl)cnc(N)n4)on3)=O)cc1,CHEMBL3431937,-5.45
203,204.0,CHEMBL3431481,c1ccc(OCC(N2CCCC[C@@]2c3nc(c4ccc(n5cncn5)cc4)on3)=O)cc1,CHEMBL3431937,-5.65
204,205.0,CHEMBL3431482,c1ccc(OCC(N2CCCC[C@@]2c3nc(c4ccc(n5cnnn5)cc4)on3)=O)cc1,CHEMBL3431937,-5.77
205,206.0,CHEMBL3431483,c1ccc(OCC(N2CCCC[C@@]2c3nc(c4cccc5c4ncn5)on3)=O)cc1,CHEMBL3431937,-5.78
206,207.0,CHEMBL3431484,CC(c1ccc(c2nc([C@]3CCCCN3C(COc4ccccc4)=O)no2)cc1)=O,CHEMBL3431937,-5.81
207,208.0,CHEMBL3431485,c1ccc(OCC(N2CCCC[C@@]2c3nc(c5cnc4ccccc4n5)on3)=O)cc1,CHEMBL3431937,-5.38
208,209.0,CHEMBL3431486,CS(=O)(c1cccc(c2nc([C@]3CCCCN3C(COc4ccccc4)=O)no2)c1)=O,CHEMBL3431937,-5.53
209,210.0,CHEMBL3431487,c1ccc(OCC(N2CCCC[C@@]2c3nc(c4ccc(Cl)nc4)on3)=O)cc1,CHEMBL3431937,-5.29
210,211.0,CHEMBL3431488,c1ccc(OCC(N2CCCC[C@@]2c3nc(c4ccc5c(scn5)c4)on3)=O)cc1,CHEMBL3431937,-5.62
211,212.0,CHEMBL3431490,c1ccc(OCC(N2CCCC[C@@]2c3nc(c4ccc([C@](F)(F)F)nc4)on3)=O)cc1,CHEMBL3431937,-5.66
212,213.0,CHEMBL3431491,c1ccc(OCC(N2CCCC[C@@]2c3nc(c4ccc5c(nns5)c4)on3)=O)cc1,CHEMBL3431937,-5.62
213,214.0,CHEMBL3431492,c1ccc(OCC(N2CCCC[C@@]2c3nc(c5ccc4cccnc4n5)on3)=O)cc1,CHEMBL3431937,-5.27
214,215.0,CHEMBL3431493,c1ccc(OCC(N2CCCC[C@@]2c3nc(c5ccc4cnccc4n5)on3)=O)cc1,CHEMBL3431937,-5.35
215,216.0,CHEMBL3431494,c1ccc(OCC(N2CCCC[C@@]2c3nc(c4cnnc5c4cccc5)on3)=O)cc1,CHEMBL3431937,-5.44
216,217.0,CHEMBL3431495,c1ccc(OCC(N2CCCC[C@@]2c3nc(c4ccc5c(nnn5)c4)on3)=O)cc1,CHEMBL3431937,-5.67
217,218.0,CHEMBL3431496,c1ccc(OCC(N2CCCC[C@@]2c3nnc(c4cccc(N5C(CCC5=O)=O)c4)n3)=O)cc1,CHEMBL3431937,-5.48
218,219.0,CHEMBL3431497,COc1ccc(Cl)cc1S(=O)(N2CCOc3c2cc(C(Nc4ccccc4)=O)cn3)=O,CHEMBL3431937,-5.36
219,220.0,CHEMBL3431498,C[C@]1CN(S(=O)(c4cc(Cl)ccc4OC)=O)c2c1ccc(C(Nc3ccc(C([O-])=O)cc3)=O)c2,CHEMBL3431937,-5.55
220,221.0,CHEMBL3431499,C[C@@]1CN(S(=O)(c4cc(Cl)ccc4OC)=O)c2c1ccc(C(Nc3ccc(C([O-])=O)cc3)=O)c2,CHEMBL3431937,-5.54
221,222.0,CHEMBL3431500,c1ccc(OCC(N2CCOC[C@@]2c3nc(c4ccc5c(ncn5)c4)no3)=O)cc1,CHEMBL3431937,-5.55
222,223.0,CHEMBL3431501,COc1ccc(Cl)cc1S(=O)(N2CCOc3c2cc(C(Nc4ccc(C([O-])=O)cc4)=O)cn3)=O,CHEMBL3431937,-6.13
223,224.0,CHEMBL3431502,c1ccc(OCC(N2CCCC[C@@]2c3nc(c4ccc(N)nc4)no3)=O)cc1,CHEMBL3431937,-5.35
224,225.0,CHEMBL3431503,c1ccc(OCC(N2CCCC[C@@]2c3nc(c4ccc5c(ncn5)c4)on3)=O)cc1,CHEMBL3431937,-5.52
225,226.0,CHEMBL3431504,COc1ccc(Cl)cc1S(=O)(N2CCS(=O)(c3c2cc(C(Nc4ccc(C([O-])=O)cc4)=O)cc3)=O)=O,CHEMBL3431937,-5.72
226,227.0,CHEMBL3431505,COc1ccc(Cl)cc1S(=O)(N2CCOc3c2cc(C(Nc4ccccc4)=O)cc3)=O,CHEMBL3431937,-5.9
227,228.0,CHEMBL3431506,C[C@@]2(C)c1ccc(C(Nc4ccc(C([O-])=O)cc4)=O)cc1N(Cc3cc(Cl)ccc3OC)C(O2)=O,CHEMBL3431937,-5.74
228,229.0,CHEMBL3431507,C[C@@]2(C)c1ccc(C(Nc4nc(CC([O-])=O)cs4)=O)cc1N(Cc3cc(Cl)ccc3OC)C(O2)=O,CHEMBL3431937,-5.71
229,230.0,CHEMBL3431508,CC(Nc1cccc(n2nc([C@]3CCCCN3C(COc4ccccc4)=O)nn2)c1)=O,CHEMBL3431937,-5.46
230,231.0,CHEMBL3431509,CC(NCc1cccc(c2nc([C@]3CCCCN3C(COc4ccccc4)=O)no2)c1)=O,CHEMBL3431937,-5.53
231,232.0,CHEMBL3431510,CS(=O)(NCc1cccc(c2nc([C@]3CCCCN3C(COc4ccccc4)=O)no2)c1)=O,CHEMBL3431937,-5.75
232,233.0,CHEMBL3431511,COc1ccc(Cl)cc1S(=O)(N2CCOc3c2cc(C(Nc4ccc(CC([O-])=O)cc4)=O)cc3F)=O,CHEMBL3431937,-5.55
233,234.0,CHEMBL3431512,COc1ccc(Cl)cc1S(=O)(N2CCOc3c2cc(C(Nc4nc(CC([O-])=O)cs4)=O)cc3F)=O,CHEMBL3431937,-5.61
234,235.0,CHEMBL3431513,COc1ccc2c(c(C(COc3ccncc3)=O)cn2)c1,CHEMBL3431937,-7.7
235,236.0,CHEMBL3431514,c1cc(C(Nc3ccc(c4nnnn4)cc3)=O)cc(NS(=O)(c2cccc(Cl)c2)=O)c1,CHEMBL3431937,-7.56
236,237.0,CHEMBL3431515,c1ccc(OCC(N2CCCC[C@@]2c3nc(c4ccc(C(N)=O)cc4)no3)=O)cc1,CHEMBL3431937,-5.29
237,238.0,CHEMBL3431516,c1ccc(OCC(N2CCCC[C@@]2c3nc(c4cccc(S(=O)(N)=O)c4)no3)=O)cc1,CHEMBL3431937,-5.79
238,239.0,CHEMBL3431517,c1ccc(OCC(N2CCCC[C@@]2c3nc(c4cccc(C([O-])=O)c4)no3)=O)cc1,CHEMBL3431937,-5.72
239,240.0,CHEMBL3431518,c1cc(C(Nc4ccc(C([O-])=O)cc4)=O)cc(S(=O)(N2CCCc3c2cc([C@](F)(F)F)cc3)=O)c1,CHEMBL3431937,-5.44
240,241.0,CHEMBL3431519,CCN(C(c1ccc(c2nc([C@]3CCCCN3C(COc4ccccc4)=O)on2)cc1)=O)CC,CHEMBL3431937,-5.83
241,242.0,CHEMBL3431520,Cc1cc(C(Nc3ccc(C([O-])=O)cc3)=O)cc(S(=O)(Nc2cccc([C@](F)(F)F)c2)=O)c1C,CHEMBL3431937,-6.08
242,243.0,CHEMBL3431521,c1cc(NC(c2ccc(Cl)c(NS(=O)(c3cc(Cl)cc(Cl)c3)=O)c2)=O)ccc1C([O-])=O,CHEMBL3431937,-5.65
243,244.0,CHEMBL3431522,COc1ccc(Cl)cc1S(=O)(Nc2cc(C(Nc3ccc(C([O-])=O)cc3)=O)cc(OC)c2OC)=O,CHEMBL3431937,-5.8
244,245.0,CHEMBL3431523,c1ccc(OCC(N2CCCC[C@@]2c3nc(c4ccc(Cl)cc4)no3)=O)cc1,CHEMBL3431937,-6.02
245,246.0,CHEMBL3431524,c1ccc(OCC(N2CCCC[C@@]2c3nc(c4cccc(C(N)=O)c4)no3)=O)cc1,CHEMBL3431937,-5.59
246,247.0,CHEMBL3431525,c1ccc(OCC(N2CCCC[C@@]2c3nc(c4ccc(S(=O)(NCCO)=O)cc4)no3)=O)cc1,CHEMBL3431937,-5.64
247,248.0,CHEMBL3431526,c1ccc(OCC(N2CCCC[C@@]2c3nc(c4ccnc(C(N5CCOCC5)=O)c4)no3)=O)cc1,CHEMBL3431937,-5.23
248,249.0,CHEMBL3431527,c1ccc(OCC(N2CCCC[C@@]2c3nc(c4ccc(c5cncn5)cc4)no3)=O)cc1,CHEMBL3431937,-6.58
249,250.0,CHEMBL3431528,c1ccc(OCC(N2CCCC[C@@]2c3nnc(c4cccc(N)c4)n3)=O)cc1,CHEMBL3431937,-5.27
250,251.0,CHEMBL3431529,CC(Nc1cccc(c2nc([C@]3CCCCN3C(COc4ccccc4)=O)nn2)c1)=O,CHEMBL3431937,-5.54
251,252.0,CHEMBL3431530,CS(=O)(Nc1cccc(c2nc([C@]3CCCCN3C(COc4ccccc4)=O)nn2)c1)=O,CHEMBL3431937,-5.59
252,253.0,CHEMBL3431531,c1ccc(OCC(N2CCCC[C@@]2c3nnc(c4cccc(C(N)=O)c4)n3)=O)cc1,CHEMBL3431937,-5.65
253,254.0,CHEMBL3431532,c1cc(O[C@@](F)F)ccc1Cn3c2ccc(F)cc2c(NC(c4ccc(C([O-])=O)cc4)=O)n3,CHEMBL3431937,-5.5
254,255.0,CHEMBL3431535,COc1ccc(Cl)cc1S(=O)(N2CCCc3c2cc(C(Nc4ccc(C([O-])=O)cc4)=O)cc3)=O,CHEMBL3431937,-5.5
255,256.0,CHEMBL3431536,COc1ccc(Cl)cc1S(=O)(N2CCOc3c2cc(C(Nc4ccc(C([O-])=O)cc4)=O)cc3)=O,CHEMBL3431937,-5.57
256,257.0,CHEMBL3431537,c1ccc(OCC(N2CCCC[C@@]2c3nc(c4ccc5c(NC(N5)=O)c4)no3)=O)cc1,CHEMBL3431937,-5.61
257,258.0,CHEMBL3431538,c1cc(O[C@@](F)F)ccc1Cn3c2ccc(F)cc2c(C(Nc4ccc(c5nnnn5)cc4)=O)n3,CHEMBL3431937,-6.34
258,259.0,CHEMBL3431539,C[N@@H+]1CCN(C(COc4ccccc4)=O)[C@@](c2nnc(c3cccc([C@](F)(F)F)c3)n2)C1,CHEMBL3431937,-5.64
259,260.0,CHEMBL3431540,c1ccc(OCC(N2CCCC[C@@]2c3nc(c4ccc5c(CC(N5)=O)c4)no3)=O)cc1,CHEMBL3431937,-5.58
260,261.0,CHEMBL3431541,COc1ccc(Cl)cc1S(=O)(Nc2cccc(C#Cc3ccc(C([O-])=O)cc3)c2)=O,CHEMBL3431937,-6.13
261,262.0,CHEMBL3431542,c1ccc(OCC(N2CCCC[C@@]2c3nc(c4ccc5c(ncn5)c4)no3)=O)cc1,CHEMBL3431937,-5.55
262,263.0,CHEMBL3431544,COc1ccc(Cl)cc1S(=O)(N2CCOc3c2cc(C(Nc4ccc(C5NC(ON5)=O)cc4)=O)cc3)=O,CHEMBL3431937,-6.03
263,264.0,CHEMBL3431545,c1ccc(OCC(N2CCCC[C@@]2c3nnc(c4ccc5c(NC(C5)=O)c4)n3)=O)cc1,CHEMBL3431937,-5.48
264,265.0,CHEMBL3431546,c1cc([C@](F)(F)F)cc(S(=O)(N2CCc3c2cc(C(Nc4ccc(C([O-])=O)c(F)c4)=O)cc3)=O)c1,CHEMBL3431937,-5.7
265,266.0,CHEMBL3431548,COc1ccc(Cl)cc1S(=O)(N2CCc3c2cc(C(Nc4ccc(C([O-])=O)c(F)c4)=O)cc3)=O,CHEMBL3431937,-5.78
266,267.0,CHEMBL3431549,COc1ccc(Cl)cc1S(=O)(N2CCc3c2cc(C(Nc4ccc(C([O-])=O)c(Cl)c4)=O)cc3)=O,CHEMBL3431937,-5.92
267,268.0,CHEMBL3431550,c1cc3c(N(S(=O)(c4cc(Cl)cc(Cl)c4)=O)CC3)cc1C(Nc2ccc(C([O-])=O)c(Cl)c2)=O,CHEMBL3431937,-5.72
268,269.0,CHEMBL3431551,Cc1ccc(OC)c(S(=O)(N2CCCc3c2cc(C(Nc4ccc(C([O-])=O)c(F)c4)=O)cc3)=O)c1,CHEMBL3431937,-5.79
269,270.0,CHEMBL3431552,COc1ccc(Cl)cc1S(=O)(N2CCCc3c2cc(C(Nc4ccc(C([O-])=O)c(F)c4)=O)cc3)=O,CHEMBL3431937,-5.75
270,271.0,CHEMBL3431553,c1cc3c(N(S(=O)(c4cc(Cl)cc(Cl)c4)=O)CCC3)cc1C(Nc2ccc(C([O-])=O)c(F)c2)=O,CHEMBL3431937,-5.32
271,272.0,CHEMBL3431554,c1cc([C@](F)(F)F)cc(S(=O)(N2CCCc3c2cc(C(Nc4ccc(C([O-])=O)c(F)c4)=O)cc3)=O)c1,CHEMBL3431937,-5.67
272,273.0,CHEMBL3431555,CN1C=C(C(Nc3ccc(C([O-])=O)cc3)=O)C=C(NS(=O)(c2cc(Cl)ccc2OC)=O)C1=O,CHEMBL3431937,-6.57
273,274.0,CHEMBL3431556,c1ccc(OCC(N2CC[NH2+]C[C@@]2c3nc(c4ccc5c(ncn5)c4)no3)=O)cc1,CHEMBL3431937,-5.82
274,275.0,CHEMBL3431557,C[N@@H+]1CCN(C(COc5ccccc5)=O)[C@@](c2nc(c3ccc4c(CC(N4)=O)c3)no2)C1,CHEMBL3431937,-5.47
275,276.0,CHEMBL3431558,c1ccc(OCC(N2CC[NH2+]C[C@@]2c3nc(c4ccc5c(CC(N5)=O)c4)no3)=O)cc1,CHEMBL3431937,-5.56
276,277.0,CHEMBL3431559,c1ccc(OCC(N2CCCC[C@@]2c3nc(C4C=CC(NC4)=O)no3)=O)cc1,CHEMBL3431937,-5.32
277,278.0,CHEMBL3431560,C[N@@H+]1CCN(C(COc5ccccc5)=O)[C@@](c2nc(c3ccc4c(nnn4)c3)no2)C1,CHEMBL3431937,-5.43
278,279.0,CHEMBL3431561,c1ccc(OCC(N2CCCC[C@@]2c3nc(c4ccc5c(nnc5C(N)=O)c4)no3)=O)cc1,CHEMBL3431937,-5.63
279,280.0,CHEMBL3431562,c1ccc(OCC(N2CCCC[C@@]2c3nc(c4cc(C([O-])=O)cnc4)no3)=O)cc1,CHEMBL3431937,-7.16
280,281.0,CHEMBL3431563,CCOC(c1cc(c2nc([C@]3CCCCN3C(COc4ccccc4)=O)on2)cnc1)=O,CHEMBL3431937,-5.81
281,282.0,CHEMBL3431564,c1cc(NC(c2ccc(NS(=O)(c3cc(Cl)cc(Cl)c3)=O)s2)=O)ccc1C([O-])=O,CHEMBL3431937,-8.0
282,283.0,CHEMBL3431565,c1ccc(OCC(N2CCCC[C@@]2c3nnc(c4ccc5c(cnn5)c4)n3)=O)cc1,CHEMBL3431937,-5.79
283,284.0,CHEMBL3431566,c1ccc(OCC(N2CCCC[C@@]2c3nc(c4cc(C(N)=O)cnc4)no3)=O)cc1,CHEMBL3431937,-5.42
284,285.0,CHEMBL3431567,CCOC(c2cn1ccc(c3nc([C@]4CCCCN4C(COc5ccccc5)=O)on3)cc1n2)=O,CHEMBL3431937,-5.7
285,286.0,CHEMBL3431568,c1ccc(OCC(N2CCCC[C@@]2c3nc(c5ccn4cc(C(N)=O)nc4c5)no3)=O)cc1,CHEMBL3431937,-5.26
286,287.0,CHEMBL3431569,c1ccc(OCC(N2CCCC[C@@]2c3nnc(c4cccc(C(NCCO)=O)c4)n3)=O)cc1,CHEMBL3431937,-6.29
287,288.0,CHEMBL3431570,COC[C@@]1CC[N@@H+](NC(c2cccc(c3nc([C@]4CCCCN4C(COc5ccccc5)=O)nn3)c2)=O)C1,CHEMBL3431937,-5.48
288,289.0,CHEMBL3431571,c1ccc(OCC(N2CCCC[C@@]2c3nnc(c4cccc(C#N)c4)n3)=O)cc1,CHEMBL3431937,-5.53
289,290.0,CHEMBL3431572,c1ccc(OCC(N2CCCC[C@@]2c3nc(c4ccnc(N)c4)no3)=O)cc1,CHEMBL3431937,-5.28
290,291.0,CHEMBL3431573,COc1ccc(Cl)cc1S(=O)(N2CCOc3c2cc(C(Nc4ccc(C([O-])=O)c(F)c4)=O)cc3)=O,CHEMBL3431937,-5.77
291,292.0,CHEMBL3431574,COc1ccc(Cl)cc1S(=O)(N2CCOc3c2cc(C(Nc4ccc(C([O-])=O)c(Cl)c4)=O)cc3)=O,CHEMBL3431937,-5.84
292,293.0,CHEMBL3431575,COc1ccc(Cl)cc1S(=O)(N2CCc3c2cc(C#Cc4ccc(C([O-])=O)cc4)cc3)=O,CHEMBL3431937,-6.59
293,294.0,CHEMBL3431576,COc1ccc(Cl)cc1S(=O)(N2CCNc3c2cc(C(Nc4ccc(C([O-])=O)cc4)=O)cc3)=O,CHEMBL3431937,-6.09
294,295.0,CHEMBL3431577,COc1ccc(Cl)cc1S(=O)(N2CCOc3c2cc(C(Nc4ccc(C([O-])=O)nc4)=O)cc3)=O,CHEMBL3431937,-6.24
295,296.0,CHEMBL3431578,CCC(Nc1cccc(c2nc([C@]3CCCCN3C(COc4ccccc4)=O)nn2)c1)=O,CHEMBL3431937,-5.54
296,297.0,CHEMBL3431579,C[C@@](C(Nc1cccc(c2nc([C@]3CCCCN3C(COc4ccccc4)=O)nn2)c1)=O)C,CHEMBL3431937,-5.59
297,298.0,CHEMBL3431580,Cc1cc(C(Nc3ccc(c4nnnn4)cc3)=O)nn1Cc2ccc(O[C@@](F)F)cc2,CHEMBL3431937,-5.91
298,299.0,CHEMBL3431581,CC(Nc1cccc(c2nc([C@]3CCCCN3C(COc4ccccc4)=O)no2)c1)=O,CHEMBL3431937,-5.59
299,300.0,CHEMBL3431582,CCNC(Nc1cccc(c2nc([C@]3CCCCN3C(COc4ccccc4)=O)nn2)c1)=O,CHEMBL3431937,-5.65
300,301.0,CHEMBL3431583,c1ccc(OCC(N2CCCC[C@@]2c3nnc(c4cccc(N5CCC5=O)c4)n3)=O)cc1,CHEMBL3431937,-5.7
301,302.0,CHEMBL3431584,c1ccc(c2cc([C@@]3CCCCN3C(COc4ccccc4)=O)nn2)cc1,CHEMBL3431937,-6.28
302,303.0,CHEMBL3431585,COc1ccc(Cl)cc1S(=O)(N2COc3c2cc(C(Nc4ccc(C([O-])=O)cc4)=O)cc3)=O,CHEMBL3431937,-5.53
303,304.0,CHEMBL3431586,COc1ccc(Cl)cc1S(=O)(N[C@@]2CCCN(C(COc3ccccc3)=O)C2)=O,CHEMBL3431937,-5.87
304,305.0,CHEMBL3431587,COc1ccc(Cl)cc1S(=O)(N2COc3c2cc(C(Nc4ccc(C([O-])=O)c(Cl)c4)=O)cc3)=O,CHEMBL3431937,-5.78
305,306.0,CHEMBL3431589,c1ccc(OCC(N2CCCC[C@]2c3ncc(c4cccc([N+]([O-])=O)c4)o3)=O)cc1,CHEMBL3431937,-6.18
306,307.0,CHEMBL3431591,c1ccc(OCC(N2CCCC[C@@]2c3nc(c4cccc(O)c4)no3)=O)cc1,CHEMBL3431937,-6.19
307,308.0,CHEMBL3431592,c1ccc(OCC(N2CCCC[C@@]2c3nc(C4C=CNC(C4)=O)no3)=O)cc1,CHEMBL3431937,-5.27
308,309.0,CHEMBL3431594,c1ccc(OCC(N2CCCC[C@@]2c3nnc(c4ccnc(N)c4)n3)=O)cc1,CHEMBL3431937,-5.56
309,310.0,CHEMBL3431595,COc1ccc(Cl)cc1S(=O)(N2COc3c2cc(C(Nc4ccc(C([O-])=O)c(F)c4)=O)cc3)=O,CHEMBL3431937,-5.72
310,311.0,CHEMBL3431596,COc1ccc(Cl)cc1S(=O)(N2CCCCc3c2cc(C(Nc4ccc(C([O-])=O)cc4)=O)cc3)=O,CHEMBL3431937,-5.54
311,312.0,CHEMBL3431597,c1ccc(OCC(N2CCCC[C@@]2c3nnc(c4cccc(C(N[NH3+])=O)c4)n3)=O)cc1,CHEMBL3431937,-5.7
312,313.0,CHEMBL3431598,c1ccc(OCC(N2CCCC[C@@]2c3nc(c4cccc([N+]([O-])=O)n4)no3)=O)cc1,CHEMBL3431937,-5.26
313,314.0,CHEMBL3431600,c1ccc(OCC(N2CCCC[C@@]2c3nnc(c4cccc(C5=NNC(O5)=O)c4)n3)=O)cc1,CHEMBL3431937,-5.77
314,315.0,CHEMBL3431601,c1ccc(OCC(N2CCCC[C@@]2c3nnc(c4cccc(c5nnco5)c4)n3)=O)cc1,CHEMBL3431937,-5.52
315,316.0,CHEMBL3431602,Cc1cc(C(Nc4ccc(C([O-])=O)c(F)c4)=O)cc2c1CCN2S(=O)(c3cc(Cl)ccc3OC)=O,CHEMBL3431937,-5.78
316,317.0,CHEMBL3431603,c1cc(S(=O)(N2CCOc3c2cc(C(Nc4ccc(C([O-])=O)c(F)c4)=O)cc3)=O)cc(Cl)c1,CHEMBL3431937,-5.66
317,318.0,CHEMBL3431605,Cc1cc(C(Nc4ccc(C([O-])=O)cc4)=O)cc2c1CCN2S(=O)(c3cc(Cl)ccc3OC)=O,CHEMBL3431937,-5.7
318,319.0,CHEMBL3431606,Cc1cc(C(Nc4ccc(C([O-])=O)c(Cl)c4)=O)cc2c1CCN2S(=O)(c3cc(Cl)ccc3OC)=O,CHEMBL3431937,-5.82
319,320.0,CHEMBL3431609,CN(C(c1ccc(c2nc([C@@]4[C@]3C[C@]3CN4C(COc5ccccc5)=O)on2)cc1)=O)C,CHEMBL3431937,-5.36
320,321.0,CHEMBL3431610,COc1ccc(Cl)cc1S(=O)(N2CCNc3c2cc(C(Nc4ccc(C([O-])=O)c(F)c4)=O)cc3)=O,CHEMBL3431937,-6.64
321,322.0,CHEMBL3431611,c1cc(S(=O)(N2CCOc3c2cc(C(Nc4ccc(C([O-])=O)cc4)=O)cc3)=O)cc(Cl)c1,CHEMBL3431937,-5.52
322,323.0,CHEMBL3431612,COc1ccc(Cl)cc1S(=O)(N2CCCCc3c2cc(C(Nc4ccc(C([O-])=O)c(F)c4)=O)cc3)=O,CHEMBL3431937,-5.67
323,324.0,CHEMBL3431613,COc1ccc(Cl)cc1S(=O)(N2CCCCc3c2cc(C(Nc4ccc(C([O-])=O)c(Cl)c4)=O)cc3)=O,CHEMBL3431937,-5.6
324,325.0,CHEMBL3431614,c1ccc(OCC(N2CCOC[C@@]2c3nc(c4cc(C(N)=O)cnc4)no3)=O)cc1,CHEMBL3431937,-5.54
325,326.0,CHEMBL3431615,c1ccc(OCC(N2CCCC[C@@]2c3nc(c4cc(C#N)cnc4)no3)=O)cc1,CHEMBL3431937,-5.2
326,327.0,CHEMBL3431616,CNC(c1cc(c2nc([C@]3CCCCN3C(COc4ccccc4)=O)on2)cnc1)=O,CHEMBL3431937,-5.42
327,328.0,CHEMBL3431617,CCN(C(c1cc(c2nc([C@]3CCCCN3C(COc4ccccc4)=O)on2)cnc1)=O)CC,CHEMBL3431937,-5.26
328,329.0,CHEMBL3431618,CN(C(c1cc(c2nc([C@]3CCCCN3C(COc4ccccc4)=O)on2)cnc1)=O)CCOC,CHEMBL3431937,-5.38
329,330.0,CHEMBL3431619,c1ccc(OCC(N2CCCC[C@@]2c3nc(c4cc(C(N[C@]5CC5)=O)cnc4)no3)=O)cc1,CHEMBL3431937,-5.5
330,331.0,CHEMBL3431620,c1ccc(OCC(N3C[C@@]2C[C@@]2[C@]3c4nc(c5ccc6c(CC(N6)=O)c5)no4)=O)cc1,CHEMBL3431937,-5.27
331,332.0,CHEMBL3431621,COc1ccc(Cl)cc1S(=O)(N2COc3c2cc(C(Nc4ccc(CC([O-])=O)cc4)=O)cc3F)=O,CHEMBL3431937,-5.55
332,333.0,CHEMBL3431622,COc1ccc(Cl)cc1S(=O)(N2COc3c2cc(C(Nc4nc(CC([O-])=O)cs4)=O)cc3F)=O,CHEMBL3431937,-5.65
333,334.0,CHEMBL3431623,COc1ccc(Cl)cc1S(=O)(N2CCSc3c2cc(C(Nc4ccc(CC([O-])=O)cc4)=O)cc3)=O,CHEMBL3431937,-5.29
334,335.0,CHEMBL3431624,COc1ccc(Cl)cc1S(=O)(N2CCSc3c2cc(C(Nc4nc(CC([O-])=O)cs4)=O)cc3)=O,CHEMBL3431937,-5.44
335,336.0,CHEMBL3431625,COc1ccc(Cl)cc1CN3c2cc(C(Nc4nc(CC([O-])=O)cs4)=O)ccc2OCC3=O,CHEMBL3431937,-5.95
336,337.0,CHEMBL3431626,COc1ccc(Cl)cc1S(=O)(N2CCc3c2cc(C(Nc4ccc(CC([O-])=O)cc4)=O)cc3)=O,CHEMBL3431937,-5.39
337,338.0,CHEMBL3431627,COc1ccc(Cl)cc1S(=O)(N2CCc3c2cc(C(Nc4nc(CC([O-])=O)cs4)=O)cc3)=O,CHEMBL3431937,-5.49
338,339.0,CHEMBL3431628,Cc1ccc(OC)c(S(=O)(n2ccc3c2cc(C(Nc4ccc(C([O-])=O)cc4)=O)cc3)=O)c1,CHEMBL3431937,-5.91
339,340.0,CHEMBL3431629,c1cc(S(=O)(n2ccc3c2cc(C(Nc4ccc(C([O-])=O)cc4)=O)cc3)=O)cc(Cl)c1,CHEMBL3431937,-6.22
340,341.0,CHEMBL3431630,Cc1cc(C)cc(S(=O)(n2ccc3c2cc(C(Nc4ccc(C([O-])=O)cc4)=O)cc3)=O)c1,CHEMBL3431937,-5.84
341,342.0,CHEMBL3431631,c1ccc(OCC(N2CCCC[C@@]2c3nc(c4ccc5c(NC(CO5)=O)c4)on3)=O)cc1,CHEMBL3431937,-5.43
342,343.0,CHEMBL3431632,C[C@@]2(C)c1ccc(C(Nc4nc(CC([O-])=O)cs4)=O)cc1N(Cc3cc(Cl)ccc3OC)C2=O,CHEMBL3431937,-6.02
343,344.0,CHEMBL3431633,C[C@@]2(C)c1ccc(C(Nc4ccc(C([O-])=O)cc4)=O)cc1N(Cc3cc(Cl)ccc3OC)C2=O,CHEMBL3431937,-6.03
344,345.0,CHEMBL3431635,COc1ccc(Cl)cc1S(=O)(N2CCOc3c2cc(C(Nc4ccc(CC([O-])=O)cc4)=O)cc3)=O,CHEMBL3431937,-5.73
345,346.0,CHEMBL3431636,CCN2c1cc(c3nc([C@]4CCCCN4C(COc5ccccc5)=O)no3)ccc1[C@@](C)(C)CC2=O,CHEMBL3431937,-6.4
346,347.0,CHEMBL3431637,c1ccc(OCC(N2CCCC[C@@]2c3nc([C@@]4CCCC4)on3)=O)cc1,CHEMBL3431937,-5.36
347,348.0,CHEMBL3431638,COc1ccc(Cl)cc1S(=O)(N2CCOc3c2cc(C(Nc4nc(CC([O-])=O)cs4)=O)cc3)=O,CHEMBL3431937,-5.79
348,349.0,CHEMBL3431639,c1cc(c2nc([C@]3CCCCN3C(COc4ccncc4)=O)nn2)cc([C@](F)(F)F)c1,CHEMBL3431937,-5.76
349,350.0,CHEMBL3431640,CC(Nc1cccc(c2nc([C@]3CCCCN3C(COc4ccccc4)=O)n(C)n2)c1)=O,CHEMBL3431937,-5.53
350,351.0,CHEMBL3431641,Cn1cc(Sc4cccc(Cl)c4)c2c1ccc(C(Nc3ccc(C([O-])=O)cc3)=O)c2,CHEMBL3431937,-6.89
351,352.0,CHEMBL3431642,Cn1cc(S(=O)(c4cccc(Cl)c4)=O)c2c1ccc(C(Nc3ccc(C([O-])=O)cc3)=O)c2,CHEMBL3431937,-6.0
352,353.0,CHEMBL3431643,c1ccc(OCC(N2CCCC[C@@]2c3nc(c5cc4c(nc5)ncn4)on3)=O)cc1,CHEMBL3431937,-5.45
353,354.0,CHEMBL3431644,CC(Nc1cccc(C#C[C@]2CCCCN2C(COc3ccccc3)=O)c1)=O,CHEMBL3431937,-5.75
354,355.0,CHEMBL3431645,CC(Nc1cc(c2nc([C@]3CCCCN3C(COc4ccccc4)=O)no2)ccn1)=O,CHEMBL3431937,-5.27
355,356.0,CHEMBL3431646,COc1ccc(Cl)cc1CN3c2cc(C(Nc4nc(CC([O-])=O)cs4)=O)ccc2SCC3=O,CHEMBL3431937,-5.82
356,357.0,CHEMBL3431647,COc1ccc(Cl)cc1S(=O)(N2COCc3c2cc(C(Nc4ccc(C([O-])=O)cc4)=O)cc3)=O,CHEMBL3431937,-5.67
357,358.0,CHEMBL3431648,COc1ccc(Cl)cc1S(=O)(N2COCc3c2cc(C(Nc4ccc(CC([O-])=O)cc4)=O)cc3)=O,CHEMBL3431937,-5.86
358,359.0,CHEMBL3431649,COc1ccc(Cl)cc1S(=O)(N2COCc3c2cc(C(Nc4nc(CC([O-])=O)cs4)=O)cc3)=O,CHEMBL3431937,-5.88
359,360.0,CHEMBL3431650,c1ccc(OCC(N2CCCC[C@@]2c3nc([C@@]4([C@](F)(F)F)CC4)on3)=O)cc1,CHEMBL3431937,-5.27
360,361.0,CHEMBL3431651,c1ccc(OCC(N2CCCC[C@@]2c3nc(c4cc(Cl)nnc4O)on3)=O)cc1,CHEMBL3431937,-5.21
361,362.0,CHEMBL3431652,C[C@@]2(C)c1ccc(C(Nc4nccs4)=O)cc1N(Cc3cc(Cl)ccc3OC)C(O2)=O,CHEMBL3431937,-6.52
362,363.0,CHEMBL3431653,c1ccc(OCC(N2CCCC[C@@]2c3nc(c4ccc5c(NC(C(N5)=O)=O)c4)on3)=O)cc1,CHEMBL3431937,-6.33
363,364.0,CHEMBL3431654,c1ccc(OCC(N2CCCC[C@@]2c3nc(c5ccc4nccn4c5)no3)=O)cc1,CHEMBL3431937,-5.2
364,365.0,CHEMBL3431655,c1ccc(OCC(N2CCCC[C@@]2c3nc(c4ccc5c(NC(CO5)=O)c4)no3)=O)cc1,CHEMBL3431937,-5.41
365,366.0,CHEMBL3431659,COc1ccc(Cl)cc1S(=O)(N2CCS(c3c2cc(C(Nc4ccc(C([O-])=O)cc4)=O)cc3)=O)=O,CHEMBL3431937,-6.92
366,367.0,CHEMBL3431660,c1ccc(OCC(N2CCCC[C@@]2c3nc(c4ccc5c(NC(CN5)=O)c4)on3)=O)cc1,CHEMBL3431937,-5.74
367,368.0,CHEMBL3431661,COc1ccc(Cl)cc1S(=O)(N2CCOc3c2cc(C(Nc4ccc(CCC([O-])=O)cc4)=O)cc3)=O,CHEMBL3431937,-5.48
368,369.0,CHEMBL3431662,COc1ccc(Cl)cc1CN3c2cc(C(Nc4nc(CC([O-])=O)cs4)=O)ccc2S(=O)(CC3=O)=O,CHEMBL3431937,-6.07
369,370.0,CHEMBL3431663,c1ccc(OCC(N2CCCC[C@@]2c3nnc(c4ccc5c(NC(CO5)=O)c4)n3)=O)cc1,CHEMBL3431937,-6.02
370,371.0,CHEMBL3431664,CC(Nc1ccc(F)c(c2nc([C@]3CCCCN3C(COc4ccccc4)=O)nn2)c1)=O,CHEMBL3431937,-5.37
371,372.0,CHEMBL3431665,c1ccc(OCC(N2CCCC[C@@]2c3nc(c4cccc(N)n4)on3)=O)cc1,CHEMBL3431937,-5.26
372,373.0,CHEMBL3431666,c1ccc(OCC(N2CCCC[C@@]2c3nc(c4ccc(C#N)nc4)on3)=O)cc1,CHEMBL3431937,-5.07
373,374.0,CHEMBL3431667,c1ccc(OCC(N2CCCC[C@@]2c3nc(c4cccc5c4C(NN5)=O)on3)=O)cc1,CHEMBL3431937,-5.19
374,375.0,CHEMBL3431668,C[C@@]2(C)c1ccc(C(Nc4ccc(C([O-])=O)c(Cl)c4)=O)cc1N(Cc3cc(Cl)ccc3OC)C(O2)=O,CHEMBL3431937,-5.96
375,376.0,CHEMBL3431669,C[C@@]2(C)c1ccc(C(Nc4ccc(CC([O-])=O)c(Cl)c4)=O)cc1N(Cc3cc(Cl)ccc3OC)C(O2)=O,CHEMBL3431937,-5.87
376,377.0,CHEMBL3431670,c1ccc(OCC(N2CCCC[C@@]2c3nc(c4ccnc(N)c4)on3)=O)cc1,CHEMBL3431937,-5.31
377,378.0,CHEMBL3431671,C[C@@]2(C)c1ccc(C(Nc4ccc(CC([O-])=O)cc4)=O)cc1N(Cc3cc(Cl)ccc3OC)C(O2)=O,CHEMBL3431937,-5.77
378,379.0,CHEMBL3431672,CC(Nc1cc(c2nc([C@]3CCCCN3C(COc4ccccc4)=O)nn2)cc(F)c1)=O,CHEMBL3431937,-5.77
379,380.0,CHEMBL3431673,CC(Nc1cc(c2nc([C@]3CCCCN3C(COc4ccccc4)=O)nn2)ccc1F)=O,CHEMBL3431937,-5.57
380,381.0,CHEMBL3431674,CC(Nc1cc(c2nc([C@]3CCCCN3C(COc4ccccc4)=O)on2)cc(F)c1)=O,CHEMBL3431937,-5.87
381,382.0,CHEMBL3431675,CC(Nc1cc(c2nc([C@]3CCCCN3C(COc4ccccc4)=O)on2)ccc1F)=O,CHEMBL3431937,-5.66
382,383.0,CHEMBL3431677,Cc1cccc(S(=O)(N2CCOc3c2cc(C(Nc4nc(CC([O-])=O)cs4)=O)cc3)=O)c1,CHEMBL3431937,-5.51
383,384.0,CHEMBL3431678,c1cc(S(=O)(N2CCOc3c2cc(C(Nc4nc(CC([O-])=O)cs4)=O)cc3)=O)cc(Cl)c1,CHEMBL3431937,-5.54
384,385.0,CHEMBL3431679,Cc1cc(C)cc(S(=O)(N2CCOc3c2cc(C(Nc4nc(CC([O-])=O)cs4)=O)cc3)=O)c1,CHEMBL3431937,-5.5
385,386.0,CHEMBL3431681,COc1ccc(Cl)cc1S(=O)(n2ccc3c2cc(C(Nc4ccc(CC([O-])=O)cc4)=O)cc3)=O,CHEMBL3431937,-5.7
386,387.0,CHEMBL3431682,Cc1ccc(OC)c(S(=O)(n2ccc3c2cc(C(Nc4ccc(CC([O-])=O)cc4)=O)cc3)=O)c1,CHEMBL3431937,-5.55
387,388.0,CHEMBL3431683,c1ccc(OCC(N2CCCC[C@@]2c3nnc(c4ccc(N)nc4)n3)=O)cc1,CHEMBL3431937,-5.4
388,389.0,CHEMBL3431685,Cn1cc(S(=O)(c4cccc(Cl)c4)=O)c2c1ccc(C(Nc3nc(CC([O-])=O)cs3)=O)c2,CHEMBL3431937,-6.02
389,390.0,CHEMBL3431686,Cc1cc(C)cc(S(=O)(n2ccc3c2cc(C(Nc4ccc(CC([O-])=O)cc4)=O)cc3)=O)c1,CHEMBL3431937,-5.72
390,391.0,CHEMBL3431687,c1cc(S(=O)(n2ccc3c2cc(C(Nc4ccc(CC([O-])=O)cc4)=O)cc3)=O)cc(Cl)c1,CHEMBL3431937,-5.65
391,392.0,CHEMBL3431688,CC(NCc1cccc(c2nc([C@]3CCCCN3C(COc4ccccc4)=O)nn2)c1)=O,CHEMBL3431937,-5.39
392,393.0,CHEMBL3431689,Cc1ccc(OC)c(S(=O)(N2CCc3c2cc(C(Nc4ccc(CC([O-])=O)cc4)=O)cc3)=O)c1,CHEMBL3431937,-5.66
393,394.0,CHEMBL3431690,Cc1cc(C)cc(S(=O)(N2CCc3c2cc(C(Nc4ccc(CC([O-])=O)cc4)=O)cc3)=O)c1,CHEMBL3431937,-5.39
394,395.0,CHEMBL3431691,c1cc(S(=O)(N2CCc3c2cc(C(Nc4ccc(CC([O-])=O)cc4)=O)cc3)=O)cc(Cl)c1,CHEMBL3431937,-5.44
395,396.0,CHEMBL3431692,c1ccc(OCC(N2CCCC[C@@]2C(N4CCc3ccccc3C4)=O)=O)cc1,CHEMBL3431937,-5.38
396,397.0,CHEMBL3431693,c1ccc(CNC([C@]2CCCCN2C(COc3ccccc3)=O)=O)cc1,CHEMBL3431937,-5.15
397,398.0,CHEMBL3431694,CN(C([C@]2CCCCN2C(COc3ccccc3)=O)=O)Cc1ccccc1,CHEMBL3431937,-5.04
398,399.0,CHEMBL3431695,CCN(C(c1nc([C@]2CCCCN2C(COc3ccccc3)=O)no1)=O)CC,CHEMBL3431937,-4.94
399,400.0,CHEMBL3431697,c1ccc(OCC(N2CCCC[C@@]2c3nc(c4ccc([N+]([O-])=O)s4)no3)=O)cc1,CHEMBL3431937,-5.36
400,401.0,CHEMBL3431698,c1ccc(OCC(N2CCCC[C@@]2c3nc(c4ccc([N+]([O-])=O)o4)no3)=O)cc1,CHEMBL3431937,-5.29
401,402.0,CHEMBL3431699,c1ccc(OCC(N2CCCC[C@@]2c3nnc(c4cccs4)n3)=O)cc1,CHEMBL3431937,-5.57
402,403.0,CHEMBL3431700,c1ccc(OCC(N2CCCC[C@@]2c3nnc(c4ccccc4F)n3)=O)cc1,CHEMBL3431937,-5.32
403,404.0,CHEMBL3431701,c1ccc(OCC(N2CCCC[C@@]2c3nnc(c4cccc(F)c4)n3)=O)cc1,CHEMBL3431937,-5.84
404,405.0,CHEMBL3431702,c1ccc(OCC(N2CCCC[C@@]2c3nnc(c4ccc(F)c(F)c4)n3)=O)cc1,CHEMBL3431937,-5.77
405,406.0,CHEMBL3431703,COc1ccc(c2nc([C@]3CCCCN3C(C#Cc4ccccc4)=O)on2)cc1,CHEMBL3431937,-5.61
406,407.0,CHEMBL3431704,COc1ccc(Cl)cc1S(=O)(N2C[C@](C([O-])=O)Oc3c2cc(C(Nc4ccccc4)=O)cc3)=O,CHEMBL3431937,-7.52
407,408.0,CHEMBL3431705,c1ccc(OCC(N2CCCC[C@@]2C#Cc3ccc(C#N)cc3)=O)cc1,CHEMBL3431937,-6.22
408,409.0,CHEMBL3431706,c1ccc(OCC(N2CCCC[C@@]2C#Cc3ccc(S(=O)(N)=O)cc3)=O)cc1,CHEMBL3431937,-5.39
409,410.0,CHEMBL3431707,c1ccc(OCC(N2CCCC[C@@]2C#Cc3ccc4c(OCC(N4)=O)c3)=O)cc1,CHEMBL3431937,-5.96
410,411.0,CHEMBL3431708,c1ccc(OCC(N2CCCC[C@@]2c3nnn(c4ccc5c(ccn5)c4)n3)=O)cc1,CHEMBL3431937,-5.64
411,412.0,CHEMBL3431709,CC(Nc1ccc(n2nc([C@]3CCCCN3C(COc4ccccc4)=O)nn2)cc1)=O,CHEMBL3431937,-5.57
412,413.0,CHEMBL3431710,c1ccc(OCC(N2CCCC[C@@]2C#Cc3ccc(C(N)=O)cc3)=O)cc1,CHEMBL3431937,-5.53
413,414.0,CHEMBL3431711,Cn1cc(Cc4cc(Cl)ccc4OC)c2c1ccc(C(Nc3nc(CC([O-])=O)cs3)=O)c2,CHEMBL3431937,-6.29
414,415.0,CHEMBL3431712,Cn1cc(Cc4cc(Cl)ccc4OC)c2c1ccc(C(Nc3ccc(CC([O-])=O)cc3)=O)c2,CHEMBL3431937,-6.07
415,416.0,CHEMBL3431713,c1ccc(OCC(N2CCCC[C@@]2c3nc(c4cccc(N5C=NNC5=O)c4)on3)=O)cc1,CHEMBL3431937,-5.46
416,417.0,CHEMBL3431714,c1ccc(OCC(N2CCCC[C@@]2c3nc(c4cccc(N5CC(NC5=O)=O)c4)on3)=O)cc1,CHEMBL3431937,-5.47
417,418.0,CHEMBL3431715,c1ccc(OCC(N2CCCC[C@@]2c3nc(c4cccc(N5CCCS5(=O)=O)c4)on3)=O)cc1,CHEMBL3431937,-6.0
418,419.0,CHEMBL3431716,c1ccc(OCC(N2CCCC[C@@]2c3nc(c4cccc(N5CCCC5=O)c4)on3)=O)cc1,CHEMBL3431937,-5.63
419,420.0,CHEMBL3431717,Cc1cc(C(Nc4ccc(CC([O-])=O)cc4)=O)cc2c1OCCN2S(=O)(c3cc(Cl)ccc3OC)=O,CHEMBL3431937,-5.68
420,421.0,CHEMBL3431718,Cc1cc(C(Nc4ccc(CC([O-])=O)cc4)=O)cc2c1OCN2S(=O)(c3cc(Cl)ccc3OC)=O,CHEMBL3431937,-5.5
421,422.0,CHEMBL3431719,Cc1cc(C(Nc4nc(CC([O-])=O)cs4)=O)cc2c1OCCN2S(=O)(c3cc(Cl)ccc3OC)=O,CHEMBL3431937,-5.73
422,423.0,CHEMBL3431720,Cn1cc(Cc4cc(Cl)ccc4OC)c2c1ccc(C(Nc3ccc(C([O-])=O)cc3)=O)c2,CHEMBL3431937,-6.33
423,424.0,CHEMBL3431721,Cc1cc(C(Nc4nc(CC([O-])=O)cs4)=O)cc2c1OCN2S(=O)(c3cc(Cl)ccc3OC)=O,CHEMBL3431937,-5.56
424,425.0,CHEMBL3431722,COc1ccc(Cl)cc1S(=O)(N2CCCc3c2cc(Oc4ccc(CC([O-])=O)cc4)cc3)=O,CHEMBL3431937,-6.11
425,426.0,CHEMBL3431724,CCOc1ccc(C(Nc3ccc(CC([O-])=O)cc3)=O)cc1N(S(=O)(c2cc(Cl)ccc2OC)=O)CCS([O-])=O,CHEMBL3431937,-7.4
426,427.0,CHEMBL3431725,CCOc1ccc(C(Nc3ccc(C([O-])=O)c(F)c3)=O)cc1N(S(=O)(c2cc(Cl)ccc2OC)=O)CCS([O-])=O,CHEMBL3431937,-7.16
427,428.0,CHEMBL3431726,COc1ccc(Cl)cc1CN3c2cc(C(Nc4ccc(CC([O-])=O)cc4)=O)ccc2COC3=O,CHEMBL3431937,-5.83
428,429.0,CHEMBL3431727,COc1ccc(Cl)cc1Cc2cnc3c2cc(C(Nc4nc(CC([O-])=O)cs4)=O)cc3,CHEMBL3431937,-6.31
429,430.0,CHEMBL3431728,COc1ccc(Cl)cc1Cc2cnc3c2cc(C(Nc4ccc(CC([O-])=O)cc4)=O)cc3,CHEMBL3431937,-6.37
430,431.0,CHEMBL3431729,c1ccc(OCC(N2CCCC[C@@]2C(N4CCc3cccc(Cl)c3C4)=O)=O)cc1,CHEMBL3431937,-5.72
431,432.0,CHEMBL3431731,COc1cccc2c1CCN(C([C@]3CCCCN3C(COc4ccccc4)=O)=O)C2,CHEMBL3431937,-5.26
432,433.0,CHEMBL3431732,c1ccc(OCC(N2CCCC[C@@]2C(N4CCc3ccc(S(=O)(N)=O)cc3C4)=O)=O)cc1,CHEMBL3431937,-5.35
433,434.0,CHEMBL3431734,C[N@@H+]1CCN(c2cc3c(CN(C([C@]4CCCCN4C(COc5ccccc5)=O)=O)C3)cc2Cl)CC1,CHEMBL3431937,-5.5
434,435.0,CHEMBL3431735,c1ccc(OCC(N2CCCC[C@@]2C(N4Cc3cc(N5CCOCC5)c(Cl)cc3C4)=O)=O)cc1,CHEMBL3431937,-5.23
435,436.0,CHEMBL3431736,CCOc1ccc2c(CN(C([C@]3CCCCN3C(COc4ccccc4)=O)=O)C2)c1,CHEMBL3431937,-5.26
436,437.0,CHEMBL3431737,c1ccc(OCC(N2CCCC[C@@]2C(N4Cc3ccc([C@@]5CCOCC5)cc3C4)=O)=O)cc1,CHEMBL3431937,-5.35
437,438.0,CHEMBL3431738,c1ccc(OCC(N2CCCC[C@@]2C(N4Cc3ccc(OC[C@]5CC5)cc3C4)=O)=O)cc1,CHEMBL3431937,-5.57
438,439.0,CHEMBL3431739,c1ccc(OCC(N2CCCC[C@@]2C(N4Cc3ccc([C@@]5CCOC5)cc3C4)=O)=O)cc1,CHEMBL3431937,-5.33
439,440.0,CHEMBL3431740,COc1ccc(Cl)cc1CN3c2cc(C(Nc4nc(CC([O-])=O)cs4)=O)ccc2COC3=O,CHEMBL3431937,-5.77
440,441.0,CHEMBL3431741,c1ccc(OCC(N2CCCC[C@@]2c3nc(c4cccc(N5C=CNC5=O)c4)on3)=O)cc1,CHEMBL3431937,-5.13
441,442.0,CHEMBL3431742,c1ccc(OCC(N2CCCC[C@@]2c3nc(C(N4CCOCC4)=O)on3)=O)cc1,CHEMBL3431937,-5.09
442,443.0,CHEMBL3431743,c1ccc(OCC(N2CCCC[C@@]2c3nc(C(N4CC[C@@](c5ccncc5)C4)=O)on3)=O)cc1,CHEMBL3431937,-5.37
443,444.0,CHEMBL3431744,Cn1ccc(c2nc([C@]3CCCCN3C(COc4ccccc4)=O)no2)n1,CHEMBL3431937,-5.03
444,445.0,CHEMBL3431745,c1ccc(OCC(N2CCCC[C@@]2c3nc(c4ccnn4)on3)=O)cc1,CHEMBL3431937,-5.23
445,446.0,CHEMBL3431746,Cc1cc(c2nc([C@]3CCCCN3C(COc4ccccc4)=O)no2)no1,CHEMBL3431937,-5.17
446,447.0,CHEMBL3431747,Cc1cc(c2nc([C@]3CCCCN3C(COc4ccccc4)=O)no2)n(C)n1,CHEMBL3431937,-5.19
447,448.0,CHEMBL3431748,Cc1cc(c2nc([C@]3CCCCN3C(COc4ccccc4)=O)no2)nn1,CHEMBL3431937,-5.22
448,449.0,CHEMBL3431749,Cc1cc(c2nc([C@]3CCCCN3C(COc4ccccc4)=O)no2)on1,CHEMBL3431937,-5.02
449,450.0,CHEMBL3431750,c1ccc(OCC(N2CCCC[C@@]2c3nc(c4cc([N+]([O-])=O)nn4)on3)=O)cc1,CHEMBL3431937,-5.16
450,451.0,CHEMBL3431751,c1ccc(OCC(N2CCCC[C@@]2c3nc(c4ccc5c(COC(N5)=O)c4)no3)=O)cc1,CHEMBL3431937,-5.45
451,452.0,CHEMBL3431752,Cc1cc(C)cc(S(=O)(N2CCc3c2cc(C(Nc4nc(CC([O-])=O)cs4)=O)cc3)=O)c1,CHEMBL3431937,-5.65
452,453.0,CHEMBL3431753,c1cc(S(=O)(N2CCc3c2cc(C(Nc4nc(CC([O-])=O)cs4)=O)cc3)=O)cc(Cl)c1,CHEMBL3431937,-5.54
453,454.0,CHEMBL3431754,COc1ccc(Cl)cc1S(=O)(N2CCOc3c2cc(C(Nc4ncc(CC([O-])=O)s4)=O)cc3)=O,CHEMBL3431937,-5.66
454,455.0,CHEMBL3431756,c1cc(CN3c2cc(C(Nc4ccc(C([O-])=O)cc4)=O)ccc2S(=O)(CC3=O)=O)cc(Cl)c1,CHEMBL3431937,-5.98
455,456.0,CHEMBL3431757,c1ccc(OCC(N2CCCC[C@@]2c3nnc(c4ccc5c(NC(NC5)=O)c4)n3)=O)cc1,CHEMBL3431937,-5.66
456,457.0,CHEMBL3431758,c1ccc(OCC(N2CCCC[C@@]2c3nc(c4cccc(N5CCCS5(=O)=O)c4)no3)=O)cc1,CHEMBL3431937,-4.61
457,458.0,CHEMBL3431759,c1ccc(OCC(N2CCCC[C@@]2c3nc(c4cccc(N5CCCC5=O)c4)no3)=O)cc1,CHEMBL3431937,-5.41
458,459.0,CHEMBL3431760,c1ccc(OCC(N2CCCC[C@@]2c3nc(c4cccc(N5CC(NC5=O)=O)c4)no3)=O)cc1,CHEMBL3431937,-5.42
459,460.0,CHEMBL3431761,c1ccc(OCC(N2CCCC[C@@]2c3nc(c4cccc(N5C=NNC5=O)c4)no3)=O)cc1,CHEMBL3431937,-5.31
460,461.0,CHEMBL3431762,c1ccc(OCc3nc2cc(F)ccc2n3[C@@]4CCN(C(COc5ccccc5)=O)CC4)cc1,CHEMBL3431937,-5.64
461,462.0,CHEMBL3431763,COc1ccc(Cl)cc1S(=O)(N2CCS(=O)(c3c2cc(C(Nc4ccc(C([O-])=O)c(F)c4)=O)cc3)=O)=O,CHEMBL3431937,-6.68
462,463.0,CHEMBL3431764,COc1ccc(Cl)cc1S(=O)(N2CCSc3c2cc(C(Nc4ccc(C([O-])=O)c(F)c4)=O)cc3)=O,CHEMBL3431937,-5.59
463,464.0,CHEMBL3431766,c1ccc(c2cn(CC(Nc4ccc(C([O-])=O)cc4)=O)c3c2cccc3)cc1,CHEMBL3431937,-5.76
464,465.0,CHEMBL3431767,COc1ccc(Cl)cc1S(=O)(N2CCS(=O)(c3c2cc(C(Nc4ccc(C([O-])=O)c(Cl)c4)=O)cc3)=O)=O,CHEMBL3431937,-7.22
465,466.0,CHEMBL3431768,CC(Nc1ccc(c2nc([C@]3CCCCN3C(C#Cc4ccccc4)=O)on2)cc1[C@](F)(F)F)=O,CHEMBL3431937,-5.82
466,467.0,CHEMBL3431769,CN(C(CCC(Nc1cc(c2nc([C@]3CCCCN3C(COc4ccccc4)=O)on2)cc(F)c1)=O)=O)C,CHEMBL3431937,-6.08
467,468.0,CHEMBL3431770,COc1ccc(Cl)cc1Cn2cc(C([O-])=O)c3c2cc(C(Nc4ccccc4)=O)cc3,CHEMBL3431937,-6.28
468,469.0,CHEMBL3431773,CN(S(=O)(c3cc(Cl)ccc3OC)=O)c1cccc(C(Nc2nc(CC([O-])=O)cs2)=O)c1,CHEMBL3431937,-5.61
469,470.0,CHEMBL3431779,COc1ccc(Cl)cc1Cn2ccc3c2cc(C(Nc4nc(CC([O-])=O)cs4)=O)cc3,CHEMBL3431937,-5.94
470,471.0,CHEMBL3431781,CCOC([C@]2CN(S(=O)(c4cc(Cl)ccc4OC)=O)c1cc(C(Nc3cccc(F)c3)=O)ccc1O2)=O,CHEMBL3431937,-5.88
471,472.0,CHEMBL3431782,Cn2c1ccc(C(Nc4ccc(C([O-])=O)cc4)=O)cc1c(S(=O)(c3cc(Cl)ccc3OC)=O)n2,CHEMBL3431937,-5.72
472,473.0,CHEMBL3431783,Cn2c(S(=O)(c4cc(Cl)ccc4OC)=O)c1cc(C(Nc3ccc(C([O-])=O)cc3)=O)ccc1n2,CHEMBL3431937,-5.65
473,474.0,CHEMBL3431784,COc1ccc(Cl)cc1S(=O)(N2C[C@](C([O-])=O)Oc3c2cc(C(Nc4ccccc4F)=O)cc3)=O,CHEMBL3431937,-6.42
474,475.0,CHEMBL3431785,COc1ccc(Cl)cc1S(=O)(N2C[C@](C([O-])=O)Oc3c2cc(C(Nc4ccc(F)cc4)=O)cc3)=O,CHEMBL3431937,-7.22
475,476.0,CHEMBL3431788,c1cc(S(=O)(N2CCS(=O)(c3c2cc(C(Nc4ccc(C([O-])=O)cc4)=O)cc3)=O)=O)cc(Cl)c1,CHEMBL3431937,-6.07
476,477.0,CHEMBL3431789,Cc1cc(C)cc(S(=O)(N2CCS(=O)(c3c2cc(C(Nc4ccc(C([O-])=O)cc4)=O)cc3)=O)=O)c1,CHEMBL3431937,-5.71
477,478.0,CHEMBL3431790,c1ccc(OCC(N2CCCC[C@@]2c3nnc(c4cccc(N5CC(NC5=O)=O)c4)n3)=O)cc1,CHEMBL3431937,-5.72
478,479.0,CHEMBL3431792,Cn2c1ccc(C(Nc4ccc(CC([O-])=O)cc4)=O)cc1c(S(=O)(c3cc(Cl)ccc3OC)=O)n2,CHEMBL3431937,-6.41
479,480.0,CHEMBL3431793,Cc1cc(C)cc(S(=O)(N2CCSc3c2cc(C(Nc4ccc(C([O-])=O)cc4)=O)cc3)=O)c1,CHEMBL3431937,-5.75
480,481.0,CHEMBL3431794,c1cc(S(=O)(N2CCSc3c2cc(C(Nc4ccc(C([O-])=O)cc4)=O)cc3)=O)cc(Cl)c1,CHEMBL3431937,-5.55
481,482.0,CHEMBL3431795,c1cc(S(=O)(N2CCS(c3c2cc(C(Nc4ccc(C([O-])=O)cc4)=O)cc3)=O)=O)cc(Cl)c1,CHEMBL3431937,-6.55
482,483.0,CHEMBL3431796,Cc1cc(C)cc(S(=O)(N2CCS(c3c2cc(C(Nc4ccc(C([O-])=O)cc4)=O)cc3)=O)=O)c1,CHEMBL3431937,-6.31
483,484.0,CHEMBL3431797,COc1ccc(Cl)cc1CN3c2cc(C(Nc5nc(CC([O-])=O)cs5)=O)ccc2[C@]4(CC4)C3=O,CHEMBL3431937,-5.99
484,485.0,CHEMBL3431798,COc1ccc(Cl)cc1S(=O)(Nc2cc(C(Nc3ccccc3)=O)ccc2CCC([O-])=O)=O,CHEMBL3431937,-5.62
485,486.0,CHEMBL3431799,c1ccc(OCC(N2CCCC[C@@]2C(N4Cc3cc(O[C@]5CCOCC5)c(F)cc3C4)=O)=O)cc1,CHEMBL3431937,-5.45
486,487.0,CHEMBL3431800,c1ccc(OCC(N2CCCC[C@@]2C(N4Cc3cc(N5CCOCC5)c(F)cc3C4)=O)=O)cc1,CHEMBL3431937,-5.08
487,488.0,CHEMBL3431802,c1ccc(OCC(N2CCCC[C@@]2C(N4Cc3ccc(O[C@@]5CCOC5)cc3C4)=O)=O)cc1,CHEMBL3431937,-4.94
488,489.0,CHEMBL3431804,c1ccc(c2csc([C@]3CCCCN3C(COc4ccccc4)=O)n2)cc1,CHEMBL3431937,-5.83
489,490.0,CHEMBL3431805,c1ccc(OCC(N2CCCC[C@@]2c3nc(c4ccc(C([O-])=O)cc4)cs3)=O)cc1,CHEMBL3431937,-5.29
490,491.0,CHEMBL3431806,c1ccc(OCC(N2CCCC[C@@]2c3nc(c4cccc(C([O-])=O)c4)cs3)=O)cc1,CHEMBL3431937,-5.3
491,492.0,CHEMBL3431807,c1ccc(OCC(N2CCCC[C@@]2c3nc(c4cccc(C([O-])=O)c4)cs3)=O)cc1,CHEMBL3431937,-5.45
492,493.0,CHEMBL3431808,c1ccc(OCC(N2CCCC[C@@]2c3nc(c4cccnc4)cs3)=O)cc1,CHEMBL3431937,-5.42
493,494.0,CHEMBL3431810,c1ccc(OCC(N2CCCC[C@@]2c3nc(c4ccncc4)cs3)=O)cc1,CHEMBL3431937,-5.42
494,495.0,CHEMBL3431811,COc1ccc(Cl)cc1CN3c2cc(C(Nc5ccc(C([O-])=O)cc5)=O)ccc2[C@]4(CC4)C3=O,CHEMBL3431937,-5.91
495,496.0,CHEMBL3431812,COc1ccc(Cl)cc1S(=O)(c2cnc3c2cc(C(Nc4ccccc4)=O)cc3)=O,CHEMBL3431937,-7.22
496,497.0,CHEMBL3431814,COc1ccc(Cl)cc1S(=O)(c2cn(CC(N)=O)c3c2cc(C(Nc4ccccc4)=O)cc3)=O,CHEMBL3431937,-6.52
497,498.0,CHEMBL3431816,COc1ccc(Cl)cc1S(=O)(c2cn(CCC([O-])=O)c3c2cc(C(Nc4ccccc4)=O)cc3)=O,CHEMBL3431937,-6.41
498,499.0,CHEMBL3431818,C[C@@](C(N(c2cc(C(Nc3nc(CC([O-])=O)cs3)=O)ccc2Cl)Cc1cc(Cl)ccc1OC)=O)C,CHEMBL3431937,-5.5
499,500.0,CHEMBL3431819,Cc1cc(C(Nc4ccc(CC([O-])=O)cc4)=O)cc2c1CCN2S(=O)(c3cc(Cl)ccc3OC)=O,CHEMBL3431937,-5.51
500,501.0,CHEMBL3431820,Cc1cc(C(Nc4nc(CC([O-])=O)cs4)=O)cc2c1CCN2S(=O)(c3cc(Cl)ccc3OC)=O,CHEMBL3431937,-5.69
501,502.0,CHEMBL3431821,COc1ccc(Cl)cc1S(=O)(N2CCCCc3c2cc(C(Nc4nc(CC([O-])=O)cs4)=O)cc3)=O,CHEMBL3431937,-5.46
502,503.0,CHEMBL3431822,Cc1ccc(OC)c(S(=O)(N2CCCc3c2cc(C(Nc4nc(CC([O-])=O)cs4)=O)cc3)=O)c1,CHEMBL3431937,-5.77
503,504.0,CHEMBL3431823,COc1ccc(Cl)cc1S(=O)(Nc2cc(C(Nc3ccccc3)=O)ccc2\C=C\C([O-])=O)=O,CHEMBL3431937,-6.0
504,505.0,CHEMBL3431824,COc1ccc(Cl)cc1S(=O)(N2COc3c2cc(C(Nc4ccn(CC([O-])=O)n4)=O)cc3)=O,CHEMBL3431937,-7.52
505,506.0,CHEMBL3431825,CN(S(=O)(c4cc(Cl)ccc4OC)=O)c1cc(C(Nc3nc(CC([O-])=O)cs3)=O)cc2c1OCO2,CHEMBL3431937,-5.61
506,507.0,CHEMBL3431826,CN(S(=O)(c4cc(Cl)ccc4OC)=O)c1cc(C(Nc3ccc(C([O-])=O)cc3)=O)cc2c1OCCO2,CHEMBL3431937,-5.6
507,508.0,CHEMBL3431827,CN(S(=O)(c4cc(Cl)ccc4OC)=O)c1cc(C(Nc3nc(CC([O-])=O)cs3)=O)cc2c1OCCO2,CHEMBL3431937,-5.89
508,509.0,CHEMBL3431829,CN(S(=O)(c4cc(Cl)ccc4OC)=O)c1cc(C(Nc3ccc(C([O-])=O)cc3)=O)cc2c1OCO2,CHEMBL3431937,-5.69
509,510.0,CHEMBL3431830,COc1ccc(Cl)cc1S(=O)(c2cn(CCCC([O-])=O)c3c2cc(C(Nc4ccccc4)=O)cc3)=O,CHEMBL3431937,-6.57
510,511.0,CHEMBL3431831,COc1ccc(Cl)cc1S(=O)(c2cn(CCO)c3c2cc(C(Nc4ccccc4)=O)cc3)=O,CHEMBL3431937,-7.22
511,512.0,CHEMBL3431832,COc1ccc(Cl)cc1S(=O)(c2cn(CCCO)c3c2cc(C(Nc4ccccc4)=O)cc3)=O,CHEMBL3431937,-7.22
512,513.0,CHEMBL3431835,COc1ccc(Cl)cc1S(=O)(N2CCc3c2cc(C(Nc4ccn(CC([O-])=O)n4)=O)cc3)=O,CHEMBL3431937,-6.64
513,514.0,CHEMBL3431837,COc1ccc(Cl)cc1S(=O)(c3c2cc(C(Nc4ccccc4)=O)ccc2n(CCC([O-])=O)n3)=O,CHEMBL3431937,-6.17
514,515.0,CHEMBL3431838,COc1ccc(Cl)cc1S(=O)(N2CCOc3c2cc(C(Nc4ccn(CC([O-])=O)n4)=O)cc3)=O,CHEMBL3431937,-7.05
515,516.0,CHEMBL3431841,Cc1cc(C)cc(S(=O)(c3c2cc(C(Nc4ccccc4)=O)ccc2n(CC([O-])=O)n3)=O)c1,CHEMBL3431937,-8.0
516,517.0,CHEMBL3431842,Cc1cc(C)cc(S(=O)(c3c2cc(C(Nc4ccccc4)=O)ccc2n(CCC([O-])=O)n3)=O)c1,CHEMBL3431937,-6.04
517,518.0,CHEMBL3431843,Cc1cc(C)cc(S(=O)(c3c2cc(C(Nc4ccc(C([O-])=O)cc4)=O)ccc2nn3)=O)c1,CHEMBL3431937,-7.52
518,519.0,CHEMBL3431844,Cc1cc(C)cc(S(=O)(c3c2cc(C(Nc4ccc(C([O-])=O)cc4)=O)ccc2n(C)n3)=O)c1,CHEMBL3431937,-6.12
519,520.0,CHEMBL3431845,COc1ccc(Cl)cc1S(=O)(N2C[C@](C([O-])=O)Cc3c2cc(C(Nc4ccccc4)=O)cc3)=O,CHEMBL3431937,-5.74
520,521.0,CHEMBL3431846,Cc1cc(c2nc([C@]3CCCCN3C(COc4ccccc4)=O)nn2)n(C)n1,CHEMBL3431937,-5.28
521,522.0,CHEMBL3431847,c1ccc(OCC(N2CCCC[C@@]2c3csc(c4cccc(C([O-])=O)c4)n3)=O)cc1,CHEMBL3431937,-5.63
522,523.0,CHEMBL3431848,CS(=O)(c1ccc(c2csc([C@]3CCCCN3C(COc4ccccc4)=O)n2)cc1)=O,CHEMBL3431937,-5.68
523,524.0,CHEMBL3431854,c1ccc(OCC(N2CCCC[C@@]2c3nc(c4ccc(C#N)cc4)cs3)=O)cc1,CHEMBL3431937,-5.71
524,525.0,CHEMBL3431856,c1ccc(OCC(N2CCCC[C@@]2c3nc(c4ccc(Cl)nc4)cs3)=O)cc1,CHEMBL3431937,-5.9
525,526.0,CHEMBL3431859,c1ccc(OCC(N2CCCC[C@@]2c3nc(c4ccc(C(N)=O)cc4)cs3)=O)cc1,CHEMBL3431937,-5.26
526,527.0,CHEMBL3431860,CC(Nc1ccc(c2nc([C@]3CCCCN3C(COc4ccccc4)=O)cs2)cc1)=O,CHEMBL3431937,-5.91
527,528.0,CHEMBL3431864,c1ccc(OCC(N2CCCC[C@@]2c3csc(c4ccc([C@](F)(F)F)nc4)n3)=O)cc1,CHEMBL3431937,-5.88
528,529.0,CHEMBL3431868,Cc1ccc(c2nc([C@]3CCCCN3C(COc4ccccc4)=O)cs2)cn1,CHEMBL3431937,-5.68
529,530.0,CHEMBL3431872,COc1ccc(c2nc([C@]3CCCCN3C(COc4ccccc4)=O)cs2)cn1,CHEMBL3431937,-6.52
530,531.0,CHEMBL3431873,c1ccc(OCC(N2CCCC[C@@]2c3csc(c4ccccn4)n3)=O)cc1,CHEMBL3431937,-5.32
531,532.0,CHEMBL3431878,Cc1c(c4cccc(C([O-])=O)c4)nc([C@]2CCCCN2C(COc3ccccc3)=O)s1,CHEMBL3431937,-5.21
532,533.0,CHEMBL3431880,CN(S(=O)(c4cc(Cl)ccc4OC)=O)c1cc(C(Nc3ncc(CC([O-])=O)s3)=O)cc2c1OCO2,CHEMBL3431937,-5.65
533,534.0,CHEMBL3431881,CN(S(=O)(c4cc(Cl)ccc4OC)=O)c1cc(C(Nc3ccn(CC([O-])=O)n3)=O)cc2c1OCO2,CHEMBL3431937,-6.89
534,535.0,CHEMBL3431882,COc1ccc(Cl)cc1S(=O)(N2CCOc3c2cc(C(Nc4nc(CC([O-])=O)cs4)=O)cc3Cl)=O,CHEMBL3431937,-5.59
535,536.0,CHEMBL3431883,COc1ccc(Cl)cc1S(=O)(N2CCOc3c2cc(C(Nc4ccc(CC([O-])=O)cc4)=O)cc3Cl)=O,CHEMBL3431937,-5.49
536,537.0,CHEMBL3431884,CCN(S(=O)(c4cc(Cl)ccc4OC)=O)c1cc(C(Nc3nc(CC([O-])=O)cs3)=O)cc2c1OCO2,CHEMBL3431937,-5.47
537,538.0,CHEMBL3431886,CCN(S(=O)(c4cc(Cl)ccc4OC)=O)c1cc(C(Nc3ncc(CC([O-])=O)s3)=O)cc2c1OCO2,CHEMBL3431937,-5.49
538,539.0,CHEMBL3431888,CCCN(S(=O)(c4cc(Cl)ccc4OC)=O)c1cc(C(Nc3nc(CC([O-])=O)cs3)=O)cc2c1OCO2,CHEMBL3431937,-5.45
539,540.0,CHEMBL3431889,CCCN(S(=O)(c4cc(Cl)ccc4OC)=O)c1cc(C(Nc3ccc(CC([O-])=O)cc3)=O)cc2c1OCO2,CHEMBL3431937,-5.46
540,541.0,CHEMBL3431890,CCCN(S(=O)(c4cc(Cl)ccc4OC)=O)c1cc(C(Nc3ncc(CC([O-])=O)s3)=O)cc2c1OCO2,CHEMBL3431937,-5.45
541,542.0,CHEMBL3431895,COc1ccc(Cl)cc1S(=O)(N2COc3c2cc(C(Nc4ccc(C([O-])=O)cc4)=O)cc3F)=O,CHEMBL3431937,-5.66
542,543.0,CHEMBL3431896,COc1ccc(Cl)cc1S(=O)(N2COc3c2cc(C(Nc4ccc(C([O-])=O)c(F)c4)=O)cc3F)=O,CHEMBL3431937,-5.73
543,544.0,CHEMBL3431897,COc1ccc(Cl)cc1S(=O)(N2COc3c2cc(C(Nc4ccc(C([O-])=O)c(Cl)c4)=O)cc3F)=O,CHEMBL3431937,-5.75
544,545.0,CHEMBL3431898,C[C@]1CN(S(=O)(c4cc(Cl)ccc4OC)=O)c2c1ccc(C(Nc3ccc(C([O-])=O)c(F)c3)=O)c2,CHEMBL3431937,-5.7
545,546.0,CHEMBL3431899,C[C@]1CN(S(=O)(c4cc(Cl)ccc4OC)=O)c2c1ccc(C(Nc3ccc(C([O-])=O)c(Cl)c3)=O)c2,CHEMBL3431937,-5.75
546,547.0,CHEMBL3431900,C[C@]1CN(S(=O)(c4cc(Cl)ccc4OC)=O)c2c1ccc(C(Nc3ccc(C([O-])=O)cc3)=O)c2,CHEMBL3431937,-5.62
547,548.0,CHEMBL3431901,c1ccc(OCC(N2CCCC[C@@]2c3nc(c4cccc(OCC([O-])=O)c4)no3)=O)cc1,CHEMBL3431937,-6.43
548,549.0,CHEMBL3431902,c1ccc(OCC(N2CCCC[C@@]2c3nc(c4cccc(OCC(N)=O)c4)no3)=O)cc1,CHEMBL3431937,-5.6
549,550.0,CHEMBL3431903,COc1ccc(Cl)cc1S(=O)(N2CCOc3c2cc(C(Nc4ccc(C([O-])=O)cc4)=O)cc3F)=O,CHEMBL3431937,-5.61
550,551.0,CHEMBL3431904,c1ccc(OCC(N2CCCC[C@@]2c3nc(c4ccc(C#N)cc4)on3)=O)cc1,CHEMBL3431937,-5.26
551,552.0,CHEMBL3431905,c1ccc(OCC(N2CCCC[C@@]2c3nc(c4cccc(C#N)c4)on3)=O)cc1,CHEMBL3431937,-5.42
552,553.0,CHEMBL3431906,c1ccc(OCC(N2CCCC[C@@]2c3nc(c4cc(N)cnc4)on3)=O)cc1,CHEMBL3431937,-5.3
553,554.0,CHEMBL3431907,COc1ccc(Cl)cc1Sc2cnc3c2cc(C(Nc4ccc(C([O-])=O)cc4)=O)cc3,CHEMBL3431937,-6.75
554,555.0,CHEMBL3431908,Cn1cc(Sc4cc(Cl)ccc4OC)c2c1ccc(C(Nc3ccc(C([O-])=O)cc3)=O)c2,CHEMBL3431937,-6.28
555,556.0,CHEMBL3431909,Cn1cc(S(=O)(c4cc(Cl)ccc4OC)=O)c2c1ccc(C(Nc3ccc(C([O-])=O)cc3)=O)c2,CHEMBL3431937,-6.33
556,557.0,CHEMBL3431910,CC1NC(C(c2nc([C@]3CCCCN3C(COc4ccccc4)=O)on2)=CN1)=O,CHEMBL3431937,-5.52
557,558.0,CHEMBL3431911,c1ccc(OCC(N3C[C@@]2C[C@@]2[C@@]3c4nc(c5ccc(S(=O)(N)=O)cc5)no4)=O)cc1,CHEMBL3431937,-5.29
558,559.0,CHEMBL3431912,COc1ccc(Cl)cc1S(=O)(N2CCOc3c2cc(C(Nc4ccc(C([O-])=O)c(F)c4)=O)cc3F)=O,CHEMBL3431937,-5.78
559,560.0,CHEMBL3431913,COc1ccc(Cl)cc1S(=O)(N2CCOc3c2cc(C(Nc4ccc(C([O-])=O)c(Cl)c4)=O)cc3F)=O,CHEMBL3431937,-5.84
560,561.0,CHEMBL3431914,COc1ccc(Cl)cc1S(=O)(N2CCOc3c2cc(C(Nc4ccc(C([O-])=O)cc4)=O)cc3Cl)=O,CHEMBL3431937,-5.66
561,562.0,CHEMBL3431915,Cc1cc(C(Nc4ccc(C([O-])=O)cc4)=O)cc2c1OCCN2S(=O)(c3cc(Cl)ccc3OC)=O,CHEMBL3431937,-5.78
562,563.0,CHEMBL3431916,Cc1cc(C(Nc4ccc(C([O-])=O)cc4)=O)cc2c1OCN2S(=O)(c3cc(Cl)ccc3OC)=O,CHEMBL3431937,-5.73
563,564.0,CHEMBL3431917,COc1ccc(Cl)cc1S(=O)(N2COc3c2cc(C(Nc4ccc(C([O-])=O)cc4)=O)cc3Cl)=O,CHEMBL3431937,-5.41
564,565.0,CHEMBL3431918,COc1ccc(Cl)cc1S(=O)(N2CCOc3c2cc(C(Nc4ccc(C([O-])=O)cc4)=O)cc3[C@](F)(F)F)=O,CHEMBL3431937,-5.58
565,566.0,CHEMBL3431920,C[C@@](N(S(=O)(c4cc(Cl)ccc4OC)=O)c1cc(C(Nc3ncc(CC([O-])=O)s3)=O)cc2c1OCO2)C,CHEMBL3431937,-5.45
566,567.0,CHEMBL3431922,COCCN(S(=O)(c4cc(Cl)ccc4OC)=O)c1cc(C(Nc3nc(CC([O-])=O)cs3)=O)cc2c1OCO2,CHEMBL3431937,-5.94
567,568.0,CHEMBL3431926,COc1ccc(Cl)cc1S(=O)(N2CCOc3c2cc(C(Nc4ncc(CC([O-])=O)s4)=O)cc3Cl)=O,CHEMBL3431937,-5.51
568,569.0,CHEMBL3431927,COc1ccc(Cl)cc1S(=O)(N2CCOc3c2cc(C(Nc4ccn(CC([O-])=O)n4)=O)cc3Cl)=O,CHEMBL3431937,-7.52
569,570.0,CHEMBL595,N1C(=O)S[C@@](Cc3ccc(OCCc2ncc(CC)cc2)cc3)C1=O,CHEMBL3431937,-5.13
570,571.0,CHEMBL108877,c1(O)ccccc1Cl,CHEMBL905613,-4.47
571,572.0,CHEMBL11,N1(CCC[N@H+](C)C)c2c(cccc2)CCc3c1cccc3,CHEMBL905613,-4.54
572,573.0,CHEMBL110739,C1CC(=O)C=C2CC[C@@]3[C@]([C@@](O)C[C@@]4(C)[C@]3CC[C@@]4C(=O)CO)[C@@]12C,CHEMBL905613,-4.67
573,574.0,CHEMBL112,C(=O)(C)Nc1ccc(O)cc1,CHEMBL905613,-5.91
574,575.0,CHEMBL113,c12c(n(C)cn2)C(=O)N(C)C(=O)N1C,CHEMBL905613,-5.21
575,576.0,CHEMBL1143,c1(Cl)cc(Cl)ccc1O,CHEMBL905613,-4.58
576,577.0,CHEMBL13,O(C[C@](C[NH2+][C@@](C)C)O)c1ccc(CCOC)cc1,CHEMBL905613,-5.01
577,578.0,CHEMBL130,[N+]([O-])(=O)c1ccc(cc1)[C@@](O)[C@@](CO)NC(=O)[C@@](Cl)Cl,CHEMBL905613,-5.35
578,579.0,CHEMBL131,C1C(=O)C=C2[C@]([C@@]4[C@]([C@]3[C@]([C@](C(CO)=O)(O)CC3)(C)C[C@@]4O)CC2)(C)C=1,CHEMBL905613,-5.49
579,580.0,CHEMBL134,C1(=NCCN1)Nc2c(cccc2Cl)Cl,CHEMBL905613,-4.97
580,581.0,CHEMBL13888,[N+]([O-])(=O)c1cc(ccc1)O,CHEMBL905613,-4.56
581,582.0,CHEMBL14060,Oc1ccccc1,CHEMBL905613,-4.16
582,583.0,CHEMBL14068,[N+]([O-])(=O)c1cc(ccc1)N,CHEMBL905613,-4.35
583,584.0,CHEMBL14092,c1(ccccc1)c2ccccc2,CHEMBL905613,-5.39
584,585.0,CHEMBL14205,Oc1c(cccc1)[N+](=O)[O-],CHEMBL905613,-4.05
585,586.0,CHEMBL14282,Nc1ccc(cc1)[N+](=O)[O-],CHEMBL905613,-4.43
586,587.0,CHEMBL15063,n1c(nc(N[C@@](C)C)nc1NCC)Cl,CHEMBL905613,-4.4
587,588.0,CHEMBL154,c1([C@](C)C(=O)[O-])cc2c(cc1)cc(OC)cc2,CHEMBL905613,-5.29
588,589.0,CHEMBL15844,n1ccc2ccccc12,CHEMBL905612,-4.5
589,590.0,CHEMBL15888,Clc1ccc(cc1)N,CHEMBL905613,-4.12
590,591.0,CHEMBL16,N1C(=O)[C@](c2ccccc2)(c3ccccc3)NC=1O,CHEMBL905613,-4.58
591,592.0,CHEMBL1790041,[N+]([O-])(=O)\C=C(\NCCSCc1oc(C[N@H+](C)C)cc1)/NC,CHEMBL905613,-5.87
592,593.0,CHEMBL189558,O=C1[C@@](NC(=O)[C@](Cc3ccc(cc3)O)N1)Cc2ccc(cc2)O,CHEMBL905612,-6.17
593,594.0,CHEMBL190,N1(C)c2c(ncn2)C(=O)N(C)C1=O,CHEMBL905613,-5.4
594,595.0,CHEMBL191011,N1C(=O)[C@](Cc3cnc5c3cccc5)NC(=O)[C@@]1Cc2cnc4c2cccc4,CHEMBL905612,-5.04
595,596.0,CHEMBL207225,C([O-])(CCc1cnc2c1cccc2)=O,CHEMBL905612,-5.68
596,597.0,CHEMBL22,n1c(N)c(cnc1N)Cc2cc(OC)c(OC)c(OC)c2,CHEMBL905613,-5.46
597,598.0,CHEMBL226544,[C@]1(Cc2cnc3c2cccc3)C(NCC(N1)=O)=O,CHEMBL905612,-6.02
598,599.0,CHEMBL226545,c2ccc1c(c(CCO)cn1)c2,CHEMBL905612,-4.72
599,600.0,CHEMBL226650,c1cccc([C@@](CC)C)c1OC(NC)=O,CHEMBL905613,-4.57
600,601.0,CHEMBL226651,COC1=NN(CSP(OC)(OC)=S)C(S1)=O,CHEMBL905613,-4.76
601,602.0,CHEMBL226967,COP2(OCc1ccccc1O2)=S,CHEMBL905613,-4.8
602,603.0,CHEMBL226968,CCc1ccc(C(NN([C@](C)(C)C)C(c2cc(C)cc(C)c2)=O)=O)cc1,CHEMBL905612,-4.8
603,604.0,CHEMBL226969,C[C@](C)(N(NC(c2ccc(Cl)cc2)=O)C(c1ccccc1)=O)C,CHEMBL905612,-4.76
604,605.0,CHEMBL227020,Cc1cc(C)cc(C(N(NC(c2c(C)c3c(OCCC3)cc2)=O)[C@](C)(C)C)=O)c1,CHEMBL905612,-4.78
605,606.0,CHEMBL227122,c4cccc1c4nc(C[C@@](C([O-])=O)NC(=O)OC[C@]2c3c(c5c2cccc5)cccc3)c1,CHEMBL905612,-4.89
606,607.0,CHEMBL227123,[NH3+][C@@](Cc2cnc1c2cccc1)C(N)=O,CHEMBL905612,-5.56
607,608.0,CHEMBL227124,[NH3+]CC(=O)N[C@@](Cc1cnc2c1cccc2)C(N)=O,CHEMBL905612,-6.38
608,609.0,CHEMBL227173,[NH3+][C@@](Cc1cnc2c1cccc2)C(=O)N[C@@](C)C(=O)N[C@@]([C@@](C)C)C(N)=O,CHEMBL905612,-6.62
609,610.0,CHEMBL227174,N(C(C)=O)[C@@](Cc1cnc2c1cccc2)C(N[C@@]([C@@](C)C)C(N)=O)=O,CHEMBL905612,-6.18
610,611.0,CHEMBL227181,c1(C)ccc(CC)cn1,CHEMBL905613,-5.33
611,612.0,CHEMBL227265,c1cccc2c1nc(C[C@@](C([O-])=O)NC(=O)O[C@](C)(C)C)c2,CHEMBL905612,-5.77
612,613.0,CHEMBL227338,N(C(C)=O)[C@](Cc1cnc2c1cccc2)C(=O)N[C@@]([C@@](C)C)C(N)=O,CHEMBL905612,-6.14
613,614.0,CHEMBL227339,N(C(C)=O)[C@@](Cc1ccc(O)cc1)C(N[C@@](C[C@@](C)C)C(N)=O)=O,CHEMBL905612,-6.54
614,615.0,CHEMBL23,[C@]1(OC(C)=O)C(=O)N(CC[N@@H+](C)C)c3c(cccc3)S[C@]1c2ccc(OC)cc2,CHEMBL905613,-5.62
615,616.0,CHEMBL23832,c1cccc(Nc2ccccc2C(=O)[O-])c1,CHEMBL905613,-4.78
616,617.0,CHEMBL266195,O(C[C@@](O)C[NH2+][C@@](C)C)c1c(cccc1)CC=C,CHEMBL905613,-4.7
617,618.0,CHEMBL27,c12c(cccc1cccc2)OC[C@@](O)C[NH2+][C@@](C)C,CHEMBL905613,-4.53
618,619.0,CHEMBL274009,[N+]([O-])(=O)c1c(cccc1)N,CHEMBL905613,-4.24
619,620.0,CHEMBL277474,C1(=O)N(c2ccccc2)N(C)C(C)=C1,CHEMBL905613,-5.36
620,621.0,CHEMBL279564,c12c3c4ccc1cccc2ccc3ccc4,CHEMBL905613,-5.21
621,622.0,CHEMBL288470,C1(=O)C(N(C)C)=C(C)N(C)N1c2ccccc2,CHEMBL905613,-4.55
622,623.0,CHEMBL29878,c1(C)c(O)ccc(C)c1,CHEMBL905613,-4.27
623,624.0,CHEMBL323348,c1(C(OC)=O)c(C(OC)=O)cccc1,CHEMBL905613,-4.18
624,625.0,CHEMBL325415,c1c(cccc1Cl)N,CHEMBL905613,-4.15
625,626.0,CHEMBL35,NS(=O)(c1c(cc(c(C(=O)[O-])c1)NCc2ccco2)Cl)=O,CHEMBL905613,-6.4
626,627.0,CHEMBL354761,[N+]([O-])(=O)c1cc(Cl)ccc1Cl,CHEMBL905613,-4.77
627,628.0,CHEMBL374395,c1cccc2c1nc(C[C@@](C([O-])=O)NC(=O)OCc3ccccc3)c2,CHEMBL905612,-5.62
628,629.0,CHEMBL379099,c1cccc2c1ncc2C(N)=O,CHEMBL905612,-5.21
629,630.0,CHEMBL384467,C1=CC(=O)C=C2CC[C@@]3[C@@]([C@@](O)C[C@@]4(C)[C@]3C[C@@](C)[C@]4(O)C(=O)CO)(F)[C@@]12C,CHEMBL905613,-5.23
630,631.0,CHEMBL386630,C1CC(C=C2CC[C@@]3[C@](CC[C@@]4(C)[C@]3CC[C@@]4O)[C@@]12C)=O,CHEMBL905613,-4.59
631,632.0,CHEMBL38688,c1ccc(Nc2ccccc2)cc1,CHEMBL905613,-5.28
632,633.0,CHEMBL387527,c12ccccc1ncc2C(=O)[O-],CHEMBL905612,-6.1
633,634.0,CHEMBL387744,c1cc(C(=O)NN([C@](C)(C)C)C(=O)c2ccccc2)ccc1,CHEMBL905612,-4.78
634,635.0,CHEMBL388382,c2c(C[C@@](C(N[C@@](Cc1ccccc1)C(N)=O)=O)NC(C)=O)ccc(O)c2,CHEMBL905612,-6.92
635,636.0,CHEMBL388384,c1ccccc1CSP(O[C@@](C)C)(=O)O[C@@](C)C,CHEMBL905613,-4.44
636,637.0,CHEMBL388558,c1(C(OCC)=O)c(C(OCC)=O)cccc1,CHEMBL905613,-4.66
637,638.0,CHEMBL388559,CCN(C(SCc1ccc(Cl)cc1)=O)CC,CHEMBL905613,-4.47
638,639.0,CHEMBL388560,n1c(C)cc(OP(OCC)(=S)OCC)nc1[C@@](C)C,CHEMBL905613,-5.02
639,640.0,CHEMBL389621,C2CC(=O)C=C1CC[C@@]3[C@]([C@@](O)C[C@@]4(C)[C@]3CC[C@]4(O)C(=O)CO)[C@]12C,CHEMBL905613,-5.32
640,641.0,CHEMBL389885,c1cccc(Cl)c1N,CHEMBL905613,-4.19
641,642.0,CHEMBL390937,c2cccc1c2c(C[C@@](C(N)=O)NC(C)=O)cn1,CHEMBL905612,-5.72
642,643.0,CHEMBL390938,[NH3+][C@@](Cc2ccccc2)C(=O)N[C@@](Cc1cnc3c1cccc3)C(N)=O,CHEMBL905612,-5.22
643,644.0,CHEMBL406819,c1cc(ncc1CN2CCNC2\=N[\N+]([O-])=O)Cl,CHEMBL905613,-5.32
644,645.0,CHEMBL424,c1(c(cccc1)O)C(=O)[O-],CHEMBL905613,-5.72
645,646.0,CHEMBL429,c1(C(N)=O)cc([C@@](O)C[NH2+][C@@](C)CCc2ccccc2)ccc1O,CHEMBL905613,-5.2
646,647.0,CHEMBL435,NS(=O)(c1cc2c(NCNS2(=O)=O)cc1Cl)=O,CHEMBL905613,-6.57
647,648.0,CHEMBL46931,c1cccc(C)c1O,CHEMBL905613,-4.03
648,649.0,CHEMBL500,c12c(cccc1OC[C@@](O)C[NH2+][C@@](C)C)ncc2,CHEMBL905613,-5.49
649,650.0,CHEMBL521,C([O-])(=O)[C@@](C)c1ccc(C[C@@](C)C)cc1,CHEMBL905613,-4.49
650,651.0,CHEMBL527,S1(=O)(=O)N(C)C(C(=O)Nc3ncccc3)=C(O)c2c1cccc2,CHEMBL905613,-4.88
651,652.0,CHEMBL537,c1cc(O)ccc1O,CHEMBL905613,-5.2
652,653.0,CHEMBL538,Nc1ccccc1,CHEMBL905613,-3.92
653,654.0,CHEMBL546,O(C[C@@](O)C[NH2+][C@@](C)C)c1c(cccc1)OCC=C,CHEMBL905613,-4.9
654,655.0,CHEMBL55772,N(NC(=O)c2c(C)c(ccc2)OC)([C@](C)(C)C)C(=O)c1cc(C)cc(C)c1,CHEMBL905612,-4.72
655,656.0,CHEMBL571,C(=O)(c2ccccc2)c1cc(ccc1)[C@](C)C(=O)[O-],CHEMBL905613,-5.5
656,657.0,CHEMBL642,c1(C(C)=O)c(ccc(c1)NC(CCC)=O)OC[C@@](O)C[NH2+][C@@](C)C,CHEMBL905613,-6.15
657,658.0,CHEMBL6466,C1(=O)C=Cc2ccccc2O1,CHEMBL905613,-4.22
658,659.0,CHEMBL649,c12C[C@](O)[C@](O)Cc2cccc1OC[C@@](O)C[NH2+][C@@](C)(C)C,CHEMBL905613,-5.6
659,660.0,CHEMBL66381,c1cc(C#N)ccc1O,CHEMBL905613,-4.73
660,661.0,CHEMBL6640,c2ccc1c(ncc1CC[NH3+])c2,CHEMBL905612,-5.27
661,662.0,CHEMBL6966,O(C)c1cc(ccc1OC)[C@](CCC[N@H+](C)CCc2cc(c(cc2)OC)OC)(C#N)[C@@](C)C,CHEMBL905613,-4.41
662,663.0,CHEMBL6995,C(=O)(C)Nc1ccc(cc1)OC[C@](O)C[NH2+][C@@](C)C,CHEMBL905613,-6.13
663,664.0,CHEMBL72,N1(CCC[NH2+]C)c2c(cccc2)CCc3c1cccc3,CHEMBL905613,-4.45
664,665.0,CHEMBL82411,c12c(c(CC(=O)[O-])cn1)cccc2,CHEMBL905612,-6.4
665,666.0,CHEMBL9,c1(N3CC[NH2+]CC3)c(F)cc2c(N(CC)C=C(C(=O)[O-])C2=O)c1,CHEMBL905613,-6.72
666,667.0,CHEMBL9967,N1(C(=O)C[N@H+]2CC[N@H+](C)CC2)c3c(cccc3)C(=O)Nc4c1nccc4,CHEMBL905613,-6.06
667,668.0,CHEMBL108877,c1(O)ccccc1Cl,CHEMBL905613,-4.82
668,669.0,CHEMBL11,N1(CCC[N@H+](C)C)c2c(cccc2)CCc3c1cccc3,CHEMBL905613,-4.2
669,670.0,CHEMBL110739,C1CC(=O)C=C2CC[C@@]3[C@]([C@@](O)C[C@@]4(C)[C@]3CC[C@@]4C(=O)CO)[C@@]12C,CHEMBL905613,-4.47
670,671.0,CHEMBL112,C(=O)(C)Nc1ccc(O)cc1,CHEMBL905613,-5.65
671,672.0,CHEMBL113,c12c(n(C)cn2)C(=O)N(C)C(=O)N1C,CHEMBL905613,-4.8
672,673.0,CHEMBL1143,c1(Cl)cc(Cl)ccc1O,CHEMBL905613,-3.9
673,674.0,CHEMBL13,O(C[C@](C[NH2+][C@@](C)C)O)c1ccc(CCOC)cc1,CHEMBL905613,-4.84
674,675.0,CHEMBL130,[N+]([O-])(=O)c1ccc(cc1)[C@@](O)[C@@](CO)NC(=O)[C@@](Cl)Cl,CHEMBL905613,-5.24
675,676.0,CHEMBL131,C1C(=O)C=C2[C@]([C@@]4[C@]([C@]3[C@]([C@](C(CO)=O)(O)CC3)(C)C[C@@]4O)CC2)(C)C=1,CHEMBL905613,-5.52
676,677.0,CHEMBL134,C1(=NCCN1)Nc2c(cccc2Cl)Cl,CHEMBL905613,-4.94
677,678.0,CHEMBL13888,[N+]([O-])(=O)c1cc(ccc1)O,CHEMBL905613,-4.16
678,679.0,CHEMBL14060,Oc1ccccc1,CHEMBL905613,-3.83
679,680.0,CHEMBL14068,[N+]([O-])(=O)c1cc(ccc1)N,CHEMBL905613,-3.71
680,681.0,CHEMBL14092,c1(ccccc1)c2ccccc2,CHEMBL905613,-4.27
681,682.0,CHEMBL14205,Oc1c(cccc1)[N+](=O)[O-],CHEMBL905613,-3.66
682,683.0,CHEMBL14282,Nc1ccc(cc1)[N+](=O)[O-],CHEMBL905613,-3.91
683,684.0,CHEMBL15063,n1c(nc(N[C@@](C)C)nc1NCC)Cl,CHEMBL905613,-4.14
684,685.0,CHEMBL154,c1([C@](C)C(=O)[O-])cc2c(cc1)cc(OC)cc2,CHEMBL905613,-5.26
685,686.0,CHEMBL15888,Clc1ccc(cc1)N,CHEMBL905613,-3.59
686,687.0,CHEMBL16,N1C(=O)[C@](c2ccccc2)(c3ccccc3)NC=1O,CHEMBL905613,-4.93
687,688.0,CHEMBL1790041,[N+]([O-])(=O)\C=C(\NCCSCc1oc(C[N@H+](C)C)cc1)/NC,CHEMBL905613,-5.52
688,689.0,CHEMBL190,N1(C)c2c(ncn2)C(=O)N(C)C1=O,CHEMBL905613,-5.58
689,690.0,CHEMBL22,n1c(N)c(cnc1N)Cc2cc(OC)c(OC)c(OC)c2,CHEMBL905613,-5.38
690,691.0,CHEMBL226650,c1cccc([C@@](CC)C)c1OC(NC)=O,CHEMBL905613,-3.88
691,692.0,CHEMBL226651,COC1=NN(CSP(OC)(OC)=S)C(S1)=O,CHEMBL905613,-4.33
692,693.0,CHEMBL226967,COP2(OCc1ccccc1O2)=S,CHEMBL905613,-4.36
693,694.0,CHEMBL227181,c1(C)ccc(CC)cn1,CHEMBL905613,-4.89
694,695.0,CHEMBL23,[C@]1(OC(C)=O)C(=O)N(CC[N@@H+](C)C)c3c(cccc3)S[C@]1c2ccc(OC)cc2,CHEMBL905613,-3.91
695,696.0,CHEMBL23832,c1cccc(Nc2ccccc2C(=O)[O-])c1,CHEMBL905613,-4.61
696,697.0,CHEMBL266195,O(C[C@@](O)C[NH2+][C@@](C)C)c1c(cccc1)CC=C,CHEMBL905613,-4.21
697,698.0,CHEMBL27,c12c(cccc1cccc2)OC[C@@](O)C[NH2+][C@@](C)C,CHEMBL905613,-4.42
698,699.0,CHEMBL274009,[N+]([O-])(=O)c1c(cccc1)N,CHEMBL905613,-3.64
699,700.0,CHEMBL277474,C1(=O)N(c2ccccc2)N(C)C(C)=C1,CHEMBL905613,-5.0
700,701.0,CHEMBL279564,c12c3c4ccc1cccc2ccc3ccc4,CHEMBL905613,-4.32
701,702.0,CHEMBL288470,C1(=O)C(N(C)C)=C(C)N(C)N1c2ccccc2,CHEMBL905613,-4.14
702,703.0,CHEMBL29878,c1(C)c(O)ccc(C)c1,CHEMBL905613,-3.58
703,704.0,CHEMBL323348,c1(C(OC)=O)c(C(OC)=O)cccc1,CHEMBL905613,-3.8
704,705.0,CHEMBL325415,c1c(cccc1Cl)N,CHEMBL905613,-3.58
705,706.0,CHEMBL35,NS(=O)(c1c(cc(c(C(=O)[O-])c1)NCc2ccco2)Cl)=O,CHEMBL905613,-6.24
706,707.0,CHEMBL354761,[N+]([O-])(=O)c1cc(Cl)ccc1Cl,CHEMBL905613,-4.09
707,708.0,CHEMBL384467,C1=CC(=O)C=C2CC[C@@]3[C@@]([C@@](O)C[C@@]4(C)[C@]3C[C@@](C)[C@]4(O)C(=O)CO)(F)[C@@]12C,CHEMBL905613,-4.95
708,709.0,CHEMBL386630,C1CC(C=C2CC[C@@]3[C@](CC[C@@]4(C)[C@]3CC[C@@]4O)[C@@]12C)=O,CHEMBL905613,-3.87
709,710.0,CHEMBL38688,c1ccc(Nc2ccccc2)cc1,CHEMBL905613,-4.82
710,711.0,CHEMBL388384,c1ccccc1CSP(O[C@@](C)C)(=O)O[C@@](C)C,CHEMBL905613,-3.44
711,712.0,CHEMBL388558,c1(C(OCC)=O)c(C(OCC)=O)cccc1,CHEMBL905613,-4.33
712,713.0,CHEMBL388559,CCN(C(SCc1ccc(Cl)cc1)=O)CC,CHEMBL905613,-4.03
713,714.0,CHEMBL388560,n1c(C)cc(OP(OCC)(=S)OCC)nc1[C@@](C)C,CHEMBL905613,-4.51
714,715.0,CHEMBL389621,C2CC(=O)C=C1CC[C@@]3[C@]([C@@](O)C[C@@]4(C)[C@]3CC[C@]4(O)C(=O)CO)[C@]12C,CHEMBL905613,-5.07
715,716.0,CHEMBL389885,c1cccc(Cl)c1N,CHEMBL905613,-3.61
716,717.0,CHEMBL406819,c1cc(ncc1CN2CCNC2\=N[\N+]([O-])=O)Cl,CHEMBL905613,-5.28
717,718.0,CHEMBL424,c1(c(cccc1)O)C(=O)[O-],CHEMBL905613,-5.31
718,719.0,CHEMBL429,c1(C(N)=O)cc([C@@](O)C[NH2+][C@@](C)CCc2ccccc2)ccc1O,CHEMBL905613,-5.25
719,720.0,CHEMBL435,NS(=O)(c1cc2c(NCNS2(=O)=O)cc1Cl)=O,CHEMBL905613,-6.54
720,721.0,CHEMBL46931,c1cccc(C)c1O,CHEMBL905613,-3.53
721,722.0,CHEMBL500,c12c(cccc1OC[C@@](O)C[NH2+][C@@](C)C)ncc2,CHEMBL905613,-5.85
722,723.0,CHEMBL521,C([O-])(=O)[C@@](C)c1ccc(C[C@@](C)C)cc1,CHEMBL905613,-4.14
723,724.0,CHEMBL527,S1(=O)(=O)N(C)C(C(=O)Nc3ncccc3)=C(O)c2c1cccc2,CHEMBL905613,-4.72
724,725.0,CHEMBL537,c1cc(O)ccc1O,CHEMBL905613,-5.34
725,726.0,CHEMBL538,Nc1ccccc1,CHEMBL905613,-3.52
726,727.0,CHEMBL546,O(C[C@@](O)C[NH2+][C@@](C)C)c1c(cccc1)OCC=C,CHEMBL905613,-5.03
727,728.0,CHEMBL571,C(=O)(c2ccccc2)c1cc(ccc1)[C@](C)C(=O)[O-],CHEMBL905613,-5.4
728,729.0,CHEMBL642,c1(C(C)=O)c(ccc(c1)NC(CCC)=O)OC[C@@](O)C[NH2+][C@@](C)C,CHEMBL905613,-5.58
729,730.0,CHEMBL6466,C1(=O)C=Cc2ccccc2O1,CHEMBL905613,-3.56
730,731.0,CHEMBL649,c12C[C@](O)[C@](O)Cc2cccc1OC[C@@](O)C[NH2+][C@@](C)(C)C,CHEMBL905613,-4.49
731,732.0,CHEMBL66381,c1cc(C#N)ccc1O,CHEMBL905613,-4.65
732,733.0,CHEMBL6966,O(C)c1cc(ccc1OC)[C@](CCC[N@H+](C)CCc2cc(c(cc2)OC)OC)(C#N)[C@@](C)C,CHEMBL905613,-3.96
733,734.0,CHEMBL6995,C(=O)(C)Nc1ccc(cc1)OC[C@](O)C[NH2+][C@@](C)C,CHEMBL905613,-6.43
734,735.0,CHEMBL72,N1(CCC[NH2+]C)c2c(cccc2)CCc3c1cccc3,CHEMBL905613,-3.81
735,736.0,CHEMBL9,c1(N3CC[NH2+]CC3)c(F)cc2c(N(CC)C=C(C(=O)[O-])C2=O)c1,CHEMBL905613,-6.75
736,737.0,CHEMBL9967,N1(C(=O)C[N@H+]2CC[N@H+](C)CC2)c3c(cccc3)C(=O)Nc4c1nccc4,CHEMBL905613,-6.09
737,738.0,BDH_33697220,C(c2cc4c(CCC4)cc2)(=O)N1CC[C@@]3(CC1)CNC(COc5c(cccc5)CC=CC3)=O,Astellas,-4.52
738,739.0,BDH_33701281,C(N2CC[C@@]3(CC2)C(=O)NCCOc4c(cccc4)C(=O)NCC=CC3)(=O)c1ncc[n+]1,Astellas,-6.52
739,740.0,BDH_33702300,c1(cc(C[C@](C)C)no1)C(=O)N2CC[C@]3(CC2)C(=O)NCCNC(=O)c4c(cccc4)OCCCC3,Astellas,-4.64
740,741.0,LAS_51647569,n1cnn(c1)CC(N2CC[C@@]3(CC2)C(=O)N(C)CCOc4c(CCCCC3)cccc4)=O,Astellas,-4.63
741,742.0,LAS_51649260,c2cnc4c(CN(Cc3cccc(OC)c3OC)CCCCCOc1c(cccc1)O4)c2,Astellas,-4.54
742,743.0,LAS_51658240,c1cnc2c(CN(Cc4c(OC)c(OC)ccc4)CCOCCOc3c(cccc3)O2)c1,Astellas,-4.56
743,744.0,LAS_51663301,c1(C(N2CC[C@]3(C(=O)NCCOCc4c[n+](nn4)CCCC3)CC2)=O)cn(CCC)nc1,Astellas,-6.05
744,745.0,LAS_51900482,[C@@]1(N3CC[C@]2(CC3)CCCCc4c(cccc4)OCCCC(=O)N(C2)C)CCOCC1,Astellas,-4.6
745,746.0,LAS_51900724,N(C)(C)CCCNC(=O)[C@@]2NC(=O)c1ccccc1OC[C@@]([C@](C)C)NC(=O)[C@@]([C@](C)C)NC(=O)[C@](C[C@](C)C)NC(=O)CC2,Astellas,-5.84
746,747.0,LAS_51904053,N1(CCOCC1)CCCNC(=O)[C@]3NC(=O)c2c(OCCN(C)C(=O)[C@@]([C@](C)C)NC(=O)C3)cccc2,Astellas,-5.68
747,748.0,LAS_52042692,c1(OCC)ccc(CN4Cc3c[n+](CC(=O)NCCOc2ccccc2C4)nn3)cc1,Astellas,-4.55
748,749.0,LAS_52042848,[C@@]1(N4CC(=O)Nc2cc(Cl)ccc2Oc3ccccc3OCCOCC4)CCOCC1,Astellas,-4.57
749,750.0,LAS_52044571,[n+]1(CC(N3CC[C@]4(CC3)CNC(=O)COc2c(C[C@@](O)[C@](O)C4)cccc2)=O)c([C@@](C)C)ncc1,Astellas,-5.2
750,751.0,LAS_52104235,C1(=O)NCCCOc3c(cccc3)C(=O)N[C@@](C(=O)O)CCC(=O)N[C@@]1Cc2ccccc2,Astellas,-5.82
751,752.0,LAS_52105209,N1(C)CCCN(C(=O)[C@@]2NC(=O)c3c(cccc3)OCCCNC(=O)[C@](C[C@](C)C)NC(=O)CC2)CC1,Astellas,-5.69
752,753.0,LAS_52107944,C1C[C@@](CCN1Cc6ccc(cc6)F)C(=O)N5C[C@@]3CC[C@@](CCN(c4ccccc4C5)C(=O)C)N3Cc2ccncc2,Astellas,-4.59
753,754.0,LAS_52110813,O1CCN(C(O[C@@](C)(C)C)=O)CCN(CC)C(=O)c3c(nccc3)Oc2c1cccc2,Astellas,-4.59
754,755.0,LAS_52132208,C1(=O)N[C@@](Cc4ccccc4)COc3c(cccc3)C(=O)NCCCOc2c(cccc2)C(=O)N[C@@](C(O)=O)CC1,Astellas,-6.1
755,756.0,LAS_52135120,[C@]2(CNC(=O)[C@@]4NC(=O)c3c(OC[C@@]([C@](C)C)NC(=O)[C@]5(CCCC5)NC(=O)CC4)cccc3)(CCOCC2)c1cc(ccc1)F,Astellas,-4.8
756,757.0,LAS_52135200,[C@]2(CNC(=O)[C@@]4NC(=O)c3c(OC[C@@]([C@](C)C)NC(=O)[C@@]5(CCCCC5)NC(=O)CC4)cccc3)(CCOCC2)c1cc(ccc1)F,Astellas,-4.63
757,758.0,LAS_52137850,c1(OCCC)cc(c2ccc3c(CN4[C@](CCC4)C(=O)NCCOCCO3)c2)ccc1,Astellas,-4.52
758,759.0,LAS_52141146,c1cnc2c(C(NCCCN4CCOCC4)=NCCCCCCOc3c(cccc3)O2)c1,Astellas,-5.63
759,760.0,LAS_52141152,c1cnc2c(C(N4CCN(CC4)[C@@](C)C)=NCCCCCCOc3c(cccc3)O2)c1,Astellas,-4.91
760,761.0,LAS_52144084,c2(N(C)CCc4ccccc4)ccc3c(CN1[C@](C(=O)NCCOCCO3)CCC1)c2,Astellas,-4.52
761,762.0,LAS_52146431,c1(c2ccc3c(CN4C[C@](C(=O)NCCOCCO3)CCC4)c2)c(F)c(OC)ccc1,Astellas,-4.54
762,763.0,LAS_52146600,C(=O)(N1CC[C@@]3(COc2ccccc2C(=O)NCCOCCCC3)CC1)CCN(C)C,Astellas,-5.46
763,764.0,LAS_52146805,n1c(O)cc(C(N2CC[C@@]4(C(=O)NCCOc3ccccc3CCCCC4)CC2)=O)cc1,Astellas,-5.84
764,765.0,LAS_52152793,N1(CCCNC3c2c(Oc4ccccc4OCCCCCN3)nccc2)CCOCC1,Astellas,-5.78
765,766.0,LAS_52154828,C1(=O)N[C@@](CCC(=O)N[C@]3(CCCCC3)C(=O)N[C@]([C@@](C)C)COc4c1cccc4)C(NCCCc2nc(C)cs2)=O,Astellas,-4.7
766,767.0,LAS_52155805,C1(=O)N[C@](CCC(=O)N[C@@]3(CCCC3)C(=O)N[C@]([C@@](C)C)COc4c1cccc4)C(=O)NCc5cc(ccc5)CN2C(CCC2)=O,Astellas,-5.34
767,768.0,LAS_52155968,c2(Nc4cccc(OC)c4)ccc1c(CN3C[C@@](C(NCCOCCO1)=O)CCC3)c2,Astellas,-4.61
768,769.0,LAS_52159132,C(CC(N4Cc3ccccc3N(C(COC)=O)CCCN(Cc5ccc(Cl)cc5)CCC4)=O)[n+]1ncc2c1cccc2,Astellas,-4.53
769,770.0,LAS_52162509,c1(ccccc1Cl)CC(N4Cc2c(Oc3ccccc3OCCOCC4)nccc2)=O,Astellas,-4.55
770,771.0,LAS_52164169,c1(ccccc1)OCC(N2CC[C@]4(CN(C)C(COc3ccccc3C[C@@](O)[C@](O)C4)=O)CC2)=O,Astellas,-5.17
771,772.0,LAS_52166734,c2ccc1OCCCNC([C@@](Cc3ccccc3)NC([C@@](NC(C[C@@](NC(c1c2)=O)C(=O)O)=O)C[C@](C)C)=O)=O,Astellas,-5.81
772,773.0,LAS_52167560,C1(=O)N[C@@](C(NCCCc2cc(OC)c(OC)cc2)=O)CC(=O)N[C@@]([C@](C)C)C(=O)N[C@](Cc4ccccc4)C(=O)NCCCOc3c1cccc3,Astellas,-5.55
773,774.0,LAS_52167954,CCC(=O)N3CCOc4ccc(c1ccncc1)cc4Cc2cccc(C(NCC3)=O)c2,Astellas,-4.88
774,775.0,LAS_52168541,c1(ccccc1OC)CC(N3Cc2c(OCCCCCNC(=O)C3)c(OCC)ccc2)=O,Astellas,-4.62
775,776.0,LAS_52168719,c1(cc(C)ccc1)CC(N4Cc2c(Oc3ccccc3OCCCCCC4)nccc2)=O,Astellas,-4.52
776,777.0,LAS_52169928,C1(=O)N[C@](C(=O)NC[C@]4(CCOCC4)c3cc(ccc3)F)CC(=O)N[C@@]2(CCCCC2)C(=O)N[C@@](Cc6ccccc6)C(=O)NCCCOc5c1cccc5,Astellas,-4.77
777,778.0,LAS_52169970,C1(=O)N[C@](C(NCCOc2c(C)cc(C)cc2)=O)CC(=O)N[C@]3(CCCCC3)C(=O)N[C@@](Cc5ccccc5)C(=O)NCCCOc4c1cccc4,Astellas,-4.55
778,779.0,LAS_52170106,C1(=O)N[C@@](C(=O)NCc2ccc(cc2)CN4CCCC4)CC(=O)N[C@]3(CCCC3)C(=O)N[C@](Cc6ccccc6)C(=O)NCCCOc5c1cccc5,Astellas,-5.8
779,780.0,LAS_52172509,c1(OCC(N2CC[C@](O)[C@](O)COc3c(cccc3)CCCC2)=O)ccc(Cl)cc1,Astellas,-4.56
780,781.0,LAS_52172754,c1(C(N2CCCC[C@@]3(CO)CCN(CC3)Cc4c(cccc4)OCC2)=O)c(N)nccn1,Astellas,-6.22
781,782.0,LAS_52172839,c1(C(N2CCCC[C@@]3(CO)CCN(CC3)C(=O)c4c(cccc4)OCC2)=O)cccnc1,Astellas,-6.13
782,783.0,LAS_52466348,c1c(Cl)ccc(C(N4Cc2c(Oc3ccccc3OCCCCCC4)nccc2)=O)c1,Astellas,-4.54
783,784.0,LAS_52480202,C1N(C(=O)c2ccc3c(Cc4cc(ccc4)CN(C[C@@]5CC5)CCCCCO3)c2)CCOC1,Astellas,-4.6
784,785.0,LAS_52482819,c1(cnc[n+]1)C(N2CC[C@]3(CCCCOCCN(C)Cc4c(cccc4)OC3)CC2)=O,Astellas,-6.0
785,786.0,LAS_52506402,C(N(C)C)C(N3C[C@]2Oc1ccccc1C(N(CCCCCCCCO[C@@]2C3)C)=O)=O,Astellas,-4.91
786,787.0,LAS_52507024,c1(C(N3CCCCCCN(C)C(=O)c2c(O[C@]4[C@@]3CCCC4)cccc2)=O)cn(C)cn1,Astellas,-5.24
787,788.0,LAS_52511076,[C@]1(CC(N4[C@@]2CCCC[C@]2Oc3c(C(=O)N(CC)CCCCC4)cccc3)=O)CCCC1,Astellas,-4.52
788,789.0,LAS_52511151,c1(C(N4[C@@]2CCCC[C@@]2Oc3c(C(=O)N(C)CCCCC4)cccc3)=O)nn(C)c(C)c1,Astellas,-5.33
789,790.0,LAS_52514101,c1(C(N3CCCCCN(CC)C(=O)c2c(cccc2)OC[C@@]3[C@@](C)C)=O)nc(N)sc1,Astellas,-5.27
790,791.0,LAS_52515343,c1(C(N2[C@](C[C@@](C)C)COc3c(C(N(C)CCCCCC2)=O)cccc3)=O)c[n+](C)nc1,Astellas,-4.84
791,792.0,LAS_52515710,c1(cncn1)C(N4[C@@]3[C@](CCCC3)OC2=CCC=C[C@@]2C(N(C)CCCCCCC4)=O)=O,Astellas,-4.64
792,793.0,LAS_52515717,[C@@](C)(C)CC(N3[C@@]2[C@](CCCC2)OC1=CCC=C[C@@]1C(N(C)CCCCCCC3)=O)=O,Astellas,-4.52
793,794.0,AC_9A54,N6[C@](C(N[C@@]([C@@](C)(C)C)C(N[C@](C(N[C@](C(N[C@](C(N[C@](C(N[C@](Cc3ccc4c(cccc4)c3)C(N[C@](C(N[C@](C(N[C@](CCCC)C(N[C@](C6=O)CCC(N)=O)=O)=O)Cc5cc(c(F)cc5)F)=O)CCC\N=C(\N)N)=O)=O)CCCN=C(N)N)=O)CCCN=C(N)N)=O)CCCN=C(N)N)=O)[C@](C)C)=O)=O)Cc1cnc2c1cccc2,Enamine,-7.0
794,795.0,AC_9A5,N1[C@](C(N[C@@]([C@](O)C)C(N[C@](C(N[C@](C(N[C@](C(N[C@](C(N[C@](Cc4ccc5c(cccc5)c4)C(N[C@](C(N[C@](C(N[C@](CCCC)C(N[C@](C1=O)CCC(N)=O)=O)=O)Cc6ccc(F)cc6)=O)CCCNC(=N)N)=O)=O)CCCNC(=N)N)=O)CCCNC(N)=N)=O)CCCN\C(=N)\N)=O)C)=O)=O)Cc2cnc3c2cccc3,Enamine,-7.2
