No.,Compound ID,SMILES,Assay ID,LogP app,,,,,,,,,
1,CHEMBL121893,[N@H+]2(CCCCC2)CCC(=O)c1ccc(OCCCCCC)cc1,CHEMBL1034536,-2.67,,,,,,,,,
2,CHEMBL538150,C(=O)(c1cc2c(cc(OCCCCCC)cc2)cc1)CC[N@H+](C)C,CHEMBL1034536,-2.85,,,,,,,,,
3,CHEMBL539139,C(=O)(c1ccc(OCCOCC)cc1)CC[N@@H+](C)C,CHEMBL1034536,-3.8,,,,,,,,,
4,CHEMBL539393,C(=O)(c1cc(C)c(OCCCCCC)cc1)CC[N@H+](C)C,CHEMBL1034536,-2.91,,,,,,,,,
5,CHEMBL539718,C(=O)(c1c(Cl)cc(SCCCCCC)cc1)CC[N@@H+](C)C,CHEMBL1034536,-3.22,,,,,,,,,
6,CHEMBL540227,C(=O)(c1ccc(OCCCCCC)cc1)CCNc2cc(Cl)ccc2,CHEMBL1034536,-5.7,,,,,,,,,
7,CHEMBL540471,C(=O)(c2c(Cl)cc(OCCCCCC)c(Cl)c2)CC[N@@H+]1CCOCC1,CHEMBL1034536,-2.75,,,,,,,,,
8,CHEMBL541478,N1C(=O)C[N@H+](CCC(c2c(C)cc(S(=O)(CCCCCC)=O)cc2C)=O)CC1,CHEMBL1034536,-3.32,,,,,,,,,
9,CHEMBL541481,C(=O)(c2c(Cl)cc(SCCCCCC)cc2)CC[N@@H+]1CCOCC1,CHEMBL1034536,-2.69,,,,,,,,,
10,CHEMBL549482,C(=O)(c1cc(C)c(OCCCCCC)c(C)c1)CC[N@H+](C)C,CHEMBL1034536,-3.14,,,,,,,,,
11,CHEMBL549483,C(=O)(c1c(C)cc(OCCCCCC)cc1C)CC[N@H+](C)C,CHEMBL1034536,-3.19,,,,,,,,,
12,CHEMBL549557,C(=O)(c1cc(S(=O)(C)=O)c(OCCCCCC)cc1)CC[N@H+](C)C,CHEMBL1034536,-3.14,,,,,,,,,
13,CHEMBL549561,C(=O)(c1c(C)cc(S(=O)(CCCCCC)=O)cc1C)CC[N@@H+]2CCN(S(=O)(CC)=O)CC2,CHEMBL1034536,-3,,,,,,,,,
14,CHEMBL549562,C(=O)(c1c(Cl)c(Cl)c(S(=O)(CCCCCC)=O)cc1)CC[N@H+](C)C,CHEMBL1034536,-3.66,,,,,,,,,
15,CHEMBL549685,C(=O)(c1cc(Cc2ccccc2)c(OCCCCCC)cc1)CC[N@@H+](C)C,CHEMBL1034536,-3.64,,,,,,,,,
16,CHEMBL549889,C(=O)(c1c(Cl)cc(S(=O)(CCCCCC)=O)cc1Cl)CC[N@H+]2CCN(C(=O)C)CC2,CHEMBL1034536,-3.32,,,,,,,,,
17,CHEMBL550090,C(=O)(c2c(C)cc(S(=O)(CCCCCC)=O)cc2C)CC[N@@H+]1CCOCC1,CHEMBL1034536,-2.94,,,,,,,,,
18,CHEMBL550094,C2[C@](C[N@H+](C)C)C(=O)c1ccc(OCCCCCC)cc1O2,CHEMBL1034536,-3.16,,,,,,,,,
19,CHEMBL550295,N1C(=O)C[N@H+](CCC(c2c(Cl)c(Cl)c(S(=O)(CCCCCC)=O)cc2)=O)CC1,CHEMBL1034536,-2.96,,,,,,,,,
20,CHEMBL550497,C(=O)(c2c(Cl)c(Cl)c(OCCCCCC)cc2)CC[N@@H+]1CCOCC1,CHEMBL1034536,-3.03,,,,,,,,,
21,CHEMBL550752,C(=O)(c1c(Cl)cc(SCCCCCC)cc1Cl)CC[N@@H+]2CCN(C(C)=O)CC2,CHEMBL1034536,-2.98,,,,,,,,,
22,CHEMBL550758,C(=O)(c1c(Cl)cc(OCCCCCC)cc1Cl)CC[N@H+](C)C,CHEMBL1034536,-3.16,,,,,,,,,
23,CHEMBL550760,C(=O)(c1c(C)cc(SCCCCCC)cc1C)CC[N@@H+]2CCN(S(=O)(CC)=O)CC2,CHEMBL1034536,-3.8,,,,,,,,,
24,CHEMBL550761,C(=O)(c1c(Cl)cc(S(=O)(CCCCCC)=O)cc1)CC[N@@H+](C)C,CHEMBL1034536,-3.42,,,,,,,,,
25,CHEMBL550765,C(=O)(c1ccc(OCCCCCC)cc1)[C@@](C[N@@H+](C)C)[C@@](C)C,CHEMBL1034536,-2.9,,,,,,,,,
26,CHEMBL550766,C(=O)(c2ccc(OCCCCCC)cc2)[C@@](c1ccccc1)C[N@@H+](C)C,CHEMBL1034536,-3.04,,,,,,,,,
27,CHEMBL550767,C(=O)(c2c(Cl)cc(S(=O)(CCCCCC)=O)cc2)CC[N@H+]1CCOCC1,CHEMBL1034536,-3.12,,,,,,,,,
28,CHEMBL550768,C(=O)(c1c(Cl)cc(S(=O)(CCCCCC)=O)cc1)CC[N@H+]2CCN(C(C)=O)CC2,CHEMBL1034536,-3.44,,,,,,,,,
29,CHEMBL550841,C(=O)(c2ccc(OCCCCCC)cc2)CCNc1ccccc1,CHEMBL1034536,-6.7,,,,,,,,,
30,CHEMBL550845,C(=O)(c1c(Cl)cc(OCCCCCC)c(Cl)c1)CC[N@H+](C)C,CHEMBL1034536,-2.98,,,,,,,,,
31,CHEMBL550905,C(=O)(c2c(Cl)cc(OCCCCCC)cc2Cl)CC[N@H+]1CCOCC1,CHEMBL1034536,-6,,,,,,,,,
32,CHEMBL550954,C(=O)(c2c(Cl)c(Cl)c(S(=O)(CCCCCC)=O)cc2)CC[N@@H+]1CCOCC1,CHEMBL1034536,-3.25,,,,,,,,,
33,CHEMBL551046,N1(CCC(c2ccc(OCCCCCC)cc2)=O)C(=O)CCC1=O,CHEMBL1034536,-2.89,,,,,,,,,
34,CHEMBL551106,C(=O)(c1c(C)cc(OCCCCCC)cc1C)CC[N@@H+]2CCN(C(C)=O)CC2,CHEMBL1034536,-2.81,,,,,,,,,
35,CHEMBL551184,C(=O)(c1cc(OC)c(OCCCCCC)cc1)CC[N@H+](C)C,CHEMBL1034536,-3.02,,,,,,,,,
36,CHEMBL551185,C(=O)(c1c(OC)cc(OCCCCCC)cc1)CC[N@H+](C)C,CHEMBL1034536,-2.98,,,,,,,,,
37,CHEMBL551244,C(=O)(c1ccc(C[C@]2CC[N@@H+](CC)CC2)cc1)CC[N@@H+](C)C,CHEMBL1034536,-3.85,,,,,,,,,
38,CHEMBL551385,C(=O)(c2c(Cl)c(Cl)c(SCCCCCC)cc2)CC[N@@H+]1CCN(S(=O)(CC)=O)CC1,CHEMBL1034536,-4.52,,,,,,,,,
39,CHEMBL551450,C(=O)(c2ccc(OCCCCCC)cc2)CC[N@@H+]1CC[N@@H+](C)CC1,CHEMBL1034536,-2.64,,,,,,,,,
40,CHEMBL551710,C(=O)(c1cc(OCCCCCC)ccc1)CC[N@H+](C)C,CHEMBL1034536,-3.08,,,,,,,,,
41,CHEMBL551791,C(=O)(c1c(Br)cc(OCCCCCC)cc1)CC[N@@H+](C)C,CHEMBL1034536,-4.1,,,,,,,,,
42,CHEMBL551962,C(=O)(c2c(Cl)cc(OCCCCCC)cc2Cl)CC[N@H+]1[C@](C)C1,CHEMBL1034536,-6,,,,,,,,,
43,CHEMBL551975,N1C(=O)C[N@@H+](CCC(c2c(Cl)cc(SCCCCCC)cc2)=O)CC1,CHEMBL1034536,-2.87,,,,,,,,,
44,CHEMBL551976,C(=O)(c2c(Cl)cc(SCCCCCC)cc2)CC[N@@H+]1CCN(S(=O)(CC)=O)CC1,CHEMBL1034536,-3.13,,,,,,,,,
45,CHEMBL551979,C(=O)(c1cc([C@](C)(C)C)c(OCCCCCC)cc1)CC[N@@H+](C)C,CHEMBL1034536,-3.72,,,,,,,,,
46,CHEMBL552048,C(=O)(c1c(Cl)cc(OCCCCCC)c(Cl)c1)CC[N@@H+]2CCN(C(C)=O)CC2,CHEMBL1034536,-2.81,,,,,,,,,
47,CHEMBL552105,C(=O)(c1cc(SC)c(OCCCCCC)cc1)CC[N@H+](C)C,CHEMBL1034536,-2.9,,,,,,,,,
48,CHEMBL552106,C(=O)(c1c(SC)cc(OCCCCCC)cc1)CC[N@H+](C)C,CHEMBL1034536,-2.84,,,,,,,,,
49,CHEMBL552158,C(=O)(c1cc(F)c(OCCCCCC)cc1)CC[N@H+](C)C,CHEMBL1034536,-3.16,,,,,,,,,
50,CHEMBL552185,C(=O)(c1ccc(OCCCCCC)c2ccccc12)CC[N@@H+](C)C,CHEMBL1034536,-3.18,,,,,,,,,
51,CHEMBL552392,C1(=O)[C@](C[N@H+](C)C)CCc2cc(OCCCCCC)ccc12,CHEMBL1034536,-3.15,,,,,,,,,
52,CHEMBL552517,C(=O)(c2c(Cl)cc(SCCCCCC)c(Cl)c2)CC[N@H+]1[C@](C)C1,CHEMBL1034536,-3.85,,,,,,,,,
53,CHEMBL552742,C(=O)(c1c(N(C)C)cc(OCCCCCC)cc1)CC[N@H+](C)C,CHEMBL1034536,-3.77,,,,,,,,,
54,CHEMBL553190,C(=O)(c1ccc(SCCCCCC)cc1)CC[N@H+](C)C,CHEMBL1034536,-2.83,,,,,,,,,
55,CHEMBL553624,C(=O)(c2c(C)cc(OCCCCCC)cc2C)CC[N@H+]1[C@](C)C1,CHEMBL1034536,-3.03,,,,,,,,,
56,CHEMBL553652,C(=O)(c2ccc(OCCCCCC)cc2)CC[N@H+]1CCCC1,CHEMBL1034536,-2.89,,,,,,,,,
57,CHEMBL555065,C(=O)(c2c(Cl)cc(OCCCCCC)c(Cl)c2)CC[N@H+]1[C@](C)C1,CHEMBL1034536,-3.09,,,,,,,,,
58,CHEMBL555726,C(S(=O)(Nc1ccc(C(=O)CC[N@@H+](C)C)cc1)=O)CCCC,CHEMBL1034536,-4.3,,,,,,,,,
59,CHEMBL555749,C1(=O)[C@](C[N@H+](C)C)Cc2cc(OCCCCCC)ccc12,CHEMBL1034536,-3.64,,,,,,,,,
60,CHEMBL556270,C(=O)(c2c(Cl)c(Cl)c(OCCCCCC)cc2)CC[N@@H+]1CCN(S(=O)(CC)=O)CC1,CHEMBL1034536,-6,,,,,,,,,
61,CHEMBL557905,C(=O)(c1c(S(=O)(C)=O)cc(OCCCCCC)cc1)CC[N@H+](C)C,CHEMBL1034536,-3.07,,,,,,,,,
62,CHEMBL557906,C(=O)(c2c(Cl)cc(SCCCCCC)cc2Cl)CC[N@@H+]1CCOCC1,CHEMBL1034536,-5,,,,,,,,,
63,CHEMBL558106,C(=O)(c1c([C@](F)(F)F)cc(OCCCCCC)cc1)CC[N@H+](C)C,CHEMBL1034536,-3.3,,,,,,,,,
64,CHEMBL558107,C(=O)(c1cc([N+]([O-])=O)c(OCCCCCC)cc1)CC[N@@H+](C)C,CHEMBL1034536,-2.87,,,,,,,,,
65,CHEMBL558297,C(=O)(c2c(Cl)c(Cl)c(S(=O)(CCCCCC)=O)cc2)CC[N@@H+]1CCN(S(=O)(CC)=O)CC1,CHEMBL1034536,-3.42,,,,,,,,,
66,CHEMBL558298,C(=O)(c2c(Cl)cc(SCCCCCC)cc2Cl)CC[N@@H+]1CCN(S(=O)(CC)=O)CC1,CHEMBL1034536,-4.3,,,,,,,,,
67,CHEMBL558889,C(=O)(Nc1ccc(C(=O)CC[N@@H+](C)C)cc1)CCCCC,CHEMBL1034536,-3.25,,,,,,,,,
68,CHEMBL559520,C(=O)(c1c(C)cc(OCCCCCC)cc1)CC[N@H+](C)C,CHEMBL1034536,-3.13,,,,,,,,,
69,CHEMBL559521,C(=O)(c2c(Cl)c(Cl)c(SCCCCCC)cc2)CC[N@H+]1[C@](C)C1,CHEMBL1034536,-4.16,,,,,,,,,
70,CHEMBL559522,C(=O)(c2c(Cl)c(Cl)c(SCCCCCC)cc2)CC[N@@H+]1CCOCC1,CHEMBL1034536,-3.77,,,,,,,,,
71,CHEMBL559716,C(=O)(c1cc(Br)c(OCCCCCC)cc1)CC[N@@H+](C)C,CHEMBL1034536,-3.34,,,,,,,,,
72,CHEMBL559717,C(=O)(c1c(Cl)cc(SCCCCCC)c(Cl)c1)CC[N@H+](C)C,CHEMBL1034536,-3.48,,,,,,,,,
73,CHEMBL559718,N1C(=O)C[N@H+](CCC(c2c(Cl)cc(SCCCCCC)c(Cl)c2)=O)CC1,CHEMBL1034536,-3.09,,,,,,,,,
74,CHEMBL560108,N1C(=O)C[N@H+](CCC(c2c(Cl)cc(S(=O)(CCCCCC)=O)c(Cl)c2)=O)CC1,CHEMBL1034536,-3.27,,,,,,,,,
75,CHEMBL560114,C(=O)(c1c([C@@](C)C)cc(OCCCCCC)c(C)c1)CC[N@H+](C)C,CHEMBL1034536,-3.07,,,,,,,,,
76,CHEMBL560148,C(=O)(c1c(OCCCCCC)cc(C)cc1)CC[N@H+](C)C,CHEMBL1034536,-2.96,,,,,,,,,
77,CHEMBL560172,C(=O)(c1ccc(OCCCCCC)cc1)CC[N@@H+](C)C,CHEMBL1034536,-2.98,,,,,,,,,
78,CHEMBL560309,C(=O)(c2ccc(OCCCCCC)cc2)CCn1cncc1,CHEMBL1034536,-2.83,,,,,,,,,
79,CHEMBL560310,C(=O)(c1ccc(N2CC[N@H+](CCC)CC2)cc1)CC[N@@H+](C)C,CHEMBL1034536,-3.5,,,,,,,,,
80,CHEMBL560311,C(=O)(c1c(Cl)c(Cl)c(OCCCCCC)cc1)CC[N@H+](C)C,CHEMBL1034536,-3.22,,,,,,,,,
81,CHEMBL560369,C(=O)(c1c(Cl)cc(SCCCCCC)cc1)CC[N@@H+]2CCN(C(C)=O)CC2,CHEMBL1034536,-2.85,,,,,,,,,
82,CHEMBL560510,C(=O)(c1ccc(S(=O)(CCCCCC)=O)cc1)CC[N@H+](C)C,CHEMBL1034536,-3.11,,,,,,,,,
83,CHEMBL560512,C(=O)(c1cc(c2ccccc2)c(OCCCCCC)cc1)CC[N@H+](C)C,CHEMBL1034536,-3.08,,,,,,,,,
84,CHEMBL560568,C(=O)(c1c(Cl)c(Cl)c(SCCCCCC)cc1)CC[N@H+](C)C,CHEMBL1034536,-3.85,,,,,,,,,
85,CHEMBL560569,C(=O)(c1c(Cl)c(Cl)c(SCCCCCC)cc1)CC[N@@H+]2CCN(C(C)=O)CC2,CHEMBL1034536,-2.64,,,,,,,,,
86,CHEMBL560675,N(CCCC)C(Nc1ccc(C(=O)CC[N@H+](C)C)cc1)=O,CHEMBL1034536,-5,,,,,,,,,
87,CHEMBL560911,C(=O)(c1ccc(OCCCCCC)cc1)CC[N@H+](CCCC)CCCC,CHEMBL1034536,-3.25,,,,,,,,,
88,CHEMBL560972,C(=O)(c1cc([C@](F)(F)F)c(OCCCCCC)cc1)CC[N@H+](C)C,CHEMBL1034536,-3.03,,,,,,,,,
89,CHEMBL561050,C(=O)(c1cc(I)c(OCCCCCC)cc1)CC[N@H+](C)C,CHEMBL1034536,-3.27,,,,,,,,,
90,CHEMBL561051,C(=O)(c2c(Cl)cc(SCCCCCC)c(Cl)c2)CC[N@@H+]1CCN(S(=O)(CC)=O)CC1,CHEMBL1034536,-4.7,,,,,,,,,
91,CHEMBL561052,C(=O)(c1c(Cl)cc(SCCCCCC)cc1Cl)CC[N@H+](C)C,CHEMBL1034536,-3.46,,,,,,,,,
92,CHEMBL561170,C(=O)(c2c(Cl)cc(SCCCCCC)cc2Cl)CC[N@H+]1[C@](C)C1,CHEMBL1034536,-3.72,,,,,,,,,
93,CHEMBL561245,C(=O)(c2ccc(OCCCCCC)cc2)CC[N@@H+]1CCOCC1,CHEMBL1034536,-2.75,,,,,,,,,
94,CHEMBL561446,C(=O)(c1c(Cl)cc(S(=O)(CCCCCC)=O)cc1Cl)CC[N@@H+](C)C,CHEMBL1034536,-3.77,,,,,,,,,
95,CHEMBL561569,C(=O)(c1c(Cl)cc(S(=O)(CCCCCC)=O)c(Cl)c1)CC[N@@H+](C)C,CHEMBL1034536,-4.05,,,,,,,,,
96,CHEMBL561570,C(=O)(c2c(Cl)cc(S(=O)(CCCCCC)=O)c(Cl)c2)CC[N@@H+]1CCOCC1,CHEMBL1034536,-3.17,,,,,,,,,
97,CHEMBL561573,C(=O)(c2c(Cl)cc(S(=O)(CCCCCC)=O)cc2)CC[N@H+]1[C@](C)C1,CHEMBL1034536,-3.8,,,,,,,,,
98,CHEMBL561574,C(=O)(c2c(Cl)cc(S(=O)(CCCCCC)=O)cc2)CC[N@@H+]1CCN(S(=O)(CC)=O)CC1,CHEMBL1034536,-3.52,,,,,,,,,
99,CHEMBL561648,C(=O)(NCCCCCC)c1ccc(C(=O)CC[N@@H+](C)C)cc1,CHEMBL1034536,-3.11,,,,,,,,,
100,CHEMBL561649,C(=O)(c1c(C)cc(S(=O)(CCCCCC)=O)cc1C)CC[N@H+](C)C,CHEMBL1034536,-2.73,,,,,,,,,
101,CHEMBL561650,C(=O)(c2c(Cl)c(Cl)c(OCCCCCC)cc2)CC[N@H+]1[C@](C)C1,CHEMBL1034536,-3.43,,,,,,,,,
102,CHEMBL561653,C(=O)(c1ccc(c2ccc(OCCCCCC)cc2)cc1)CC[N@@H+](C)C,CHEMBL1034536,-3.82,,,,,,,,,
103,CHEMBL561850,c1c(CCCCCCC)ccc(C(=O)CC[N@H+](C)C)c1,CHEMBL1034536,-2.81,,,,,,,,,
104,CHEMBL561975,C(=O)(c1c(Cl)c(Cl)c(S(=O)(CCCCCC)=O)cc1)CC[N@@H+]2CCN(C(C)=O)CC2,CHEMBL1034536,-3.11,,,,,,,,,
105,CHEMBL562173,C(=O)(c2c(C)cc(S(=O)(CCCCCC)=O)cc2C)CC[N@H+]1[C@](C)C1,CHEMBL1034536,-2.92,,,,,,,,,
106,CHEMBL562250,C(=O)(c2ccc(OCCCCCC)cc2)CC[N@H+]1[C@](C)C1,CHEMBL1034536,-2.78,,,,,,,,,
107,CHEMBL562251,C(=O)(c2c(Cl)c(Cl)c(S(=O)(CCCCCC)=O)cc2)CC[N@H+]1[C@](C)C1,CHEMBL1034536,-3.36,,,,,,,,,
108,CHEMBL562507,C(=O)(c2c(Cl)cc(SCCCCCC)cc2)CC[N@H+]1[C@](C)C1,CHEMBL1034536,-3.3,,,,,,,,,
109,CHEMBL563032,C(=O)(c1c(C)cc(S(=O)(CCCCCC)=O)cc1C)CC[N@@H+]2CCN(C(C)=O)CC2,CHEMBL1034536,-3.33,,,,,,,,,
110,CHEMBL563154,C(=O)(c2c(Cl)cc(SCCCCCC)c(Cl)c2)CC[N@@H+]1CCOCC1,CHEMBL1034536,-2.88,,,,,,,,,
111,CHEMBL563175,C(=O)(c1c(Cl)cc(S(=O)(CCCCCC)=O)c(Cl)c1)CC[N@@H+]2CCN(C(C)=O)CC2,CHEMBL1034536,-3.17,,,,,,,,,
112,CHEMBL563181,C(=O)(c1c(Cl)cc(OCCCCCC)cc1)CC[N@@H+](C)C,CHEMBL1034536,-2.71,,,,,,,,,
113,CHEMBL563566,C(=O)(c2c(Cl)cc(S(=O)(CCCCCC)=O)c(Cl)c2)CC[N@@H+]1CCN(S(=O)(CC)=O)CC1,CHEMBL1034536,-3.14,,,,,,,,,
114,CHEMBL563804,C(=O)(c1c(Cl)cc(SCCCCCC)c(Cl)c1)CC[N@H+]2CCN(C(C)=O)CC2,CHEMBL1034536,-3,,,,,,,,,
115,CHEMBL563816,C(=O)(c1c(Cl)cc(S(=O)(CCCCCC)=O)cc1Cl)CC[N@@H+]2CCOCC2,CHEMBL1034536,-3.33,,,,,,,,,
116,CHEMBL563871,C(=O)(c2c(Cl)cc(OCCCCCC)cc2Cl)CC[N@@H+]1CCN(S(=O)(CC)=O)CC1,CHEMBL1034536,-3.07,,,,,,,,,
117,CHEMBL563943,C(=O)(c1c(Cl)cc(S(=O)(CCCCCC)=O)cc1Cl)CC[N@H+]2[C@](C)C2,CHEMBL1034536,-3.01,,,,,,,,,
118,CHEMBL564112,N1C(=O)C[N@H+](CCC(c2c(Cl)cc(S(=O)(CCCCCC)=O)cc2)=O)CC1,CHEMBL1034536,-3.62,,,,,,,,,
119,CHEMBL564464,C(=O)(c1c(Cl)cc(S(=O)(CCCCCC)=O)cc1Cl)CC[N@H+]2CC(=O)NCC2,CHEMBL1034536,-3.37,,,,,,,,,
120,CHEMBL565150,C(=O)(c1c(I)cc(OCCCCCC)cc1)CC[N@@H+](C)C,CHEMBL1034536,-3.57,,,,,,,,,
121,CHEMBL569845,N1C(=O)C[N@H+](CCC(c2c(Cl)c(Cl)c(SCCCCCC)cc2)=O)CC1,CHEMBL1034536,-2.8,,,,,,,,,
122,CHEMBL570307,C(=O)(c1ccc(OCCCCCC)cc1)[C@@](C)C[N@H+](C)C,CHEMBL1034536,-2.87,,,,,,,,,
123,CHEMBL570776,C(=O)(c2c(Cl)cc(OCCCCCC)cc2)CC[N@H+]1[C@](C)C1,CHEMBL1034536,-3.06,,,,,,,,,
124,CHEMBL571226,N1C(=O)C[N@@H+](CCC(c2c(Cl)cc(OCCCCCC)cc2Cl)=O)CC1,CHEMBL1034536,-2.86,,,,,,,,,
125,CHEMBL572341,C(=O)(c2c(Cl)cc(S(=O)(CCCCCC)=O)c(Cl)c2)CC[N@H+]1[C@](C)C1,CHEMBL1034536,-3.59,,,,,,,,,
126,CHEMBL572342,C(=O)(c2c(C)cc(SCCCCCC)cc2C)CC[N@H+]1[C@](C)C1,CHEMBL1034536,-3.11,,,,,,,,,
127,CHEMBL572348,C(=O)(c1cc(Cl)c(OCCCCCC)cc1)CC[N@H+](C)C,CHEMBL1034536,-2.99,,,,,,,,,
128,CHEMBL1294,[N@H+]12[C@](C[C@@](CC2)[C@@](C=C)C1)[C@@](O)c4c3c(ccc(OC)c3)ncc4,CHEMBL3430218,-5.48,,,,,,,,,
129,CHEMBL24,C(Cc1ccc(cc1)OC[C@](O)C[NH2+][C@@](C)C)(N)=O,CHEMBL3430218,-7.52,,,,,,,,,
130,CHEMBL3221410,N1[C@@](C[C@@](C)C)C(=O)N2[C@@](C(=O)N(C)[C@@](Cc3ccc(O)cc3)C(=O)N[C@@](C[C@@](C)C)C(=O)N(C)[C@](C[C@@](C)C)C(=O)N(C)[C@@](C[C@@](C)C)C1=O)CCC2,CHEMBL3430218,-6.24,,,,,,,,,
131,CHEMBL3342578,N3[C@@](C[C@@](C)C)C(N[C@](C[C@@](C)C)C(N[C@@](C[C@@](C)C)C(N[C@@](C[C@@](C)C)C(N1[C@](CCC1)C(N[C@@](Cc2ccc(O) cc2)C3=O)=O)=O)=O)=O)=O,CHEMBL3430218,-5.91,,,,,,,,,
132,CHEMBL3403637,[C@]2(C[C@@](C)C)C(=O)N[C@@](C[C@@](C)C)C(=O)N1[C@](C(=O)N[C@@](Cc3ccc(O)cc3)C(=O)N[C@](C[C@@](C)C)C(=O)N[C@@](C [C@@](C)C)C(=O)N2)CCC1,CHEMBL3430218,-6.23,,,,,,,,,
133,CHEMBL3425512,[C@]2(CCCC[NH3+])NC(=O)[C@](NC(=O)[C@@](NC(=O)[C@@]1CCCN1C(=O)[C@](NC(=O)[C@]([C@](O)C)NC2=O)Cc5ccccc5)Cc6ccccc6)Cc3cnc4c3cccc4,CHEMBL3430218,-7.05,,,,,,,,,
134,CHEMBL3425617,[C@]3(C[C@@](C)C)N(C)C(=O)[C@](N(C)C(=O)[C@@](NC(=O)[C@@]2CCCN2C(=O)[C@](NC(=O)[C@](C[C@@](C)C)NC3=O)C[C@@](C)C)Cc1ccc(O)cc1)C[C@@](C)C,CHEMBL3430218,-6.17,a,,,,,,,,
135,CHEMBL3425618,[C@@]3(C[C@@](C)C)N(C)C(=O)[C@](N(C)C(=O)[C@@](NC(=O)[C@@]2CCCN2C(=O)[C@@](N(C)C(=O)[C@](C[C@@](C)C)NC3=O)C[C@ @](C)C)Cc1ccc(O)cc1)C[C@@](C)C,CHEMBL3430218,-5.64,,,,,,,,,
136,CHEMBL3425619,[C@]3(C[C@@](C)C)NC(=O)[C@@](NC(=O)[C@@](NC(=O)[C@]2CCCN2C(=O)[C@](NC(=O)[C@](C[C@@](C)C)NC3=O)C[C@@](C)C)Cc1ccc(O)cc1)C[C@@](C)C,CHEMBL3430218,-6.96,,,,,,,,,
137,CHEMBL3425620,[C@]2(C[C@@](C)C)NC(=O)[C@@](NC(=O)[C@@](NC(=O)[C@]1CCCN1C(=O)[C@](NC(=O)[C@@](C[C@@](C)C)NC2=O)C[C@@](C)C)Cc3cnc4c3cccc4)C[C@@](C)C,CHEMBL3430218,-5.48,a,,,,,,,,
138,CHEMBL3425621,[C@@]2(C[C@@](C)C)NC(=O)[C@](C[C@@](C)C)NC(=O)[C@@](NC(=O)[C@@]1CCCN1C(=O)[C@@]3N(CCC3)C(=O)[C@@](C[C@@](C)C)NC2=O)Cc4cnc5c4cccc5,CHEMBL3430218,-6.72,a,,,,,,,,
139,CHEMBL3425622,[C@]2(C[C@@](C)C)NC(=O)[C@](NC(=O)[C@@](NC(=O)[C@@]1CCCN1C(=O)[C@@](NC(=O)[C@@](C[C@@](C)C)NC2=O)C[C@@](C)C)Cc3cnc4c3cccc4)C[C@@](C)C,CHEMBL3430218,-6.55,,,,,,,,,
140,CHEMBL3425623,[C@]2(C[C@@](C)C)NC(=O)[C@](NC(=O)[C@@](NC(=O)[C@@]1CCCN1C(=O)[C@](NC(=O)[C@](C[C@@](C)C)NC2=O)C[C@@](C)C)Cc3cnc4c3cccc4)C[C@@](C)C,CHEMBL3430218,-5.6,,,,,,,,,
141,CHEMBL3425624,[C@]2(C[C@@](C)C)NC(=O)[C@@](NC(=O)[C@@](NC(=O)[C@]1CCCN1C(=O)[C@@](NC(=O)[C@](C[C@@](C)C)NC2=O)C[C@@](C)C)Cc3cnc4c3cccc4)C[C@@](C)C,CHEMBL3430218,-5.78,,,,,,,,,
142,CHEMBL3425625,[C@]2(C[C@@](C)C)NC(=O)[C@@](NC(=O)[C@@](NC(=O)[C@]1CCCN1C(=O)[C@@](NC(=O)[C@]([C@](CC)C)NC2=O)[C@](CC)C)Cc3cnc4c3cccc4)[C@@](C)CC,CHEMBL3430218,-6.39,a,,,,,,,,
143,CHEMBL3425626,C2NC(=O)[C@@](NC(=O)[C@@](NC(=O)[C@]1CCCN1C(=O)[C@@](NC(=O)[C@](Cc3ccccc3)NC2=O)C[C@@](C)C)Cc4ccc(O)cc4)C,CHEMBL3430218,-8,,,,,,,,,
144,CHEMBL3425627,C2NC(=O)[C@](NC(=O)[C@@](NC(=O)[C@@]1CCCN1C(=O)[C@](NC(=O)[C@](Cc3ccccc3)NC2=O)C[C@@](C)C)Cc4ccc(O)cc4)C,CHEMBL3430218,-7.16,,,,,,,,,
145,CHEMBL3425628,C1NC(=O)[C@](NC(=O)[C@@](NC(=O)[C@@](NC(=O)[C@](NC(=O)[C@](Cc2ccccc2)NC1=O)C[C@@](C)C)C[C@@](C)C)Cc3ccc(O)cc3)C,CHEMBL3430218,-7.7,,,,,,,,,
146,CHEMBL3425629,C2NC(=O)[C@@](NC(=O)[C@@](NC(=O)[C@@]1CCCN1C(=O)[C@](NC(=O)[C@@](Cc3ccccc3)NC2=O)C[C@@](C)C)Cc4ccc(O)cc4)C,CHEMBL3430218,-8,,,,,,,,,
147,CHEMBL3425630,C2NC(=O)[C@](NC(=O)[C@@](NC(=O)[C@@]1CCCN1C(=O)[C@@](NC(=O)[C@@](Cc3ccccc3)NC2=O)C[C@@](C)C)Cc4ccc(O)cc4)C,CHEMBL3430218,-8,,,,,,,,,
148,CHEMBL3425631,C2NC(=O)[C@](NC(=O)[C@@](NC(=O)[C@@]1CCCN1C(=O)[C@@](NC(=O)[C@](Cc3ccccc3)NC2=O)C[C@@](C)C)Cc4ccc(O)cc4)C,CHEMBL3430218,-7.52,,,,,,,,,
149,CHEMBL3425632,C2N(C)C(=O)[C@@](NC(=O)[C@@](N(C)C(=O)[C@]1CCCN1C(=O)[C@@](NC(=O)[C@](Cc3ccccc3)N(C)C2=O)C[C@@](C)C)Cc4ccc(O)cc4),CHEMBL3430218,-6.46,,,,,,,,,
150,CHEMBL3425633,C2NC(=O)[C@@](NC(=O)[C@@](N(C)C(=O)[C@]1CCCN1C(=O)[C@@](N(C)C(=O)[C@](Cc3ccccc3)N(C)C2=O)C[C@@](C)C)Cc4ccc(O)cc4),CHEMBL3430218,-6.8,,,,,,,,,
151,CHEMBL3425634,C2N(C)C(=O)[C@](N(C)C(=O)[C@@](NC(=O)[C@@]1CCCN1C(=O)[C@](NC(=O)[C@](Cc3ccccc3)NC2=O)C[C@@](C)C)Cc4ccc(O)cc4)C,CHEMBL3430218,-7.16,,,,,,,,,
152,CHEMBL3425635,C1N(C)C(=O)[C@](N(C)C(=O)[C@@](NC(=O)[C@](C[C@@](C)C)N(C)C(=O)[C@](N(C)C(=O)[C@](Cc2ccccc2)NC1=O)C[C@@](C)C)Cc3ccc( O)cc3)C,CHEMBL3430218,-6.03,,,,,,,,,
153,CHEMBL3425636,C2N(C)C(=O)[C@@](N(C)C(=O)[C@@](NC(=O)[C@@]1CCCN1C(=O)[C@](NC(=O)[C@@](Cc3ccccc3)NC2=O)C[C@@](C)C)Cc4ccc(O)cc4),CHEMBL3430218,-7.52,,,,,,,,,
154,CHEMBL3425637,C2N(C)C(=O)[C@](N(C)C(=O)[C@@](NC(=O)[C@@]1CCCN1C(=O)[C@@](N(C)C(=O)[C@@](Cc3ccccc3)NC2=O)C[C@@](C)C)Cc4ccc(O)cc 4)C,CHEMBL3430218,-6.85,,,,,,,,,
155,CHEMBL3425639,C2N(C)C(=O)[C@@](N(C)C(=O)[C@@](NC(=O)[C@@]1CCCN1C(=O)[C@@](NC(=O)[C@](Cc3ccccc3)NC2=O)C[C@@](C)C)Cc4ccc(O)cc4) C[C@@](C)C,CHEMBL3430218,-7,,,,,,,,,
156,CHEMBL3425640,[C@]2(C[C@@](C)C)N(C)C(=O)[C@@](N(C)C(=O)[C@@](NC(=O)[C@@]1CCCN1C(=O)[C@@](NC(=O)[C@](Cc3ccccc3)NC2=O)C[C@@](C)C)Cc4ccc(O)cc4)C[C@@](C)C,CHEMBL3430218,-6.39,,,,,,,,,
157,CHEMBL3425642,[C@@]1(C)NC(=O)[C@](NC(=O)[C@@](NC(=O)[C@@](N(C)C(=O)[C@@](NC(=O)[C@](C)N(C)C1=O)C)C)C)C,CHEMBL3430218,-8,,,,,,,,,
158,CHEMBL3425643,[C@@]1(Cc2ccccc2)NC([C@]6N(CCC6)C(=O)[C@@](NC(=O)[C@@](NC(=O)[C@@](NC(=O)[C@](Cc3ccccc3)NC1=O)Cc4cnc5c4cccc5)[C@ @](C)C)C[C@@](C)C)=O,CHEMBL3430218,-6.43,,,,,,,,,
159,CHEMBL3425644,[C@]12CCCN2C(=O)[C@](Cc4ccc(O)cc4)NC(=O)[C@](Cc3ccccc3)NC([C@]5N(CCC5)C(=O)[C@@](NC(=O)CNC1=O)C[C@@](C)C)=O,CHEMBL3430218,-8,,,,,,,,,
160,CHEMBL3425646,[C@]1(C[C@@](C)C)C(=O)N[C@@](Cc3ccc(O)cc3)C(=O)N[C@@]([C@@](C)C)C(NCC(=O)N[C@@]([C@](O)C)C(N[C@@](Cc2ccccc2)C(N1)=O)=O)=O,CHEMBL3430218,-7.4,,,,,,,,,
161,CHEMBL3425647,[C@]1(Cc3ccccc3)C(=O)N[C@@](Cc2ccc(O)cc2)C(=O)N[C@]([C@](CC)C)C(NCC(=O)N[C@@]([C@](C)C)C(NCC(N1)=O)=O)=O,CHEMBL3430218,-8,,,,,,,,,
162,CHEMBL3425648,[C@]1(C[C@@](C)C)C(=O)N[C@@](Cc2ccc(O)cc2)C(=O)N[C@@](C)C(NCC(=O)N[C@@]([C@](O)C)C(N[C@@](Cc3ccccc3)C(N1)=O)=O)=O,CHEMBL3430218,-7.7,,,,,,,,,
163,CHEMBL3425649,[C@]1(Cc3ccccc3)C(=O)NCC(=O)N[C@@](C[C@@](C)C)C(N[C@@](C)C(=O)N[C@@](Cc2ccc(O)cc2)C(N[C@@](CC(=O)N)C(N1)=O)=O)=O,CHEMBL3430218,-8,,,,,,,,,
164,CHEMBL3425650,[C@]1(C[C@@](C)C)C(=O)N[C@@](Cc3ccc(O)cc3)C(=O)N[C@]([C@](O)C)C(NCC(=O)N[C@@]([C@](O)C)C(N[C@@](Cc2ccccc2)C(N1)=O)=O)=O,CHEMBL3430218,-7.7,,,,,,,,,
165,CHEMBL3425653,C2C(=O)N[C@@]([C@](O)C)C(N[C@@](Cc1ccccc1)C(N[C@@](C[C@@](C)C)C(=O)N[C@@](Cc3ccc(O)cc3)C(=O)N[C@@]([C@](O)C)C(N2 C)=O)=O)=O,CHEMBL3430218,-7.7,,,,,,,,,
166,CHEMBL3425654,C2C(=O)N(C)[C@]([C@](O)C)C(N[C@@](Cc1ccccc1)C(N[C@@](C[C@@](C)C)C(=O)N[C@@](Cc3ccc(O)cc3)C(=O)N[C@@]([C@](O)C)C(N2 C)=O)=O)=O,CHEMBL3430218,-8,,,,,,,,,
167,CHEMBL3427784,[C@]3(C[C@@](C)C)NC(=O)[C@](C[C@@](C)C)NC(=O)[C@@](NC(=O)[C@@]2CCCN2C(=O)[C@](NC(=O)[C@@](C[C@@](C)C)NC3=O)C[C@@](C)C)Cc1ccc(O)cc1,CHEMBL3430218,-5.79,,,,,,,,,
168,CHEMBL3427785,C[C@@](C)C[C@@]3NC(=O)[C@](C[C@@](C)C)NC(=O)[C@@](NC(=O)[C@@]2CCCN2C(=O)[C@@]4N(CCC4)C(=O)[C@@](C[C@@](C)C)NC3=O)Cc1ccc(O)cc1,CHEMBL3430218,-7.05,,,,,,,,,
169,CHEMBL3427786,[C@]3(C[C@@](C)C)NC(=O)[C@@](C[C@@](C)C)NC(=O)[C@@](NC(=O)[C@@]2CCCN2C(=O)[C@@](NC(=O)[C@@](C[C@@](C)C)NC3=O)C[C@@](C)C)Cc1ccc(O)cc1,CHEMBL3430218,-6.96,,,,,,,,,
170,CHEMBL3427787,[C@]3(C[C@@](C)C)NC(=O)[C@@](C[C@@](C)C)NC(=O)[C@@](NC(=O)[C@@]2CCCN2C(=O)[C@](NC(=O)[C@](C[C@@](C)C)NC3=O)C[C@@](C)C)Cc1ccc(O)cc1,CHEMBL3430218,-5.46,,,,,,,,,
171,CHEMBL3427788,[C@]3(C[C@@](C)C)N(C)C(=O)[C@](C[C@@](C)C)NC(=O)[C@@](NC(=O)[C@]2CCCN2C(=O)[C@@](NC(=O)[C@](C[C@@](C)C)NC3=O)C[C@@](C)C)Cc1ccc(O)cc1,CHEMBL3430218,-6.11,,,,,,,,,
172,CHEMBL3427789,[C@]3(C[C@@](C)C)NC(=O)[C@](C[C@@](C)C)NC(=O)[C@@](NC(=O)[C@]2CCCN2C(=O)[C@@](NC(=O)[C@](C[C@@](C)C)N(C)C3=O)C[C@@](C)C)Cc1ccc(O)cc1,CHEMBL3430218,-6.12,,,,,,,,,
173,CHEMBL3427790,[C@]3(C[C@@](C)C)NC(=O)[C@](C[C@@](C)C)NC(=O)[C@@](N(C)C(=O)[C@]2CCCN2C(=O)[C@@](NC(=O)[C@](C[C@@](C)C)NC3=O)C[C@@](C)C)Cc1ccc(O)cc1,CHEMBL3430218,-5.89,,,,,,,,,
174,CHEMBL3427791,[C@]3(C[C@@](C)C)N(C)C(=O)[C@@](NC(=O)[C@@](NC(=O)[C@]2CCCN2C(=O)[C@@](NC(=O)[C@](C[C@@](C)C)N(C)C3=O)C[C@@](C)C)Cc1ccc(O)cc1)C[C@@](C)C,CHEMBL3430218,-6.02,,,,,,,,,
175,CHEMBL3427792,[C@]3(C[C@@](C)C)N(C)C(=O)[C@@](NC(=O)[C@@](N(C)C(=O)[C@]2CCCN2C(=O)[C@@](NC(=O)[C@](C[C@@](C)C)NC3=O)C[C@@](C)C)Cc1ccc(O)cc1)C[C@@](C)C,CHEMBL3430218,-5.82,,,,,,,,,
176,CHEMBL3427793,[C@]3(C[C@@](C)C)NC(=O)[C@@](NC(=O)[C@@](N(C)C(=O)[C@]2CCCN2C(=O)[C@@](NC(=O)[C@](C[C@@](C)C)N(C)C3=O)C[C@@](C)C)Cc1ccc(O)cc1)C[C@@](C)C,CHEMBL3430218,-5.88,,,,,,,,,
177,CHEMBL3427794,[C@]3(C[C@@](C)C)N(C)C(=O)[C@@](NC(=O)[C@@](NC(=O)[C@@]2CCCN2C(=O)[C@](NC(=O)[C@@](C[C@@](C)C)N(C)C3=O)C[C@@] (C)C)Cc1ccc(O)cc1)C[C@@](C)C,CHEMBL3430218,-5.42,,,,,,,,,
178,CHEMBL3427795,[C@@]3(C[C@@](C)C)N(C)C(=O)[C@](C[C@@](C)C)N(C)C(=O)[C@@](NC(=O)[C@@]2CCCN2C(=O)[C@@]4N(CCC4)C(=O)[C@@](C[C@ @](C)C)NC3=O)Cc1ccc(O)cc1,CHEMBL3430218,-5.96,,,,,,,,,
179,CHEMBL3427796,[C@]3(C[C@@](C)C)N(C)C(=O)[C@](N(C)C(=O)[C@@](NC(=O)[C@@]2CCCN2C(=O)[C@@](N(C)C(=O)[C@@](C[C@@](C)C)NC3=O)C[C@ @](C)C)Cc1ccc(O)cc1)C[C@@](C)C,CHEMBL3430218,-5.73,,,,,,,,,
180,CHEMBL3427797,[C@]3(C[C@@](C)C)N(C)C(=O)[C@](N(C)C(=O)[C@@](NC(=O)[C@@]2CCCN2C(=O)[C@](N(C)C(=O)[C@](C[C@@](C)C)NC3=O)C[C@@]( C)C)Cc1ccc(O)cc1)C[C@@](C)C,CHEMBL3430218,-7,,,,,,,,,
181,CHEMBL3427798,[C@]3(C[C@@](C)C)N(C)C(=O)[C@@](N(C)C(=O)[C@@](NC(=O)[C@]2CCCN2C(=O)[C@@](N(C)C(=O)[C@](C[C@@](C)C)N(C)C3=O)C[C@@](C)C)Cc1ccc(O)cc1)C[C@@](C)C,CHEMBL3430218,-5.82,,,,,,,,,
182,CHEMBL421362,N13C(=O)[C@](Cc5ccccc5)NC(=O)[C@]([C@@](C)O)NC(=O)[C@](CCCC[NH3+])NC(=O)[C@@](Cc2cnc4c2cccc4)NC(=O)[C@](Cc6ccccc6)N C(=O)[C@@]1CCC3,CHEMBL3430218,-7.1,,,,,,,,,
183,CHEMBL121,N1C(=O)S[C@@](Cc2ccc(OCCN(C)c3ncccc3)cc2)C1=O,CHEMBL3431937,-5.12,,,,,,,,,
184,CHEMBL2216774,c1cccc(OCC(N2[C@@](c3scc(c4ncccc4)n3)CCCC2)=O)c1,CHEMBL3431937,-5.04,,,,,,,,,
185,CHEMBL2216778,c1c(C(=O)Nc3cc(F)ccc3)cc2c(O[C@@](C(=O)[O-])CN2S(=O)(=O)c4cc(Cl)ccc4OC)c1,CHEMBL3431937,-6.85,,,,,,,,,
186,CHEMBL2216779,c1c(C(=O)[O-])ccc(NC(=O)c2cc3c(CCN3S(=O)(=O)c4cc(Cl)ccc4OC)cc2)c1,CHEMBL3431937,-5.56,,,,,,,,,
187,CHEMBL3431460,c1ccc(OCC(N2CCCC[C@@]2c3nc(c4ccc5c(NC(C5)=O)c4)no3)=O)cc1,CHEMBL3431937,-5.84,,,,,,,,,
188,CHEMBL3431462,c1ccc(OCC(N2CCCC[C@@]2C(N4Cc3ccc(Cl)cc3C4)=O)=O)cc1,CHEMBL3431937,-5.3,,,,,,,,,
189,CHEMBL3431464,Cc1c(c2nc([C@]3CCCCN3C(COc4ccccc4)=O)on2)snn1,CHEMBL3431937,-5.23,,,,,,,,,
190,CHEMBL3431465,CCn1c(C)nc(Cl)c1c2nc([C@]3CCCCN3C(COc4ccccc4)=O)on2,CHEMBL3431937,-5.4,,,,,,,,,
191,CHEMBL3431466,Cn1cnc(Br)c1c2nc([C@]3CCCCN3C(COc4ccccc4)=O)on2,CHEMBL3431937,-5.25,,,,,,,,,
192,CHEMBL3431467,Cc1cc(c2nc([C@]3CCCCN3C(COc4ccccc4)=O)on2)n(C)n1,CHEMBL3431937,-5.36,,,,,,,,,
193,CHEMBL3431468,Cc1c(Cl)c(c2nc([C@]3CCCCN3C(COc4ccccc4)=O)on2)n(C)n1,CHEMBL3431937,-5.78,,,,,,,,,
194,CHEMBL3431469,Cc1cc(c2nc([C@]3CCCCN3C(COc4ccccc4)=O)on2)no1,CHEMBL3431937,-5.41,,,,,,,,,
195,CHEMBL3431470,COc1ccc(Cl)cc1S(=O)(N2COc3c2cc(C(Nc4nc(CC([O-])=O)cs4)=O)cc3)=O,CHEMBL3431937,-5.53,,,,,,,,,
196,CHEMBL3431471,COc1ccc(Cl)cc1S(=O)(N2COc3c2cc(C(Nc4ccc(CC([O-])=O)cc4)=O)cc3)=O,CHEMBL3431937,-5.52,,,,,,,,,
197,CHEMBL3431473,c1ccc(OCC(N2CCCC[C@@]2c3nc([C@@]4CCCCC4)on3)=O)cc1,CHEMBL3431937,-6.02,,,,,,,,,
198,CHEMBL3431474,CO[C@]1CC[C@@](c2nc([C@]3CCCCN3C(COc4ccccc4)=O)no2)CC1,CHEMBL3431937,-5.46,,,,,,,,,
199,CHEMBL3431476,COC([C@]1CCCC[C@@]1c2nc([C@]3CCCCN3C(COc4ccccc4)=O)no2)=O,CHEMBL3431937,-5.65,,,,,,,,,
200,CHEMBL3431477,CCn1cc(Sc4cc(Cl)ccc4OC)c2c1ccc(C(Nc3ccc(C([O-])=O)cc3)=O)c2,CHEMBL3431937,-6.15,,,,,,,,,
201,CHEMBL3431478,CCn1cc(S(=O)(c4cc(Cl)ccc4OC)=O)c2c1ccc(C(Nc3ccc(C([O-])=O)cc3)=O)c2,CHEMBL3431937,-6.17,,,,,,,,,
202,CHEMBL3431479,C[C@@]1(C)C(N(c2ccc(Cl)c(c3nc([C@]4CCCCN4C(COc5ccccc5)=O)no3)c2)C(N1)=O)=O,CHEMBL3431937,-6.31,,,,,,,,,
203,CHEMBL3431480,c1ccc(OCC(N2CCCC[C@@]2c3nc(c4c(Cl)cnc(N)n4)on3)=O)cc1,CHEMBL3431937,-5.45,,,,,,,,,
204,CHEMBL3431481,c1ccc(OCC(N2CCCC[C@@]2c3nc(c4ccc(n5cncn5)cc4)on3)=O)cc1,CHEMBL3431937,-5.65,,,,,,,,,
205,CHEMBL3431482,c1ccc(OCC(N2CCCC[C@@]2c3nc(c4ccc(n5cnnn5)cc4)on3)=O)cc1,CHEMBL3431937,-5.77,,,,,,,,,
206,CHEMBL3431483,c1ccc(OCC(N2CCCC[C@@]2c3nc(c4cccc5c4ncn5)on3)=O)cc1,CHEMBL3431937,-5.78,,,,,,,,,
207,CHEMBL3431484,CC(c1ccc(c2nc([C@]3CCCCN3C(COc4ccccc4)=O)no2)cc1)=O,CHEMBL3431937,-5.81,,,,,,,,,
208,CHEMBL3431485,c1ccc(OCC(N2CCCC[C@@]2c3nc(c5cnc4ccccc4n5)on3)=O)cc1,CHEMBL3431937,-5.38,,,,,,,,,
209,CHEMBL3431486,CS(=O)(c1cccc(c2nc([C@]3CCCCN3C(COc4ccccc4)=O)no2)c1)=O,CHEMBL3431937,-5.53,,,,,,,,,
210,CHEMBL3431487,c1ccc(OCC(N2CCCC[C@@]2c3nc(c4ccc(Cl)nc4)on3)=O)cc1,CHEMBL3431937,-5.29,,,,,,,,,
211,CHEMBL3431488,c1ccc(OCC(N2CCCC[C@@]2c3nc(c4ccc5c(scn5)c4)on3)=O)cc1,CHEMBL3431937,-5.62,,,,,,,,,
212,CHEMBL3431490,c1ccc(OCC(N2CCCC[C@@]2c3nc(c4ccc([C@](F)(F)F)nc4)on3)=O)cc1,CHEMBL3431937,-5.66,,,,,,,,,
213,CHEMBL3431491,c1ccc(OCC(N2CCCC[C@@]2c3nc(c4ccc5c(nns5)c4)on3)=O)cc1,CHEMBL3431937,-5.62,,,,,,,,,
214,CHEMBL3431492,c1ccc(OCC(N2CCCC[C@@]2c3nc(c5ccc4cccnc4n5)on3)=O)cc1,CHEMBL3431937,-5.27,,,,,,,,,
215,CHEMBL3431493,c1ccc(OCC(N2CCCC[C@@]2c3nc(c5ccc4cnccc4n5)on3)=O)cc1,CHEMBL3431937,-5.35,,,,,,,,,
216,CHEMBL3431494,c1ccc(OCC(N2CCCC[C@@]2c3nc(c4cnnc5c4cccc5)on3)=O)cc1,CHEMBL3431937,-5.44,,,,,,,,,
217,CHEMBL3431495,c1ccc(OCC(N2CCCC[C@@]2c3nc(c4ccc5c(nnn5)c4)on3)=O)cc1,CHEMBL3431937,-5.67,,,,,,,,,
218,CHEMBL3431496,c1ccc(OCC(N2CCCC[C@@]2c3nnc(c4cccc(N5C(CCC5=O)=O)c4)n3)=O)cc1,CHEMBL3431937,-5.48,,,,,,,,,
219,CHEMBL3431497,COc1ccc(Cl)cc1S(=O)(N2CCOc3c2cc(C(Nc4ccccc4)=O)cn3)=O,CHEMBL3431937,-5.36,,,,,,,,,
220,CHEMBL3431498,C[C@]1CN(S(=O)(c4cc(Cl)ccc4OC)=O)c2c1ccc(C(Nc3ccc(C([O-])=O)cc3)=O)c2,CHEMBL3431937,-5.55,,,,,,,,,
221,CHEMBL3431499,C[C@@]1CN(S(=O)(c4cc(Cl)ccc4OC)=O)c2c1ccc(C(Nc3ccc(C([O-])=O)cc3)=O)c2,CHEMBL3431937,-5.54,,,,,,,,,
222,CHEMBL3431500,c1ccc(OCC(N2CCOC[C@@]2c3nc(c4ccc5c(ncn5)c4)no3)=O)cc1,CHEMBL3431937,-5.55,,,,,,,,,
223,CHEMBL3431501,COc1ccc(Cl)cc1S(=O)(N2CCOc3c2cc(C(Nc4ccc(C([O-])=O)cc4)=O)cn3)=O,CHEMBL3431937,-6.13,,,,,,,,,
224,CHEMBL3431502,c1ccc(OCC(N2CCCC[C@@]2c3nc(c4ccc(N)nc4)no3)=O)cc1,CHEMBL3431937,-5.35,,,,,,,,,
225,CHEMBL3431503,c1ccc(OCC(N2CCCC[C@@]2c3nc(c4ccc5c(ncn5)c4)on3)=O)cc1,CHEMBL3431937,-5.52,,,,,,,,,
226,CHEMBL3431504,COc1ccc(Cl)cc1S(=O)(N2CCS(=O)(c3c2cc(C(Nc4ccc(C([O-])=O)cc4)=O)cc3)=O)=O,CHEMBL3431937,-5.72,,,,,,,,,
227,CHEMBL3431505,COc1ccc(Cl)cc1S(=O)(N2CCOc3c2cc(C(Nc4ccccc4)=O)cc3)=O,CHEMBL3431937,-5.9,,,,,,,,,
228,CHEMBL3431506,C[C@@]2(C)c1ccc(C(Nc4ccc(C([O-])=O)cc4)=O)cc1N(Cc3cc(Cl)ccc3OC)C(O2)=O,CHEMBL3431937,-5.74,,,,,,,,,
229,CHEMBL3431507,C[C@@]2(C)c1ccc(C(Nc4nc(CC([O-])=O)cs4)=O)cc1N(Cc3cc(Cl)ccc3OC)C(O2)=O,CHEMBL3431937,-5.71,,,,,,,,,
230,CHEMBL3431508,CC(Nc1cccc(n2nc([C@]3CCCCN3C(COc4ccccc4)=O)nn2)c1)=O,CHEMBL3431937,-5.46,,,,,,,,,
231,CHEMBL3431509,CC(NCc1cccc(c2nc([C@]3CCCCN3C(COc4ccccc4)=O)no2)c1)=O,CHEMBL3431937,-5.53,,,,,,,,,
232,CHEMBL3431510,CS(=O)(NCc1cccc(c2nc([C@]3CCCCN3C(COc4ccccc4)=O)no2)c1)=O,CHEMBL3431937,-5.75,,,,,,,,,
233,CHEMBL3431511,COc1ccc(Cl)cc1S(=O)(N2CCOc3c2cc(C(Nc4ccc(CC([O-])=O)cc4)=O)cc3F)=O,CHEMBL3431937,-5.55,,,,,,,,,
234,CHEMBL3431512,COc1ccc(Cl)cc1S(=O)(N2CCOc3c2cc(C(Nc4nc(CC([O-])=O)cs4)=O)cc3F)=O,CHEMBL3431937,-5.61,,,,,,,,,
235,CHEMBL3431513,COc1ccc2c(c(C(COc3ccncc3)=O)cn2)c1,CHEMBL3431937,-7.7,,,,,,,,,
236,CHEMBL3431514,c1cc(C(Nc3ccc(c4nnnn4)cc3)=O)cc(NS(=O)(c2cccc(Cl)c2)=O)c1,CHEMBL3431937,-7.56,,,,,,,,,
237,CHEMBL3431515,c1ccc(OCC(N2CCCC[C@@]2c3nc(c4ccc(C(N)=O)cc4)no3)=O)cc1,CHEMBL3431937,-5.29,,,,,,,,,
238,CHEMBL3431516,c1ccc(OCC(N2CCCC[C@@]2c3nc(c4cccc(S(=O)(N)=O)c4)no3)=O)cc1,CHEMBL3431937,-5.79,,,,,,,,,
239,CHEMBL3431517,c1ccc(OCC(N2CCCC[C@@]2c3nc(c4cccc(C([O-])=O)c4)no3)=O)cc1,CHEMBL3431937,-5.72,,,,,,,,,
240,CHEMBL3431518,c1cc(C(Nc4ccc(C([O-])=O)cc4)=O)cc(S(=O)(N2CCCc3c2cc([C@](F)(F)F)cc3)=O)c1,CHEMBL3431937,-5.44,,,,,,,,,
241,CHEMBL3431519,CCN(C(c1ccc(c2nc([C@]3CCCCN3C(COc4ccccc4)=O)on2)cc1)=O)CC,CHEMBL3431937,-5.83,,,,,,,,,
242,CHEMBL3431520,Cc1cc(C(Nc3ccc(C([O-])=O)cc3)=O)cc(S(=O)(Nc2cccc([C@](F)(F)F)c2)=O)c1C,CHEMBL3431937,-6.08,,,,,,,,,
243,CHEMBL3431521,c1cc(NC(c2ccc(Cl)c(NS(=O)(c3cc(Cl)cc(Cl)c3)=O)c2)=O)ccc1C([O-])=O,CHEMBL3431937,-5.65,,,,,,,,,
244,CHEMBL3431522,COc1ccc(Cl)cc1S(=O)(Nc2cc(C(Nc3ccc(C([O-])=O)cc3)=O)cc(OC)c2OC)=O,CHEMBL3431937,-5.8,,,,,,,,,
245,CHEMBL3431523,c1ccc(OCC(N2CCCC[C@@]2c3nc(c4ccc(Cl)cc4)no3)=O)cc1,CHEMBL3431937,-6.02,,,,,,,,,
246,CHEMBL3431524,c1ccc(OCC(N2CCCC[C@@]2c3nc(c4cccc(C(N)=O)c4)no3)=O)cc1,CHEMBL3431937,-5.59,,,,,,,,,
247,CHEMBL3431525,c1ccc(OCC(N2CCCC[C@@]2c3nc(c4ccc(S(=O)(NCCO)=O)cc4)no3)=O)cc1,CHEMBL3431937,-5.64,,,,,,,,,
248,CHEMBL3431526,c1ccc(OCC(N2CCCC[C@@]2c3nc(c4ccnc(C(N5CCOCC5)=O)c4)no3)=O)cc1,CHEMBL3431937,-5.23,,,,,,,,,
249,CHEMBL3431527,c1ccc(OCC(N2CCCC[C@@]2c3nc(c4ccc(c5cncn5)cc4)no3)=O)cc1,CHEMBL3431937,-6.58,,,,,,,,,
250,CHEMBL3431528,c1ccc(OCC(N2CCCC[C@@]2c3nnc(c4cccc(N)c4)n3)=O)cc1,CHEMBL3431937,-5.27,,,,,,,,,
251,CHEMBL3431529,CC(Nc1cccc(c2nc([C@]3CCCCN3C(COc4ccccc4)=O)nn2)c1)=O,CHEMBL3431937,-5.54,,,,,,,,,
252,CHEMBL3431530,CS(=O)(Nc1cccc(c2nc([C@]3CCCCN3C(COc4ccccc4)=O)nn2)c1)=O,CHEMBL3431937,-5.59,,,,,,,,,
253,CHEMBL3431531,c1ccc(OCC(N2CCCC[C@@]2c3nnc(c4cccc(C(N)=O)c4)n3)=O)cc1,CHEMBL3431937,-5.65,,,,,,,,,
254,CHEMBL3431532,c1cc(O[C@@](F)F)ccc1Cn3c2ccc(F)cc2c(NC(c4ccc(C([O-])=O)cc4)=O)n3,CHEMBL3431937,-5.5,,,,,,,,,
255,CHEMBL3431535,COc1ccc(Cl)cc1S(=O)(N2CCCc3c2cc(C(Nc4ccc(C([O-])=O)cc4)=O)cc3)=O,CHEMBL3431937,-5.5,,,,,,,,,
256,CHEMBL3431536,COc1ccc(Cl)cc1S(=O)(N2CCOc3c2cc(C(Nc4ccc(C([O-])=O)cc4)=O)cc3)=O,CHEMBL3431937,-5.57,,,,,,,,,
257,CHEMBL3431537,c1ccc(OCC(N2CCCC[C@@]2c3nc(c4ccc5c(NC(N5)=O)c4)no3)=O)cc1,CHEMBL3431937,-5.61,,,,,,,,,
258,CHEMBL3431538,c1cc(O[C@@](F)F)ccc1Cn3c2ccc(F)cc2c(C(Nc4ccc(c5nnnn5)cc4)=O)n3,CHEMBL3431937,-6.34,,,,,,,,,
259,CHEMBL3431539,C[N@@H+]1CCN(C(COc4ccccc4)=O)[C@@](c2nnc(c3cccc([C@](F)(F)F)c3)n2)C1,CHEMBL3431937,-5.64,,,,,,,,,
260,CHEMBL3431540,c1ccc(OCC(N2CCCC[C@@]2c3nc(c4ccc5c(CC(N5)=O)c4)no3)=O)cc1,CHEMBL3431937,-5.58,,,,,,,,,
261,CHEMBL3431541,COc1ccc(Cl)cc1S(=O)(Nc2cccc(C#Cc3ccc(C([O-])=O)cc3)c2)=O,CHEMBL3431937,-6.13,,,,,,,,,
262,CHEMBL3431542,c1ccc(OCC(N2CCCC[C@@]2c3nc(c4ccc5c(ncn5)c4)no3)=O)cc1,CHEMBL3431937,-5.55,,,,,,,,,
263,CHEMBL3431544,COc1ccc(Cl)cc1S(=O)(N2CCOc3c2cc(C(Nc4ccc(C5NC(ON5)=O)cc4)=O)cc3)=O,CHEMBL3431937,-6.03,,,,,,,,,
264,CHEMBL3431545,c1ccc(OCC(N2CCCC[C@@]2c3nnc(c4ccc5c(NC(C5)=O)c4)n3)=O)cc1,CHEMBL3431937,-5.48,,,,,,,,,
265,CHEMBL3431546,c1cc([C@](F)(F)F)cc(S(=O)(N2CCc3c2cc(C(Nc4ccc(C([O-])=O)c(F)c4)=O)cc3)=O)c1,CHEMBL3431937,-5.7,,,,,,,,,
266,CHEMBL3431548,COc1ccc(Cl)cc1S(=O)(N2CCc3c2cc(C(Nc4ccc(C([O-])=O)c(F)c4)=O)cc3)=O,CHEMBL3431937,-5.78,,,,,,,,,
267,CHEMBL3431549,COc1ccc(Cl)cc1S(=O)(N2CCc3c2cc(C(Nc4ccc(C([O-])=O)c(Cl)c4)=O)cc3)=O,CHEMBL3431937,-5.92,,,,,,,,,
268,CHEMBL3431550,c1cc3c(N(S(=O)(c4cc(Cl)cc(Cl)c4)=O)CC3)cc1C(Nc2ccc(C([O-])=O)c(Cl)c2)=O,CHEMBL3431937,-5.72,,,,,,,,,
269,CHEMBL3431551,Cc1ccc(OC)c(S(=O)(N2CCCc3c2cc(C(Nc4ccc(C([O-])=O)c(F)c4)=O)cc3)=O)c1,CHEMBL3431937,-5.79,,,,,,,,,
270,CHEMBL3431552,COc1ccc(Cl)cc1S(=O)(N2CCCc3c2cc(C(Nc4ccc(C([O-])=O)c(F)c4)=O)cc3)=O,CHEMBL3431937,-5.75,,,,,,,,,
271,CHEMBL3431553,c1cc3c(N(S(=O)(c4cc(Cl)cc(Cl)c4)=O)CCC3)cc1C(Nc2ccc(C([O-])=O)c(F)c2)=O,CHEMBL3431937,-5.32,,,,,,,,,
272,CHEMBL3431554,c1cc([C@](F)(F)F)cc(S(=O)(N2CCCc3c2cc(C(Nc4ccc(C([O-])=O)c(F)c4)=O)cc3)=O)c1,CHEMBL3431937,-5.67,,,,,,,,,
273,CHEMBL3431555,CN1C=C(C(Nc3ccc(C([O-])=O)cc3)=O)C=C(NS(=O)(c2cc(Cl)ccc2OC)=O)C1=O,CHEMBL3431937,-6.57,,,,,,,,,
274,CHEMBL3431556,c1ccc(OCC(N2CC[NH2+]C[C@@]2c3nc(c4ccc5c(ncn5)c4)no3)=O)cc1,CHEMBL3431937,-5.82,,,,,,,,,
275,CHEMBL3431557,C[N@@H+]1CCN(C(COc5ccccc5)=O)[C@@](c2nc(c3ccc4c(CC(N4)=O)c3)no2)C1,CHEMBL3431937,-5.47,,,,,,,,,
276,CHEMBL3431558,c1ccc(OCC(N2CC[NH2+]C[C@@]2c3nc(c4ccc5c(CC(N5)=O)c4)no3)=O)cc1,CHEMBL3431937,-5.56,,,,,,,,,
277,CHEMBL3431559,c1ccc(OCC(N2CCCC[C@@]2c3nc(C4C=CC(NC4)=O)no3)=O)cc1,CHEMBL3431937,-5.32,,,,,,,,,
278,CHEMBL3431560,C[N@@H+]1CCN(C(COc5ccccc5)=O)[C@@](c2nc(c3ccc4c(nnn4)c3)no2)C1,CHEMBL3431937,-5.43,,,,,,,,,
279,CHEMBL3431561,c1ccc(OCC(N2CCCC[C@@]2c3nc(c4ccc5c(nnc5C(N)=O)c4)no3)=O)cc1,CHEMBL3431937,-5.63,,,,,,,,,
280,CHEMBL3431562,c1ccc(OCC(N2CCCC[C@@]2c3nc(c4cc(C([O-])=O)cnc4)no3)=O)cc1,CHEMBL3431937,-7.16,,,,,,,,,
281,CHEMBL3431563,CCOC(c1cc(c2nc([C@]3CCCCN3C(COc4ccccc4)=O)on2)cnc1)=O,CHEMBL3431937,-5.81,,,,,,,,,
282,CHEMBL3431564,c1cc(NC(c2ccc(NS(=O)(c3cc(Cl)cc(Cl)c3)=O)s2)=O)ccc1C([O-])=O,CHEMBL3431937,-8,,,,,,,,,
283,CHEMBL3431565,c1ccc(OCC(N2CCCC[C@@]2c3nnc(c4ccc5c(cnn5)c4)n3)=O)cc1,CHEMBL3431937,-5.79,,,,,,,,,
284,CHEMBL3431566,c1ccc(OCC(N2CCCC[C@@]2c3nc(c4cc(C(N)=O)cnc4)no3)=O)cc1,CHEMBL3431937,-5.42,,,,,,,,,
285,CHEMBL3431567,CCOC(c2cn1ccc(c3nc([C@]4CCCCN4C(COc5ccccc5)=O)on3)cc1n2)=O,CHEMBL3431937,-5.7,,,,,,,,,
286,CHEMBL3431568,c1ccc(OCC(N2CCCC[C@@]2c3nc(c5ccn4cc(C(N)=O)nc4c5)no3)=O)cc1,CHEMBL3431937,-5.26,,,,,,,,,
287,CHEMBL3431569,c1ccc(OCC(N2CCCC[C@@]2c3nnc(c4cccc(C(NCCO)=O)c4)n3)=O)cc1,CHEMBL3431937,-6.29,,,,,,,,,
288,CHEMBL3431570,COC[C@@]1CC[N@@H+](NC(c2cccc(c3nc([C@]4CCCCN4C(COc5ccccc5)=O)nn3)c2)=O)C1,CHEMBL3431937,-5.48,,,,,,,,,
289,CHEMBL3431571,c1ccc(OCC(N2CCCC[C@@]2c3nnc(c4cccc(C#N)c4)n3)=O)cc1,CHEMBL3431937,-5.53,,,,,,,,,
290,CHEMBL3431572,c1ccc(OCC(N2CCCC[C@@]2c3nc(c4ccnc(N)c4)no3)=O)cc1,CHEMBL3431937,-5.28,,,,,,,,,
291,CHEMBL3431573,COc1ccc(Cl)cc1S(=O)(N2CCOc3c2cc(C(Nc4ccc(C([O-])=O)c(F)c4)=O)cc3)=O,CHEMBL3431937,-5.77,,,,,,,,,
292,CHEMBL3431574,COc1ccc(Cl)cc1S(=O)(N2CCOc3c2cc(C(Nc4ccc(C([O-])=O)c(Cl)c4)=O)cc3)=O,CHEMBL3431937,-5.84,,,,,,,,,
293,CHEMBL3431575,COc1ccc(Cl)cc1S(=O)(N2CCc3c2cc(C#Cc4ccc(C([O-])=O)cc4)cc3)=O,CHEMBL3431937,-6.59,,,,,,,,,
294,CHEMBL3431576,COc1ccc(Cl)cc1S(=O)(N2CCNc3c2cc(C(Nc4ccc(C([O-])=O)cc4)=O)cc3)=O,CHEMBL3431937,-6.09,,,,,,,,,
295,CHEMBL3431577,COc1ccc(Cl)cc1S(=O)(N2CCOc3c2cc(C(Nc4ccc(C([O-])=O)nc4)=O)cc3)=O,CHEMBL3431937,-6.24,,,,,,,,,
296,CHEMBL3431578,CCC(Nc1cccc(c2nc([C@]3CCCCN3C(COc4ccccc4)=O)nn2)c1)=O,CHEMBL3431937,-5.54,,,,,,,,,
297,CHEMBL3431579,C[C@@](C(Nc1cccc(c2nc([C@]3CCCCN3C(COc4ccccc4)=O)nn2)c1)=O)C,CHEMBL3431937,-5.59,,,,,,,,,
298,CHEMBL3431580,Cc1cc(C(Nc3ccc(c4nnnn4)cc3)=O)nn1Cc2ccc(O[C@@](F)F)cc2,CHEMBL3431937,-5.91,,,,,,,,,
299,CHEMBL3431581,CC(Nc1cccc(c2nc([C@]3CCCCN3C(COc4ccccc4)=O)no2)c1)=O,CHEMBL3431937,-5.59,,,,,,,,,
300,CHEMBL3431582,CCNC(Nc1cccc(c2nc([C@]3CCCCN3C(COc4ccccc4)=O)nn2)c1)=O,CHEMBL3431937,-5.65,,,,,,,,,
301,CHEMBL3431583,c1ccc(OCC(N2CCCC[C@@]2c3nnc(c4cccc(N5CCC5=O)c4)n3)=O)cc1,CHEMBL3431937,-5.7,,,,,,,,,
302,CHEMBL3431584,c1ccc(c2cc([C@@]3CCCCN3C(COc4ccccc4)=O)nn2)cc1,CHEMBL3431937,-6.28,,,,,,,,,
303,CHEMBL3431585,COc1ccc(Cl)cc1S(=O)(N2COc3c2cc(C(Nc4ccc(C([O-])=O)cc4)=O)cc3)=O,CHEMBL3431937,-5.53,,,,,,,,,
304,CHEMBL3431586,COc1ccc(Cl)cc1S(=O)(N[C@@]2CCCN(C(COc3ccccc3)=O)C2)=O,CHEMBL3431937,-5.87,,,,,,,,,
305,CHEMBL3431587,COc1ccc(Cl)cc1S(=O)(N2COc3c2cc(C(Nc4ccc(C([O-])=O)c(Cl)c4)=O)cc3)=O,CHEMBL3431937,-5.78,,,,,,,,,
306,CHEMBL3431589,c1ccc(OCC(N2CCCC[C@]2c3ncc(c4cccc([N+]([O-])=O)c4)o3)=O)cc1,CHEMBL3431937,-6.18,,,,,,,,,
307,CHEMBL3431591,c1ccc(OCC(N2CCCC[C@@]2c3nc(c4cccc(O)c4)no3)=O)cc1,CHEMBL3431937,-6.19,,,,,,,,,
308,CHEMBL3431592,c1ccc(OCC(N2CCCC[C@@]2c3nc(C4C=CNC(C4)=O)no3)=O)cc1,CHEMBL3431937,-5.27,,,,,,,,,
309,CHEMBL3431594,c1ccc(OCC(N2CCCC[C@@]2c3nnc(c4ccnc(N)c4)n3)=O)cc1,CHEMBL3431937,-5.56,,,,,,,,,
310,CHEMBL3431595,COc1ccc(Cl)cc1S(=O)(N2COc3c2cc(C(Nc4ccc(C([O-])=O)c(F)c4)=O)cc3)=O,CHEMBL3431937,-5.72,,,,,,,,,
311,CHEMBL3431596,COc1ccc(Cl)cc1S(=O)(N2CCCCc3c2cc(C(Nc4ccc(C([O-])=O)cc4)=O)cc3)=O,CHEMBL3431937,-5.54,,,,,,,,,
312,CHEMBL3431597,c1ccc(OCC(N2CCCC[C@@]2c3nnc(c4cccc(C(N[NH3+])=O)c4)n3)=O)cc1,CHEMBL3431937,-5.7,,,,,,,,,
313,CHEMBL3431598,c1ccc(OCC(N2CCCC[C@@]2c3nc(c4cccc([N+]([O-])=O)n4)no3)=O)cc1,CHEMBL3431937,-5.26,,,,,,,,,
314,CHEMBL3431600,c1ccc(OCC(N2CCCC[C@@]2c3nnc(c4cccc(C5=NNC(O5)=O)c4)n3)=O)cc1,CHEMBL3431937,-5.77,,,,,,,,,
315,CHEMBL3431601,c1ccc(OCC(N2CCCC[C@@]2c3nnc(c4cccc(c5nnco5)c4)n3)=O)cc1,CHEMBL3431937,-5.52,,,,,,,,,
316,CHEMBL3431602,Cc1cc(C(Nc4ccc(C([O-])=O)c(F)c4)=O)cc2c1CCN2S(=O)(c3cc(Cl)ccc3OC)=O,CHEMBL3431937,-5.78,,,,,,,,,
317,CHEMBL3431603,c1cc(S(=O)(N2CCOc3c2cc(C(Nc4ccc(C([O-])=O)c(F)c4)=O)cc3)=O)cc(Cl)c1,CHEMBL3431937,-5.66,,,,,,,,,
318,CHEMBL3431605,Cc1cc(C(Nc4ccc(C([O-])=O)cc4)=O)cc2c1CCN2S(=O)(c3cc(Cl)ccc3OC)=O,CHEMBL3431937,-5.7,,,,,,,,,
319,CHEMBL3431606,Cc1cc(C(Nc4ccc(C([O-])=O)c(Cl)c4)=O)cc2c1CCN2S(=O)(c3cc(Cl)ccc3OC)=O,CHEMBL3431937,-5.82,,,,,,,,,
320,CHEMBL3431609,CN(C(c1ccc(c2nc([C@@]4[C@]3C[C@]3CN4C(COc5ccccc5)=O)on2)cc1)=O)C,CHEMBL3431937,-5.36,,,,,,,,,
321,CHEMBL3431610,COc1ccc(Cl)cc1S(=O)(N2CCNc3c2cc(C(Nc4ccc(C([O-])=O)c(F)c4)=O)cc3)=O,CHEMBL3431937,-6.64,,,,,,,,,
322,CHEMBL3431611,c1cc(S(=O)(N2CCOc3c2cc(C(Nc4ccc(C([O-])=O)cc4)=O)cc3)=O)cc(Cl)c1,CHEMBL3431937,-5.52,,,,,,,,,
323,CHEMBL3431612,COc1ccc(Cl)cc1S(=O)(N2CCCCc3c2cc(C(Nc4ccc(C([O-])=O)c(F)c4)=O)cc3)=O,CHEMBL3431937,-5.67,,,,,,,,,
324,CHEMBL3431613,COc1ccc(Cl)cc1S(=O)(N2CCCCc3c2cc(C(Nc4ccc(C([O-])=O)c(Cl)c4)=O)cc3)=O,CHEMBL3431937,-5.6,,,,,,,,,
325,CHEMBL3431614,c1ccc(OCC(N2CCOC[C@@]2c3nc(c4cc(C(N)=O)cnc4)no3)=O)cc1,CHEMBL3431937,-5.54,,,,,,,,,
326,CHEMBL3431615,c1ccc(OCC(N2CCCC[C@@]2c3nc(c4cc(C#N)cnc4)no3)=O)cc1,CHEMBL3431937,-5.2,,,,,,,,,
327,CHEMBL3431616,CNC(c1cc(c2nc([C@]3CCCCN3C(COc4ccccc4)=O)on2)cnc1)=O,CHEMBL3431937,-5.42,,,,,,,,,
328,CHEMBL3431617,CCN(C(c1cc(c2nc([C@]3CCCCN3C(COc4ccccc4)=O)on2)cnc1)=O)CC,CHEMBL3431937,-5.26,,,,,,,,,
329,CHEMBL3431618,CN(C(c1cc(c2nc([C@]3CCCCN3C(COc4ccccc4)=O)on2)cnc1)=O)CCOC,CHEMBL3431937,-5.38,,,,,,,,,
330,CHEMBL3431619,c1ccc(OCC(N2CCCC[C@@]2c3nc(c4cc(C(N[C@]5CC5)=O)cnc4)no3)=O)cc1,CHEMBL3431937,-5.5,,,,,,,,,
331,CHEMBL3431620,c1ccc(OCC(N3C[C@@]2C[C@@]2[C@]3c4nc(c5ccc6c(CC(N6)=O)c5)no4)=O)cc1,CHEMBL3431937,-5.27,,,,,,,,,
332,CHEMBL3431621,COc1ccc(Cl)cc1S(=O)(N2COc3c2cc(C(Nc4ccc(CC([O-])=O)cc4)=O)cc3F)=O,CHEMBL3431937,-5.55,,,,,,,,,
333,CHEMBL3431622,COc1ccc(Cl)cc1S(=O)(N2COc3c2cc(C(Nc4nc(CC([O-])=O)cs4)=O)cc3F)=O,CHEMBL3431937,-5.65,,,,,,,,,
334,CHEMBL3431623,COc1ccc(Cl)cc1S(=O)(N2CCSc3c2cc(C(Nc4ccc(CC([O-])=O)cc4)=O)cc3)=O,CHEMBL3431937,-5.29,,,,,,,,,
335,CHEMBL3431624,COc1ccc(Cl)cc1S(=O)(N2CCSc3c2cc(C(Nc4nc(CC([O-])=O)cs4)=O)cc3)=O,CHEMBL3431937,-5.44,,,,,,,,,
336,CHEMBL3431625,COc1ccc(Cl)cc1CN3c2cc(C(Nc4nc(CC([O-])=O)cs4)=O)ccc2OCC3=O,CHEMBL3431937,-5.95,,,,,,,,,
337,CHEMBL3431626,COc1ccc(Cl)cc1S(=O)(N2CCc3c2cc(C(Nc4ccc(CC([O-])=O)cc4)=O)cc3)=O,CHEMBL3431937,-5.39,,,,,,,,,
338,CHEMBL3431627,COc1ccc(Cl)cc1S(=O)(N2CCc3c2cc(C(Nc4nc(CC([O-])=O)cs4)=O)cc3)=O,CHEMBL3431937,-5.49,,,,,,,,,
339,CHEMBL3431628,Cc1ccc(OC)c(S(=O)(n2ccc3c2cc(C(Nc4ccc(C([O-])=O)cc4)=O)cc3)=O)c1,CHEMBL3431937,-5.91,,,,,,,,,
340,CHEMBL3431629,c1cc(S(=O)(n2ccc3c2cc(C(Nc4ccc(C([O-])=O)cc4)=O)cc3)=O)cc(Cl)c1,CHEMBL3431937,-6.22,,,,,,,,,
341,CHEMBL3431630,Cc1cc(C)cc(S(=O)(n2ccc3c2cc(C(Nc4ccc(C([O-])=O)cc4)=O)cc3)=O)c1,CHEMBL3431937,-5.84,,,,,,,,,
342,CHEMBL3431631,c1ccc(OCC(N2CCCC[C@@]2c3nc(c4ccc5c(NC(CO5)=O)c4)on3)=O)cc1,CHEMBL3431937,-5.43,,,,,,,,,
343,CHEMBL3431632,C[C@@]2(C)c1ccc(C(Nc4nc(CC([O-])=O)cs4)=O)cc1N(Cc3cc(Cl)ccc3OC)C2=O,CHEMBL3431937,-6.02,,,,,,,,,
344,CHEMBL3431633,C[C@@]2(C)c1ccc(C(Nc4ccc(C([O-])=O)cc4)=O)cc1N(Cc3cc(Cl)ccc3OC)C2=O,CHEMBL3431937,-6.03,,,,,,,,,
345,CHEMBL3431635,COc1ccc(Cl)cc1S(=O)(N2CCOc3c2cc(C(Nc4ccc(CC([O-])=O)cc4)=O)cc3)=O,CHEMBL3431937,-5.73,,,,,,,,,
346,CHEMBL3431636,CCN2c1cc(c3nc([C@]4CCCCN4C(COc5ccccc5)=O)no3)ccc1[C@@](C)(C)CC2=O,CHEMBL3431937,-6.4,,,,,,,,,
347,CHEMBL3431637,c1ccc(OCC(N2CCCC[C@@]2c3nc([C@@]4CCCC4)on3)=O)cc1,CHEMBL3431937,-5.36,,,,,,,,,
348,CHEMBL3431638,COc1ccc(Cl)cc1S(=O)(N2CCOc3c2cc(C(Nc4nc(CC([O-])=O)cs4)=O)cc3)=O,CHEMBL3431937,-5.79,,,,,,,,,
349,CHEMBL3431639,c1cc(c2nc([C@]3CCCCN3C(COc4ccncc4)=O)nn2)cc([C@](F)(F)F)c1,CHEMBL3431937,-5.76,,,,,,,,,
350,CHEMBL3431640,CC(Nc1cccc(c2nc([C@]3CCCCN3C(COc4ccccc4)=O)n(C)n2)c1)=O,CHEMBL3431937,-5.53,,,,,,,,,
351,CHEMBL3431641,Cn1cc(Sc4cccc(Cl)c4)c2c1ccc(C(Nc3ccc(C([O-])=O)cc3)=O)c2,CHEMBL3431937,-6.89,,,,,,,,,
352,CHEMBL3431642,Cn1cc(S(=O)(c4cccc(Cl)c4)=O)c2c1ccc(C(Nc3ccc(C([O-])=O)cc3)=O)c2,CHEMBL3431937,-6,,,,,,,,,
353,CHEMBL3431643,c1ccc(OCC(N2CCCC[C@@]2c3nc(c5cc4c(nc5)ncn4)on3)=O)cc1,CHEMBL3431937,-5.45,,,,,,,,,
354,CHEMBL3431644,CC(Nc1cccc(C#C[C@]2CCCCN2C(COc3ccccc3)=O)c1)=O,CHEMBL3431937,-5.75,,,,,,,,,
355,CHEMBL3431645,CC(Nc1cc(c2nc([C@]3CCCCN3C(COc4ccccc4)=O)no2)ccn1)=O,CHEMBL3431937,-5.27,,,,,,,,,
356,CHEMBL3431646,COc1ccc(Cl)cc1CN3c2cc(C(Nc4nc(CC([O-])=O)cs4)=O)ccc2SCC3=O,CHEMBL3431937,-5.82,,,,,,,,,
357,CHEMBL3431647,COc1ccc(Cl)cc1S(=O)(N2COCc3c2cc(C(Nc4ccc(C([O-])=O)cc4)=O)cc3)=O,CHEMBL3431937,-5.67,,,,,,,,,
358,CHEMBL3431648,COc1ccc(Cl)cc1S(=O)(N2COCc3c2cc(C(Nc4ccc(CC([O-])=O)cc4)=O)cc3)=O,CHEMBL3431937,-5.86,,,,,,,,,
359,CHEMBL3431649,COc1ccc(Cl)cc1S(=O)(N2COCc3c2cc(C(Nc4nc(CC([O-])=O)cs4)=O)cc3)=O,CHEMBL3431937,-5.88,,,,,,,,,
360,CHEMBL3431650,c1ccc(OCC(N2CCCC[C@@]2c3nc([C@@]4([C@](F)(F)F)CC4)on3)=O)cc1,CHEMBL3431937,-5.27,,,,,,,,,
361,CHEMBL3431651,c1ccc(OCC(N2CCCC[C@@]2c3nc(c4cc(Cl)nnc4O)on3)=O)cc1,CHEMBL3431937,-5.21,,,,,,,,,
362,CHEMBL3431652,C[C@@]2(C)c1ccc(C(Nc4nccs4)=O)cc1N(Cc3cc(Cl)ccc3OC)C(O2)=O,CHEMBL3431937,-6.52,,,,,,,,,
363,CHEMBL3431653,c1ccc(OCC(N2CCCC[C@@]2c3nc(c4ccc5c(NC(C(N5)=O)=O)c4)on3)=O)cc1,CHEMBL3431937,-6.33,,,,,,,,,
364,CHEMBL3431654,c1ccc(OCC(N2CCCC[C@@]2c3nc(c5ccc4nccn4c5)no3)=O)cc1,CHEMBL3431937,-5.2,,,,,,,,,
365,CHEMBL3431655,c1ccc(OCC(N2CCCC[C@@]2c3nc(c4ccc5c(NC(CO5)=O)c4)no3)=O)cc1,CHEMBL3431937,-5.41,,,,,,,,,
366,CHEMBL3431659,COc1ccc(Cl)cc1S(=O)(N2CCS(c3c2cc(C(Nc4ccc(C([O-])=O)cc4)=O)cc3)=O)=O,CHEMBL3431937,-6.92,,,,,,,,,
367,CHEMBL3431660,c1ccc(OCC(N2CCCC[C@@]2c3nc(c4ccc5c(NC(CN5)=O)c4)on3)=O)cc1,CHEMBL3431937,-5.74,,,,,,,,,
368,CHEMBL3431661,COc1ccc(Cl)cc1S(=O)(N2CCOc3c2cc(C(Nc4ccc(CCC([O-])=O)cc4)=O)cc3)=O,CHEMBL3431937,-5.48,,,,,,,,,
369,CHEMBL3431662,COc1ccc(Cl)cc1CN3c2cc(C(Nc4nc(CC([O-])=O)cs4)=O)ccc2S(=O)(CC3=O)=O,CHEMBL3431937,-6.07,,,,,,,,,
370,CHEMBL3431663,c1ccc(OCC(N2CCCC[C@@]2c3nnc(c4ccc5c(NC(CO5)=O)c4)n3)=O)cc1,CHEMBL3431937,-6.02,,,,,,,,,
371,CHEMBL3431664,CC(Nc1ccc(F)c(c2nc([C@]3CCCCN3C(COc4ccccc4)=O)nn2)c1)=O,CHEMBL3431937,-5.37,,,,,,,,,
372,CHEMBL3431665,c1ccc(OCC(N2CCCC[C@@]2c3nc(c4cccc(N)n4)on3)=O)cc1,CHEMBL3431937,-5.26,,,,,,,,,
373,CHEMBL3431666,c1ccc(OCC(N2CCCC[C@@]2c3nc(c4ccc(C#N)nc4)on3)=O)cc1,CHEMBL3431937,-5.07,,,,,,,,,
374,CHEMBL3431667,c1ccc(OCC(N2CCCC[C@@]2c3nc(c4cccc5c4C(NN5)=O)on3)=O)cc1,CHEMBL3431937,-5.19,,,,,,,,,
375,CHEMBL3431668,C[C@@]2(C)c1ccc(C(Nc4ccc(C([O-])=O)c(Cl)c4)=O)cc1N(Cc3cc(Cl)ccc3OC)C(O2)=O,CHEMBL3431937,-5.96,,,,,,,,,
376,CHEMBL3431669,C[C@@]2(C)c1ccc(C(Nc4ccc(CC([O-])=O)c(Cl)c4)=O)cc1N(Cc3cc(Cl)ccc3OC)C(O2)=O,CHEMBL3431937,-5.87,,,,,,,,,
377,CHEMBL3431670,c1ccc(OCC(N2CCCC[C@@]2c3nc(c4ccnc(N)c4)on3)=O)cc1,CHEMBL3431937,-5.31,,,,,,,,,
378,CHEMBL3431671,C[C@@]2(C)c1ccc(C(Nc4ccc(CC([O-])=O)cc4)=O)cc1N(Cc3cc(Cl)ccc3OC)C(O2)=O,CHEMBL3431937,-5.77,,,,,,,,,
379,CHEMBL3431672,CC(Nc1cc(c2nc([C@]3CCCCN3C(COc4ccccc4)=O)nn2)cc(F)c1)=O,CHEMBL3431937,-5.77,,,,,,,,,
380,CHEMBL3431673,CC(Nc1cc(c2nc([C@]3CCCCN3C(COc4ccccc4)=O)nn2)ccc1F)=O,CHEMBL3431937,-5.57,,,,,,,,,
381,CHEMBL3431674,CC(Nc1cc(c2nc([C@]3CCCCN3C(COc4ccccc4)=O)on2)cc(F)c1)=O,CHEMBL3431937,-5.87,,,,,,,,,
382,CHEMBL3431675,CC(Nc1cc(c2nc([C@]3CCCCN3C(COc4ccccc4)=O)on2)ccc1F)=O,CHEMBL3431937,-5.66,,,,,,,,,
383,CHEMBL3431677,Cc1cccc(S(=O)(N2CCOc3c2cc(C(Nc4nc(CC([O-])=O)cs4)=O)cc3)=O)c1,CHEMBL3431937,-5.51,,,,,,,,,
384,CHEMBL3431678,c1cc(S(=O)(N2CCOc3c2cc(C(Nc4nc(CC([O-])=O)cs4)=O)cc3)=O)cc(Cl)c1,CHEMBL3431937,-5.54,,,,,,,,,
385,CHEMBL3431679,Cc1cc(C)cc(S(=O)(N2CCOc3c2cc(C(Nc4nc(CC([O-])=O)cs4)=O)cc3)=O)c1,CHEMBL3431937,-5.5,,,,,,,,,
386,CHEMBL3431681,COc1ccc(Cl)cc1S(=O)(n2ccc3c2cc(C(Nc4ccc(CC([O-])=O)cc4)=O)cc3)=O,CHEMBL3431937,-5.7,,,,,,,,,
387,CHEMBL3431682,Cc1ccc(OC)c(S(=O)(n2ccc3c2cc(C(Nc4ccc(CC([O-])=O)cc4)=O)cc3)=O)c1,CHEMBL3431937,-5.55,,,,,,,,,
388,CHEMBL3431683,c1ccc(OCC(N2CCCC[C@@]2c3nnc(c4ccc(N)nc4)n3)=O)cc1,CHEMBL3431937,-5.4,,,,,,,,,
389,CHEMBL3431685,Cn1cc(S(=O)(c4cccc(Cl)c4)=O)c2c1ccc(C(Nc3nc(CC([O-])=O)cs3)=O)c2,CHEMBL3431937,-6.02,,,,,,,,,
390,CHEMBL3431686,Cc1cc(C)cc(S(=O)(n2ccc3c2cc(C(Nc4ccc(CC([O-])=O)cc4)=O)cc3)=O)c1,CHEMBL3431937,-5.72,,,,,,,,,
391,CHEMBL3431687,c1cc(S(=O)(n2ccc3c2cc(C(Nc4ccc(CC([O-])=O)cc4)=O)cc3)=O)cc(Cl)c1,CHEMBL3431937,-5.65,,,,,,,,,
392,CHEMBL3431688,CC(NCc1cccc(c2nc([C@]3CCCCN3C(COc4ccccc4)=O)nn2)c1)=O,CHEMBL3431937,-5.39,,,,,,,,,
393,CHEMBL3431689,Cc1ccc(OC)c(S(=O)(N2CCc3c2cc(C(Nc4ccc(CC([O-])=O)cc4)=O)cc3)=O)c1,CHEMBL3431937,-5.66,,,,,,,,,
394,CHEMBL3431690,Cc1cc(C)cc(S(=O)(N2CCc3c2cc(C(Nc4ccc(CC([O-])=O)cc4)=O)cc3)=O)c1,CHEMBL3431937,-5.39,,,,,,,,,
395,CHEMBL3431691,c1cc(S(=O)(N2CCc3c2cc(C(Nc4ccc(CC([O-])=O)cc4)=O)cc3)=O)cc(Cl)c1,CHEMBL3431937,-5.44,,,,,,,,,
396,CHEMBL3431692,c1ccc(OCC(N2CCCC[C@@]2C(N4CCc3ccccc3C4)=O)=O)cc1,CHEMBL3431937,-5.38,,,,,,,,,
397,CHEMBL3431693,c1ccc(CNC([C@]2CCCCN2C(COc3ccccc3)=O)=O)cc1,CHEMBL3431937,-5.15,,,,,,,,,
398,CHEMBL3431694,CN(C([C@]2CCCCN2C(COc3ccccc3)=O)=O)Cc1ccccc1,CHEMBL3431937,-5.04,,,,,,,,,
399,CHEMBL3431695,CCN(C(c1nc([C@]2CCCCN2C(COc3ccccc3)=O)no1)=O)CC,CHEMBL3431937,-4.94,,,,,,,,,
400,CHEMBL3431697,c1ccc(OCC(N2CCCC[C@@]2c3nc(c4ccc([N+]([O-])=O)s4)no3)=O)cc1,CHEMBL3431937,-5.36,,,,,,,,,
401,CHEMBL3431698,c1ccc(OCC(N2CCCC[C@@]2c3nc(c4ccc([N+]([O-])=O)o4)no3)=O)cc1,CHEMBL3431937,-5.29,,,,,,,,,
402,CHEMBL3431699,c1ccc(OCC(N2CCCC[C@@]2c3nnc(c4cccs4)n3)=O)cc1,CHEMBL3431937,-5.57,,,,,,,,,
403,CHEMBL3431700,c1ccc(OCC(N2CCCC[C@@]2c3nnc(c4ccccc4F)n3)=O)cc1,CHEMBL3431937,-5.32,,,,,,,,,
404,CHEMBL3431701,c1ccc(OCC(N2CCCC[C@@]2c3nnc(c4cccc(F)c4)n3)=O)cc1,CHEMBL3431937,-5.84,,,,,,,,,
405,CHEMBL3431702,c1ccc(OCC(N2CCCC[C@@]2c3nnc(c4ccc(F)c(F)c4)n3)=O)cc1,CHEMBL3431937,-5.77,,,,,,,,,
406,CHEMBL3431703,COc1ccc(c2nc([C@]3CCCCN3C(C#Cc4ccccc4)=O)on2)cc1,CHEMBL3431937,-5.61,,,,,,,,,
407,CHEMBL3431704,COc1ccc(Cl)cc1S(=O)(N2C[C@](C([O-])=O)Oc3c2cc(C(Nc4ccccc4)=O)cc3)=O,CHEMBL3431937,-7.52,,,,,,,,,
408,CHEMBL3431705,c1ccc(OCC(N2CCCC[C@@]2C#Cc3ccc(C#N)cc3)=O)cc1,CHEMBL3431937,-6.22,,,,,,,,,
409,CHEMBL3431706,c1ccc(OCC(N2CCCC[C@@]2C#Cc3ccc(S(=O)(N)=O)cc3)=O)cc1,CHEMBL3431937,-5.39,,,,,,,,,
410,CHEMBL3431707,c1ccc(OCC(N2CCCC[C@@]2C#Cc3ccc4c(OCC(N4)=O)c3)=O)cc1,CHEMBL3431937,-5.96,,,,,,,,,
411,CHEMBL3431708,c1ccc(OCC(N2CCCC[C@@]2c3nnn(c4ccc5c(ccn5)c4)n3)=O)cc1,CHEMBL3431937,-5.64,,,,,,,,,
412,CHEMBL3431709,CC(Nc1ccc(n2nc([C@]3CCCCN3C(COc4ccccc4)=O)nn2)cc1)=O,CHEMBL3431937,-5.57,,,,,,,,,
413,CHEMBL3431710,c1ccc(OCC(N2CCCC[C@@]2C#Cc3ccc(C(N)=O)cc3)=O)cc1,CHEMBL3431937,-5.53,,,,,,,,,
414,CHEMBL3431711,Cn1cc(Cc4cc(Cl)ccc4OC)c2c1ccc(C(Nc3nc(CC([O-])=O)cs3)=O)c2,CHEMBL3431937,-6.29,,,,,,,,,
415,CHEMBL3431712,Cn1cc(Cc4cc(Cl)ccc4OC)c2c1ccc(C(Nc3ccc(CC([O-])=O)cc3)=O)c2,CHEMBL3431937,-6.07,,,,,,,,,
416,CHEMBL3431713,c1ccc(OCC(N2CCCC[C@@]2c3nc(c4cccc(N5C=NNC5=O)c4)on3)=O)cc1,CHEMBL3431937,-5.46,,,,,,,,,
417,CHEMBL3431714,c1ccc(OCC(N2CCCC[C@@]2c3nc(c4cccc(N5CC(NC5=O)=O)c4)on3)=O)cc1,CHEMBL3431937,-5.47,,,,,,,,,
418,CHEMBL3431715,c1ccc(OCC(N2CCCC[C@@]2c3nc(c4cccc(N5CCCS5(=O)=O)c4)on3)=O)cc1,CHEMBL3431937,-6,,,,,,,,,
419,CHEMBL3431716,c1ccc(OCC(N2CCCC[C@@]2c3nc(c4cccc(N5CCCC5=O)c4)on3)=O)cc1,CHEMBL3431937,-5.63,,,,,,,,,
420,CHEMBL3431717,Cc1cc(C(Nc4ccc(CC([O-])=O)cc4)=O)cc2c1OCCN2S(=O)(c3cc(Cl)ccc3OC)=O,CHEMBL3431937,-5.68,,,,,,,,,
421,CHEMBL3431718,Cc1cc(C(Nc4ccc(CC([O-])=O)cc4)=O)cc2c1OCN2S(=O)(c3cc(Cl)ccc3OC)=O,CHEMBL3431937,-5.5,,,,,,,,,
422,CHEMBL3431719,Cc1cc(C(Nc4nc(CC([O-])=O)cs4)=O)cc2c1OCCN2S(=O)(c3cc(Cl)ccc3OC)=O,CHEMBL3431937,-5.73,,,,,,,,,
423,CHEMBL3431720,Cn1cc(Cc4cc(Cl)ccc4OC)c2c1ccc(C(Nc3ccc(C([O-])=O)cc3)=O)c2,CHEMBL3431937,-6.33,,,,,,,,,
424,CHEMBL3431721,Cc1cc(C(Nc4nc(CC([O-])=O)cs4)=O)cc2c1OCN2S(=O)(c3cc(Cl)ccc3OC)=O,CHEMBL3431937,-5.56,,,,,,,,,
425,CHEMBL3431722,COc1ccc(Cl)cc1S(=O)(N2CCCc3c2cc(Oc4ccc(CC([O-])=O)cc4)cc3)=O,CHEMBL3431937,-6.11,,,,,,,,,
426,CHEMBL3431724,CCOc1ccc(C(Nc3ccc(CC([O-])=O)cc3)=O)cc1N(S(=O)(c2cc(Cl)ccc2OC)=O)CCS([O-])=O,CHEMBL3431937,-7.4,,,,,,,,,
427,CHEMBL3431725,CCOc1ccc(C(Nc3ccc(C([O-])=O)c(F)c3)=O)cc1N(S(=O)(c2cc(Cl)ccc2OC)=O)CCS([O-])=O,CHEMBL3431937,-7.16,,,,,,,,,
428,CHEMBL3431726,COc1ccc(Cl)cc1CN3c2cc(C(Nc4ccc(CC([O-])=O)cc4)=O)ccc2COC3=O,CHEMBL3431937,-5.83,,,,,,,,,
429,CHEMBL3431727,COc1ccc(Cl)cc1Cc2cnc3c2cc(C(Nc4nc(CC([O-])=O)cs4)=O)cc3,CHEMBL3431937,-6.31,,,,,,,,,
430,CHEMBL3431728,COc1ccc(Cl)cc1Cc2cnc3c2cc(C(Nc4ccc(CC([O-])=O)cc4)=O)cc3,CHEMBL3431937,-6.37,,,,,,,,,
431,CHEMBL3431729,c1ccc(OCC(N2CCCC[C@@]2C(N4CCc3cccc(Cl)c3C4)=O)=O)cc1,CHEMBL3431937,-5.72,,,,,,,,,
432,CHEMBL3431731,COc1cccc2c1CCN(C([C@]3CCCCN3C(COc4ccccc4)=O)=O)C2,CHEMBL3431937,-5.26,,,,,,,,,
433,CHEMBL3431732,c1ccc(OCC(N2CCCC[C@@]2C(N4CCc3ccc(S(=O)(N)=O)cc3C4)=O)=O)cc1,CHEMBL3431937,-5.35,,,,,,,,,
434,CHEMBL3431734,C[N@@H+]1CCN(c2cc3c(CN(C([C@]4CCCCN4C(COc5ccccc5)=O)=O)C3)cc2Cl)CC1,CHEMBL3431937,-5.5,,,,,,,,,
435,CHEMBL3431735,c1ccc(OCC(N2CCCC[C@@]2C(N4Cc3cc(N5CCOCC5)c(Cl)cc3C4)=O)=O)cc1,CHEMBL3431937,-5.23,,,,,,,,,
436,CHEMBL3431736,CCOc1ccc2c(CN(C([C@]3CCCCN3C(COc4ccccc4)=O)=O)C2)c1,CHEMBL3431937,-5.26,,,,,,,,,
437,CHEMBL3431737,c1ccc(OCC(N2CCCC[C@@]2C(N4Cc3ccc([C@@]5CCOCC5)cc3C4)=O)=O)cc1,CHEMBL3431937,-5.35,,,,,,,,,
438,CHEMBL3431738,c1ccc(OCC(N2CCCC[C@@]2C(N4Cc3ccc(OC[C@]5CC5)cc3C4)=O)=O)cc1,CHEMBL3431937,-5.57,,,,,,,,,
439,CHEMBL3431739,c1ccc(OCC(N2CCCC[C@@]2C(N4Cc3ccc([C@@]5CCOC5)cc3C4)=O)=O)cc1,CHEMBL3431937,-5.33,,,,,,,,,
440,CHEMBL3431740,COc1ccc(Cl)cc1CN3c2cc(C(Nc4nc(CC([O-])=O)cs4)=O)ccc2COC3=O,CHEMBL3431937,-5.77,,,,,,,,,
441,CHEMBL3431741,c1ccc(OCC(N2CCCC[C@@]2c3nc(c4cccc(N5C=CNC5=O)c4)on3)=O)cc1,CHEMBL3431937,-5.13,,,,,,,,,
442,CHEMBL3431742,c1ccc(OCC(N2CCCC[C@@]2c3nc(C(N4CCOCC4)=O)on3)=O)cc1,CHEMBL3431937,-5.09,,,,,,,,,
443,CHEMBL3431743,c1ccc(OCC(N2CCCC[C@@]2c3nc(C(N4CC[C@@](c5ccncc5)C4)=O)on3)=O)cc1,CHEMBL3431937,-5.37,,,,,,,,,
444,CHEMBL3431744,Cn1ccc(c2nc([C@]3CCCCN3C(COc4ccccc4)=O)no2)n1,CHEMBL3431937,-5.03,,,,,,,,,
445,CHEMBL3431745,c1ccc(OCC(N2CCCC[C@@]2c3nc(c4ccnn4)on3)=O)cc1,CHEMBL3431937,-5.23,,,,,,,,,
446,CHEMBL3431746,Cc1cc(c2nc([C@]3CCCCN3C(COc4ccccc4)=O)no2)no1,CHEMBL3431937,-5.17,,,,,,,,,
447,CHEMBL3431747,Cc1cc(c2nc([C@]3CCCCN3C(COc4ccccc4)=O)no2)n(C)n1,CHEMBL3431937,-5.19,,,,,,,,,
448,CHEMBL3431748,Cc1cc(c2nc([C@]3CCCCN3C(COc4ccccc4)=O)no2)nn1,CHEMBL3431937,-5.22,,,,,,,,,
449,CHEMBL3431749,Cc1cc(c2nc([C@]3CCCCN3C(COc4ccccc4)=O)no2)on1,CHEMBL3431937,-5.02,,,,,,,,,
450,CHEMBL3431750,c1ccc(OCC(N2CCCC[C@@]2c3nc(c4cc([N+]([O-])=O)nn4)on3)=O)cc1,CHEMBL3431937,-5.16,,,,,,,,,
451,CHEMBL3431751,c1ccc(OCC(N2CCCC[C@@]2c3nc(c4ccc5c(COC(N5)=O)c4)no3)=O)cc1,CHEMBL3431937,-5.45,,,,,,,,,
452,CHEMBL3431752,Cc1cc(C)cc(S(=O)(N2CCc3c2cc(C(Nc4nc(CC([O-])=O)cs4)=O)cc3)=O)c1,CHEMBL3431937,-5.65,,,,,,,,,
453,CHEMBL3431753,c1cc(S(=O)(N2CCc3c2cc(C(Nc4nc(CC([O-])=O)cs4)=O)cc3)=O)cc(Cl)c1,CHEMBL3431937,-5.54,,,,,,,,,
454,CHEMBL3431754,COc1ccc(Cl)cc1S(=O)(N2CCOc3c2cc(C(Nc4ncc(CC([O-])=O)s4)=O)cc3)=O,CHEMBL3431937,-5.66,,,,,,,,,
455,CHEMBL3431756,c1cc(CN3c2cc(C(Nc4ccc(C([O-])=O)cc4)=O)ccc2S(=O)(CC3=O)=O)cc(Cl)c1,CHEMBL3431937,-5.98,,,,,,,,,
456,CHEMBL3431757,c1ccc(OCC(N2CCCC[C@@]2c3nnc(c4ccc5c(NC(NC5)=O)c4)n3)=O)cc1,CHEMBL3431937,-5.66,,,,,,,,,
457,CHEMBL3431758,c1ccc(OCC(N2CCCC[C@@]2c3nc(c4cccc(N5CCCS5(=O)=O)c4)no3)=O)cc1,CHEMBL3431937,-4.61,,,,,,,,,
458,CHEMBL3431759,c1ccc(OCC(N2CCCC[C@@]2c3nc(c4cccc(N5CCCC5=O)c4)no3)=O)cc1,CHEMBL3431937,-5.41,,,,,,,,,
459,CHEMBL3431760,c1ccc(OCC(N2CCCC[C@@]2c3nc(c4cccc(N5CC(NC5=O)=O)c4)no3)=O)cc1,CHEMBL3431937,-5.42,,,,,,,,,
460,CHEMBL3431761,c1ccc(OCC(N2CCCC[C@@]2c3nc(c4cccc(N5C=NNC5=O)c4)no3)=O)cc1,CHEMBL3431937,-5.31,,,,,,,,,
461,CHEMBL3431762,c1ccc(OCc3nc2cc(F)ccc2n3[C@@]4CCN(C(COc5ccccc5)=O)CC4)cc1,CHEMBL3431937,-5.64,,,,,,,,,
462,CHEMBL3431763,COc1ccc(Cl)cc1S(=O)(N2CCS(=O)(c3c2cc(C(Nc4ccc(C([O-])=O)c(F)c4)=O)cc3)=O)=O,CHEMBL3431937,-6.68,,,,,,,,,
463,CHEMBL3431764,COc1ccc(Cl)cc1S(=O)(N2CCSc3c2cc(C(Nc4ccc(C([O-])=O)c(F)c4)=O)cc3)=O,CHEMBL3431937,-5.59,,,,,,,,,
464,CHEMBL3431766,c1ccc(c2cn(CC(Nc4ccc(C([O-])=O)cc4)=O)c3c2cccc3)cc1,CHEMBL3431937,-5.76,,,,,,,,,
465,CHEMBL3431767,COc1ccc(Cl)cc1S(=O)(N2CCS(=O)(c3c2cc(C(Nc4ccc(C([O-])=O)c(Cl)c4)=O)cc3)=O)=O,CHEMBL3431937,-7.22,,,,,,,,,
466,CHEMBL3431768,CC(Nc1ccc(c2nc([C@]3CCCCN3C(C#Cc4ccccc4)=O)on2)cc1[C@](F)(F)F)=O,CHEMBL3431937,-5.82,,,,,,,,,
467,CHEMBL3431769,CN(C(CCC(Nc1cc(c2nc([C@]3CCCCN3C(COc4ccccc4)=O)on2)cc(F)c1)=O)=O)C,CHEMBL3431937,-6.08,,,,,,,,,
468,CHEMBL3431770,COc1ccc(Cl)cc1Cn2cc(C([O-])=O)c3c2cc(C(Nc4ccccc4)=O)cc3,CHEMBL3431937,-6.28,,,,,,,,,
469,CHEMBL3431773,CN(S(=O)(c3cc(Cl)ccc3OC)=O)c1cccc(C(Nc2nc(CC([O-])=O)cs2)=O)c1,CHEMBL3431937,-5.61,,,,,,,,,
470,CHEMBL3431779,COc1ccc(Cl)cc1Cn2ccc3c2cc(C(Nc4nc(CC([O-])=O)cs4)=O)cc3,CHEMBL3431937,-5.94,,,,,,,,,
471,CHEMBL3431781,CCOC([C@]2CN(S(=O)(c4cc(Cl)ccc4OC)=O)c1cc(C(Nc3cccc(F)c3)=O)ccc1O2)=O,CHEMBL3431937,-5.88,,,,,,,,,
472,CHEMBL3431782,Cn2c1ccc(C(Nc4ccc(C([O-])=O)cc4)=O)cc1c(S(=O)(c3cc(Cl)ccc3OC)=O)n2,CHEMBL3431937,-5.72,,,,,,,,,
473,CHEMBL3431783,Cn2c(S(=O)(c4cc(Cl)ccc4OC)=O)c1cc(C(Nc3ccc(C([O-])=O)cc3)=O)ccc1n2,CHEMBL3431937,-5.65,,,,,,,,,
474,CHEMBL3431784,COc1ccc(Cl)cc1S(=O)(N2C[C@](C([O-])=O)Oc3c2cc(C(Nc4ccccc4F)=O)cc3)=O,CHEMBL3431937,-6.42,,,,,,,,,
475,CHEMBL3431785,COc1ccc(Cl)cc1S(=O)(N2C[C@](C([O-])=O)Oc3c2cc(C(Nc4ccc(F)cc4)=O)cc3)=O,CHEMBL3431937,-7.22,,,,,,,,,
476,CHEMBL3431788,c1cc(S(=O)(N2CCS(=O)(c3c2cc(C(Nc4ccc(C([O-])=O)cc4)=O)cc3)=O)=O)cc(Cl)c1,CHEMBL3431937,-6.07,,,,,,,,,
477,CHEMBL3431789,Cc1cc(C)cc(S(=O)(N2CCS(=O)(c3c2cc(C(Nc4ccc(C([O-])=O)cc4)=O)cc3)=O)=O)c1,CHEMBL3431937,-5.71,,,,,,,,,
478,CHEMBL3431790,c1ccc(OCC(N2CCCC[C@@]2c3nnc(c4cccc(N5CC(NC5=O)=O)c4)n3)=O)cc1,CHEMBL3431937,-5.72,,,,,,,,,
479,CHEMBL3431792,Cn2c1ccc(C(Nc4ccc(CC([O-])=O)cc4)=O)cc1c(S(=O)(c3cc(Cl)ccc3OC)=O)n2,CHEMBL3431937,-6.41,,,,,,,,,
480,CHEMBL3431793,Cc1cc(C)cc(S(=O)(N2CCSc3c2cc(C(Nc4ccc(C([O-])=O)cc4)=O)cc3)=O)c1,CHEMBL3431937,-5.75,,,,,,,,,
481,CHEMBL3431794,c1cc(S(=O)(N2CCSc3c2cc(C(Nc4ccc(C([O-])=O)cc4)=O)cc3)=O)cc(Cl)c1,CHEMBL3431937,-5.55,,,,,,,,,
482,CHEMBL3431795,c1cc(S(=O)(N2CCS(c3c2cc(C(Nc4ccc(C([O-])=O)cc4)=O)cc3)=O)=O)cc(Cl)c1,CHEMBL3431937,-6.55,,,,,,,,,
483,CHEMBL3431796,Cc1cc(C)cc(S(=O)(N2CCS(c3c2cc(C(Nc4ccc(C([O-])=O)cc4)=O)cc3)=O)=O)c1,CHEMBL3431937,-6.31,,,,,,,,,
484,CHEMBL3431797,COc1ccc(Cl)cc1CN3c2cc(C(Nc5nc(CC([O-])=O)cs5)=O)ccc2[C@]4(CC4)C3=O,CHEMBL3431937,-5.99,,,,,,,,,
485,CHEMBL3431798,COc1ccc(Cl)cc1S(=O)(Nc2cc(C(Nc3ccccc3)=O)ccc2CCC([O-])=O)=O,CHEMBL3431937,-5.62,,,,,,,,,
486,CHEMBL3431799,c1ccc(OCC(N2CCCC[C@@]2C(N4Cc3cc(O[C@]5CCOCC5)c(F)cc3C4)=O)=O)cc1,CHEMBL3431937,-5.45,,,,,,,,,
487,CHEMBL3431800,c1ccc(OCC(N2CCCC[C@@]2C(N4Cc3cc(N5CCOCC5)c(F)cc3C4)=O)=O)cc1,CHEMBL3431937,-5.08,,,,,,,,,
488,CHEMBL3431802,c1ccc(OCC(N2CCCC[C@@]2C(N4Cc3ccc(O[C@@]5CCOC5)cc3C4)=O)=O)cc1,CHEMBL3431937,-4.94,,,,,,,,,
489,CHEMBL3431804,c1ccc(c2csc([C@]3CCCCN3C(COc4ccccc4)=O)n2)cc1,CHEMBL3431937,-5.83,,,,,,,,,
490,CHEMBL3431805,c1ccc(OCC(N2CCCC[C@@]2c3nc(c4ccc(C([O-])=O)cc4)cs3)=O)cc1,CHEMBL3431937,-5.29,,,,,,,,,
491,CHEMBL3431806,c1ccc(OCC(N2CCCC[C@@]2c3nc(c4cccc(C([O-])=O)c4)cs3)=O)cc1,CHEMBL3431937,-5.3,,,,,,,,,
492,CHEMBL3431807,c1ccc(OCC(N2CCCC[C@@]2c3nc(c4cccc(C([O-])=O)c4)cs3)=O)cc1,CHEMBL3431937,-5.45,,,,,,,,,
493,CHEMBL3431808,c1ccc(OCC(N2CCCC[C@@]2c3nc(c4cccnc4)cs3)=O)cc1,CHEMBL3431937,-5.42,,,,,,,,,
494,CHEMBL3431810,c1ccc(OCC(N2CCCC[C@@]2c3nc(c4ccncc4)cs3)=O)cc1,CHEMBL3431937,-5.42,,,,,,,,,
495,CHEMBL3431811,COc1ccc(Cl)cc1CN3c2cc(C(Nc5ccc(C([O-])=O)cc5)=O)ccc2[C@]4(CC4)C3=O,CHEMBL3431937,-5.91,,,,,,,,,
496,CHEMBL3431812,COc1ccc(Cl)cc1S(=O)(c2cnc3c2cc(C(Nc4ccccc4)=O)cc3)=O,CHEMBL3431937,-7.22,,,,,,,,,
497,CHEMBL3431814,COc1ccc(Cl)cc1S(=O)(c2cn(CC(N)=O)c3c2cc(C(Nc4ccccc4)=O)cc3)=O,CHEMBL3431937,-6.52,,,,,,,,,
498,CHEMBL3431816,COc1ccc(Cl)cc1S(=O)(c2cn(CCC([O-])=O)c3c2cc(C(Nc4ccccc4)=O)cc3)=O,CHEMBL3431937,-6.41,,,,,,,,,
499,CHEMBL3431818,C[C@@](C(N(c2cc(C(Nc3nc(CC([O-])=O)cs3)=O)ccc2Cl)Cc1cc(Cl)ccc1OC)=O)C,CHEMBL3431937,-5.5,,,,,,,,,
500,CHEMBL3431819,Cc1cc(C(Nc4ccc(CC([O-])=O)cc4)=O)cc2c1CCN2S(=O)(c3cc(Cl)ccc3OC)=O,CHEMBL3431937,-5.51,,,,,,,,,
501,CHEMBL3431820,Cc1cc(C(Nc4nc(CC([O-])=O)cs4)=O)cc2c1CCN2S(=O)(c3cc(Cl)ccc3OC)=O,CHEMBL3431937,-5.69,,,,,,,,,
502,CHEMBL3431821,COc1ccc(Cl)cc1S(=O)(N2CCCCc3c2cc(C(Nc4nc(CC([O-])=O)cs4)=O)cc3)=O,CHEMBL3431937,-5.46,,,,,,,,,
503,CHEMBL3431822,Cc1ccc(OC)c(S(=O)(N2CCCc3c2cc(C(Nc4nc(CC([O-])=O)cs4)=O)cc3)=O)c1,CHEMBL3431937,-5.77,,,,,,,,,
504,CHEMBL3431823,COc1ccc(Cl)cc1S(=O)(Nc2cc(C(Nc3ccccc3)=O)ccc2\C=C\C([O-])=O)=O,CHEMBL3431937,-6,,,,,,,,,
505,CHEMBL3431824,COc1ccc(Cl)cc1S(=O)(N2COc3c2cc(C(Nc4ccn(CC([O-])=O)n4)=O)cc3)=O,CHEMBL3431937,-7.52,,,,,,,,,
506,CHEMBL3431825,CN(S(=O)(c4cc(Cl)ccc4OC)=O)c1cc(C(Nc3nc(CC([O-])=O)cs3)=O)cc2c1OCO2,CHEMBL3431937,-5.61,,,,,,,,,
507,CHEMBL3431826,CN(S(=O)(c4cc(Cl)ccc4OC)=O)c1cc(C(Nc3ccc(C([O-])=O)cc3)=O)cc2c1OCCO2,CHEMBL3431937,-5.6,,,,,,,,,
508,CHEMBL3431827,CN(S(=O)(c4cc(Cl)ccc4OC)=O)c1cc(C(Nc3nc(CC([O-])=O)cs3)=O)cc2c1OCCO2,CHEMBL3431937,-5.89,,,,,,,,,
509,CHEMBL3431829,CN(S(=O)(c4cc(Cl)ccc4OC)=O)c1cc(C(Nc3ccc(C([O-])=O)cc3)=O)cc2c1OCO2,CHEMBL3431937,-5.69,,,,,,,,,
510,CHEMBL3431830,COc1ccc(Cl)cc1S(=O)(c2cn(CCCC([O-])=O)c3c2cc(C(Nc4ccccc4)=O)cc3)=O,CHEMBL3431937,-6.57,,,,,,,,,
511,CHEMBL3431831,COc1ccc(Cl)cc1S(=O)(c2cn(CCO)c3c2cc(C(Nc4ccccc4)=O)cc3)=O,CHEMBL3431937,-7.22,,,,,,,,,
512,CHEMBL3431832,COc1ccc(Cl)cc1S(=O)(c2cn(CCCO)c3c2cc(C(Nc4ccccc4)=O)cc3)=O,CHEMBL3431937,-7.22,,,,,,,,,
513,CHEMBL3431835,COc1ccc(Cl)cc1S(=O)(N2CCc3c2cc(C(Nc4ccn(CC([O-])=O)n4)=O)cc3)=O,CHEMBL3431937,-6.64,,,,,,,,,
514,CHEMBL3431837,COc1ccc(Cl)cc1S(=O)(c3c2cc(C(Nc4ccccc4)=O)ccc2n(CCC([O-])=O)n3)=O,CHEMBL3431937,-6.17,,,,,,,,,
515,CHEMBL3431838,COc1ccc(Cl)cc1S(=O)(N2CCOc3c2cc(C(Nc4ccn(CC([O-])=O)n4)=O)cc3)=O,CHEMBL3431937,-7.05,,,,,,,,,
516,CHEMBL3431841,Cc1cc(C)cc(S(=O)(c3c2cc(C(Nc4ccccc4)=O)ccc2n(CC([O-])=O)n3)=O)c1,CHEMBL3431937,-8,,,,,,,,,
517,CHEMBL3431842,Cc1cc(C)cc(S(=O)(c3c2cc(C(Nc4ccccc4)=O)ccc2n(CCC([O-])=O)n3)=O)c1,CHEMBL3431937,-6.04,,,,,,,,,
518,CHEMBL3431843,Cc1cc(C)cc(S(=O)(c3c2cc(C(Nc4ccc(C([O-])=O)cc4)=O)ccc2nn3)=O)c1,CHEMBL3431937,-7.52,,,,,,,,,
519,CHEMBL3431844,Cc1cc(C)cc(S(=O)(c3c2cc(C(Nc4ccc(C([O-])=O)cc4)=O)ccc2n(C)n3)=O)c1,CHEMBL3431937,-6.12,,,,,,,,,
520,CHEMBL3431845,COc1ccc(Cl)cc1S(=O)(N2C[C@](C([O-])=O)Cc3c2cc(C(Nc4ccccc4)=O)cc3)=O,CHEMBL3431937,-5.74,,,,,,,,,
521,CHEMBL3431846,Cc1cc(c2nc([C@]3CCCCN3C(COc4ccccc4)=O)nn2)n(C)n1,CHEMBL3431937,-5.28,,,,,,,,,
522,CHEMBL3431847,c1ccc(OCC(N2CCCC[C@@]2c3csc(c4cccc(C([O-])=O)c4)n3)=O)cc1,CHEMBL3431937,-5.63,,,,,,,,,
523,CHEMBL3431848,CS(=O)(c1ccc(c2csc([C@]3CCCCN3C(COc4ccccc4)=O)n2)cc1)=O,CHEMBL3431937,-5.68,,,,,,,,,
524,CHEMBL3431854,c1ccc(OCC(N2CCCC[C@@]2c3nc(c4ccc(C#N)cc4)cs3)=O)cc1,CHEMBL3431937,-5.71,,,,,,,,,
525,CHEMBL3431856,c1ccc(OCC(N2CCCC[C@@]2c3nc(c4ccc(Cl)nc4)cs3)=O)cc1,CHEMBL3431937,-5.9,,,,,,,,,
526,CHEMBL3431859,c1ccc(OCC(N2CCCC[C@@]2c3nc(c4ccc(C(N)=O)cc4)cs3)=O)cc1,CHEMBL3431937,-5.26,,,,,,,,,
527,CHEMBL3431860,CC(Nc1ccc(c2nc([C@]3CCCCN3C(COc4ccccc4)=O)cs2)cc1)=O,CHEMBL3431937,-5.91,,,,,,,,,
528,CHEMBL3431864,c1ccc(OCC(N2CCCC[C@@]2c3csc(c4ccc([C@](F)(F)F)nc4)n3)=O)cc1,CHEMBL3431937,-5.88,,,,,,,,,
529,CHEMBL3431868,Cc1ccc(c2nc([C@]3CCCCN3C(COc4ccccc4)=O)cs2)cn1,CHEMBL3431937,-5.68,,,,,,,,,
530,CHEMBL3431872,COc1ccc(c2nc([C@]3CCCCN3C(COc4ccccc4)=O)cs2)cn1,CHEMBL3431937,-6.52,,,,,,,,,
531,CHEMBL3431873,c1ccc(OCC(N2CCCC[C@@]2c3csc(c4ccccn4)n3)=O)cc1,CHEMBL3431937,-5.32,,,,,,,,,
532,CHEMBL3431878,Cc1c(c4cccc(C([O-])=O)c4)nc([C@]2CCCCN2C(COc3ccccc3)=O)s1,CHEMBL3431937,-5.21,,,,,,,,,
533,CHEMBL3431880,CN(S(=O)(c4cc(Cl)ccc4OC)=O)c1cc(C(Nc3ncc(CC([O-])=O)s3)=O)cc2c1OCO2,CHEMBL3431937,-5.65,,,,,,,,,
534,CHEMBL3431881,CN(S(=O)(c4cc(Cl)ccc4OC)=O)c1cc(C(Nc3ccn(CC([O-])=O)n3)=O)cc2c1OCO2,CHEMBL3431937,-6.89,,,,,,,,,
535,CHEMBL3431882,COc1ccc(Cl)cc1S(=O)(N2CCOc3c2cc(C(Nc4nc(CC([O-])=O)cs4)=O)cc3Cl)=O,CHEMBL3431937,-5.59,,,,,,,,,
536,CHEMBL3431883,COc1ccc(Cl)cc1S(=O)(N2CCOc3c2cc(C(Nc4ccc(CC([O-])=O)cc4)=O)cc3Cl)=O,CHEMBL3431937,-5.49,,,,,,,,,
537,CHEMBL3431884,CCN(S(=O)(c4cc(Cl)ccc4OC)=O)c1cc(C(Nc3nc(CC([O-])=O)cs3)=O)cc2c1OCO2,CHEMBL3431937,-5.47,,,,,,,,,
538,CHEMBL3431886,CCN(S(=O)(c4cc(Cl)ccc4OC)=O)c1cc(C(Nc3ncc(CC([O-])=O)s3)=O)cc2c1OCO2,CHEMBL3431937,-5.49,,,,,,,,,
539,CHEMBL3431888,CCCN(S(=O)(c4cc(Cl)ccc4OC)=O)c1cc(C(Nc3nc(CC([O-])=O)cs3)=O)cc2c1OCO2,CHEMBL3431937,-5.45,,,,,,,,,
540,CHEMBL3431889,CCCN(S(=O)(c4cc(Cl)ccc4OC)=O)c1cc(C(Nc3ccc(CC([O-])=O)cc3)=O)cc2c1OCO2,CHEMBL3431937,-5.46,,,,,,,,,
541,CHEMBL3431890,CCCN(S(=O)(c4cc(Cl)ccc4OC)=O)c1cc(C(Nc3ncc(CC([O-])=O)s3)=O)cc2c1OCO2,CHEMBL3431937,-5.45,,,,,,,,,
542,CHEMBL3431895,COc1ccc(Cl)cc1S(=O)(N2COc3c2cc(C(Nc4ccc(C([O-])=O)cc4)=O)cc3F)=O,CHEMBL3431937,-5.66,,,,,,,,,
543,CHEMBL3431896,COc1ccc(Cl)cc1S(=O)(N2COc3c2cc(C(Nc4ccc(C([O-])=O)c(F)c4)=O)cc3F)=O,CHEMBL3431937,-5.73,,,,,,,,,
544,CHEMBL3431897,COc1ccc(Cl)cc1S(=O)(N2COc3c2cc(C(Nc4ccc(C([O-])=O)c(Cl)c4)=O)cc3F)=O,CHEMBL3431937,-5.75,,,,,,,,,
545,CHEMBL3431898,C[C@]1CN(S(=O)(c4cc(Cl)ccc4OC)=O)c2c1ccc(C(Nc3ccc(C([O-])=O)c(F)c3)=O)c2,CHEMBL3431937,-5.7,,,,,,,,,
546,CHEMBL3431899,C[C@]1CN(S(=O)(c4cc(Cl)ccc4OC)=O)c2c1ccc(C(Nc3ccc(C([O-])=O)c(Cl)c3)=O)c2,CHEMBL3431937,-5.75,,,,,,,,,
547,CHEMBL3431900,C[C@]1CN(S(=O)(c4cc(Cl)ccc4OC)=O)c2c1ccc(C(Nc3ccc(C([O-])=O)cc3)=O)c2,CHEMBL3431937,-5.62,,,,,,,,,
548,CHEMBL3431901,c1ccc(OCC(N2CCCC[C@@]2c3nc(c4cccc(OCC([O-])=O)c4)no3)=O)cc1,CHEMBL3431937,-6.43,,,,,,,,,
549,CHEMBL3431902,c1ccc(OCC(N2CCCC[C@@]2c3nc(c4cccc(OCC(N)=O)c4)no3)=O)cc1,CHEMBL3431937,-5.6,,,,,,,,,
550,CHEMBL3431903,COc1ccc(Cl)cc1S(=O)(N2CCOc3c2cc(C(Nc4ccc(C([O-])=O)cc4)=O)cc3F)=O,CHEMBL3431937,-5.61,,,,,,,,,
551,CHEMBL3431904,c1ccc(OCC(N2CCCC[C@@]2c3nc(c4ccc(C#N)cc4)on3)=O)cc1,CHEMBL3431937,-5.26,,,,,,,,,
552,CHEMBL3431905,c1ccc(OCC(N2CCCC[C@@]2c3nc(c4cccc(C#N)c4)on3)=O)cc1,CHEMBL3431937,-5.42,,,,,,,,,
553,CHEMBL3431906,c1ccc(OCC(N2CCCC[C@@]2c3nc(c4cc(N)cnc4)on3)=O)cc1,CHEMBL3431937,-5.3,,,,,,,,,
554,CHEMBL3431907,COc1ccc(Cl)cc1Sc2cnc3c2cc(C(Nc4ccc(C([O-])=O)cc4)=O)cc3,CHEMBL3431937,-6.75,,,,,,,,,
555,CHEMBL3431908,Cn1cc(Sc4cc(Cl)ccc4OC)c2c1ccc(C(Nc3ccc(C([O-])=O)cc3)=O)c2,CHEMBL3431937,-6.28,,,,,,,,,
556,CHEMBL3431909,Cn1cc(S(=O)(c4cc(Cl)ccc4OC)=O)c2c1ccc(C(Nc3ccc(C([O-])=O)cc3)=O)c2,CHEMBL3431937,-6.33,,,,,,,,,
557,CHEMBL3431910,CC1NC(C(c2nc([C@]3CCCCN3C(COc4ccccc4)=O)on2)=CN1)=O,CHEMBL3431937,-5.52,,,,,,,,,
558,CHEMBL3431911,c1ccc(OCC(N3C[C@@]2C[C@@]2[C@@]3c4nc(c5ccc(S(=O)(N)=O)cc5)no4)=O)cc1,CHEMBL3431937,-5.29,,,,,,,,,
559,CHEMBL3431912,COc1ccc(Cl)cc1S(=O)(N2CCOc3c2cc(C(Nc4ccc(C([O-])=O)c(F)c4)=O)cc3F)=O,CHEMBL3431937,-5.78,,,,,,,,,
560,CHEMBL3431913,COc1ccc(Cl)cc1S(=O)(N2CCOc3c2cc(C(Nc4ccc(C([O-])=O)c(Cl)c4)=O)cc3F)=O,CHEMBL3431937,-5.84,,,,,,,,,
561,CHEMBL3431914,COc1ccc(Cl)cc1S(=O)(N2CCOc3c2cc(C(Nc4ccc(C([O-])=O)cc4)=O)cc3Cl)=O,CHEMBL3431937,-5.66,,,,,,,,,
562,CHEMBL3431915,Cc1cc(C(Nc4ccc(C([O-])=O)cc4)=O)cc2c1OCCN2S(=O)(c3cc(Cl)ccc3OC)=O,CHEMBL3431937,-5.78,,,,,,,,,
563,CHEMBL3431916,Cc1cc(C(Nc4ccc(C([O-])=O)cc4)=O)cc2c1OCN2S(=O)(c3cc(Cl)ccc3OC)=O,CHEMBL3431937,-5.73,,,,,,,,,
564,CHEMBL3431917,COc1ccc(Cl)cc1S(=O)(N2COc3c2cc(C(Nc4ccc(C([O-])=O)cc4)=O)cc3Cl)=O,CHEMBL3431937,-5.41,,,,,,,,,
565,CHEMBL3431918,COc1ccc(Cl)cc1S(=O)(N2CCOc3c2cc(C(Nc4ccc(C([O-])=O)cc4)=O)cc3[C@](F)(F)F)=O,CHEMBL3431937,-5.58,,,,,,,,,
566,CHEMBL3431920,C[C@@](N(S(=O)(c4cc(Cl)ccc4OC)=O)c1cc(C(Nc3ncc(CC([O-])=O)s3)=O)cc2c1OCO2)C,CHEMBL3431937,-5.45,,,,,,,,,
567,CHEMBL3431922,COCCN(S(=O)(c4cc(Cl)ccc4OC)=O)c1cc(C(Nc3nc(CC([O-])=O)cs3)=O)cc2c1OCO2,CHEMBL3431937,-5.94,,,,,,,,,
568,CHEMBL3431926,COc1ccc(Cl)cc1S(=O)(N2CCOc3c2cc(C(Nc4ncc(CC([O-])=O)s4)=O)cc3Cl)=O,CHEMBL3431937,-5.51,,,,,,,,,
569,CHEMBL3431927,COc1ccc(Cl)cc1S(=O)(N2CCOc3c2cc(C(Nc4ccn(CC([O-])=O)n4)=O)cc3Cl)=O,CHEMBL3431937,-7.52,,,,,,,,,
570,CHEMBL595,N1C(=O)S[C@@](Cc3ccc(OCCc2ncc(CC)cc2)cc3)C1=O,CHEMBL3431937,-5.13,,,,,,,,,
571,CHEMBL108877,c1(O)ccccc1Cl,CHEMBL905613,-4.47,,,,,,,,,
572,CHEMBL11,N1(CCC[N@H+](C)C)c2c(cccc2)CCc3c1cccc3,CHEMBL905613,-4.54,,,,,,,,,
573,CHEMBL110739,C1CC(=O)C=C2CC[C@@]3[C@]([C@@](O)C[C@@]4(C)[C@]3CC[C@@]4C(=O)CO)[C@@]12C,CHEMBL905613,-4.67,,,,,,,,,
574,CHEMBL112,C(=O)(C)Nc1ccc(O)cc1,CHEMBL905613,-5.91,,,,,,,,,
575,CHEMBL113,c12c(n(C)cn2)C(=O)N(C)C(=O)N1C,CHEMBL905613,-5.21,,,,,,,,,
576,CHEMBL1143,c1(Cl)cc(Cl)ccc1O,CHEMBL905613,-4.58,,,,,,,,,
577,CHEMBL13,O(C[C@](C[NH2+][C@@](C)C)O)c1ccc(CCOC)cc1,CHEMBL905613,-5.01,,,,,,,,,
578,CHEMBL130,[N+]([O-])(=O)c1ccc(cc1)[C@@](O)[C@@](CO)NC(=O)[C@@](Cl)Cl,CHEMBL905613,-5.35,,,,,,,,,
579,CHEMBL131,C1C(=O)C=C2[C@]([C@@]4[C@]([C@]3[C@]([C@](C(CO)=O)(O)CC3)(C)C[C@@]4O)CC2)(C)C=1,CHEMBL905613,-5.49,,,,,,,,,
580,CHEMBL134,C1(=NCCN1)Nc2c(cccc2Cl)Cl,CHEMBL905613,-4.97,,,,,,,,,
581,CHEMBL13888,[N+]([O-])(=O)c1cc(ccc1)O,CHEMBL905613,-4.56,,,,,,,,,
582,CHEMBL14060,Oc1ccccc1,CHEMBL905613,-4.16,,,,,,,,,
583,CHEMBL14068,[N+]([O-])(=O)c1cc(ccc1)N,CHEMBL905613,-4.35,,,,,,,,,
584,CHEMBL14092,c1(ccccc1)c2ccccc2,CHEMBL905613,-5.39,,,,,,,,,
585,CHEMBL14205,Oc1c(cccc1)[N+](=O)[O-],CHEMBL905613,-4.05,,,,,,,,,
586,CHEMBL14282,Nc1ccc(cc1)[N+](=O)[O-],CHEMBL905613,-4.43,,,,,,,,,
587,CHEMBL15063,n1c(nc(N[C@@](C)C)nc1NCC)Cl,CHEMBL905613,-4.4,,,,,,,,,
588,CHEMBL154,c1([C@](C)C(=O)[O-])cc2c(cc1)cc(OC)cc2,CHEMBL905613,-5.29,,,,,,,,,
589,CHEMBL15844,n1ccc2ccccc12,CHEMBL905612,-4.5,,,,,,,,,
590,CHEMBL15888,Clc1ccc(cc1)N,CHEMBL905613,-4.12,,,,,,,,,
591,CHEMBL16,N1C(=O)[C@](c2ccccc2)(c3ccccc3)NC=1O,CHEMBL905613,-4.58,,,,,,,,,
592,CHEMBL1790041,[N+]([O-])(=O)\C=C(\NCCSCc1oc(C[N@H+](C)C)cc1)/NC,CHEMBL905613,-5.87,,,,,,,,,
593,CHEMBL189558,O=C1[C@@](NC(=O)[C@](Cc3ccc(cc3)O)N1)Cc2ccc(cc2)O,CHEMBL905612,-6.17,,,,,,,,,
594,CHEMBL190,N1(C)c2c(ncn2)C(=O)N(C)C1=O,CHEMBL905613,-5.4,,,,,,,,,
595,CHEMBL191011,N1C(=O)[C@](Cc3cnc5c3cccc5)NC(=O)[C@@]1Cc2cnc4c2cccc4,CHEMBL905612,-5.04,,,,,,,,,
596,CHEMBL207225,C([O-])(CCc1cnc2c1cccc2)=O,CHEMBL905612,-5.68,,,,,,,,,
597,CHEMBL22,n1c(N)c(cnc1N)Cc2cc(OC)c(OC)c(OC)c2,CHEMBL905613,-5.46,,,,,,,,,
598,CHEMBL226544,[C@]1(Cc2cnc3c2cccc3)C(NCC(N1)=O)=O,CHEMBL905612,-6.02,,,,,,,,,
599,CHEMBL226545,c2ccc1c(c(CCO)cn1)c2,CHEMBL905612,-4.72,,,,,,,,,
600,CHEMBL226650,c1cccc([C@@](CC)C)c1OC(NC)=O,CHEMBL905613,-4.57,,,,,,,,,
601,CHEMBL226651,COC1=NN(CSP(OC)(OC)=S)C(S1)=O,CHEMBL905613,-4.76,,,,,,,,,
602,CHEMBL226967,COP2(OCc1ccccc1O2)=S,CHEMBL905613,-4.8,,,,,,,,,
603,CHEMBL226968,CCc1ccc(C(NN([C@](C)(C)C)C(c2cc(C)cc(C)c2)=O)=O)cc1,CHEMBL905612,-4.8,,,,,,,,,
604,CHEMBL226969,C[C@](C)(N(NC(c2ccc(Cl)cc2)=O)C(c1ccccc1)=O)C,CHEMBL905612,-4.76,,,,,,,,,
605,CHEMBL227020,Cc1cc(C)cc(C(N(NC(c2c(C)c3c(OCCC3)cc2)=O)[C@](C)(C)C)=O)c1,CHEMBL905612,-4.78,,,,,,,,,
606,CHEMBL227122,c4cccc1c4nc(C[C@@](C([O-])=O)NC(=O)OC[C@]2c3c(c5c2cccc5)cccc3)c1,CHEMBL905612,-4.89,,,,,,,,,
607,CHEMBL227123,[NH3+][C@@](Cc2cnc1c2cccc1)C(N)=O,CHEMBL905612,-5.56,,,,,,,,,
608,CHEMBL227124,[NH3+]CC(=O)N[C@@](Cc1cnc2c1cccc2)C(N)=O,CHEMBL905612,-6.38,,,,,,,,,
609,CHEMBL227173,[NH3+][C@@](Cc1cnc2c1cccc2)C(=O)N[C@@](C)C(=O)N[C@@]([C@@](C)C)C(N)=O,CHEMBL905612,-6.62,,,,,,,,,
610,CHEMBL227174,N(C(C)=O)[C@@](Cc1cnc2c1cccc2)C(N[C@@]([C@@](C)C)C(N)=O)=O,CHEMBL905612,-6.18,,,,,,,,,
611,CHEMBL227181,c1(C)ccc(CC)cn1,CHEMBL905613,-5.33,,,,,,,,,
612,CHEMBL227265,c1cccc2c1nc(C[C@@](C([O-])=O)NC(=O)O[C@](C)(C)C)c2,CHEMBL905612,-5.77,,,,,,,,,
613,CHEMBL227338,N(C(C)=O)[C@](Cc1cnc2c1cccc2)C(=O)N[C@@]([C@@](C)C)C(N)=O,CHEMBL905612,-6.14,,,,,,,,,
614,CHEMBL227339,N(C(C)=O)[C@@](Cc1ccc(O)cc1)C(N[C@@](C[C@@](C)C)C(N)=O)=O,CHEMBL905612,-6.54,,,,,,,,,
615,CHEMBL23,[C@]1(OC(C)=O)C(=O)N(CC[N@@H+](C)C)c3c(cccc3)S[C@]1c2ccc(OC)cc2,CHEMBL905613,-5.62,,,,,,,,,
616,CHEMBL23832,c1cccc(Nc2ccccc2C(=O)[O-])c1,CHEMBL905613,-4.78,,,,,,,,,
617,CHEMBL266195,O(C[C@@](O)C[NH2+][C@@](C)C)c1c(cccc1)CC=C,CHEMBL905613,-4.7,,,,,,,,,
618,CHEMBL27,c12c(cccc1cccc2)OC[C@@](O)C[NH2+][C@@](C)C,CHEMBL905613,-4.53,,,,,,,,,
619,CHEMBL274009,[N+]([O-])(=O)c1c(cccc1)N,CHEMBL905613,-4.24,,,,,,,,,
620,CHEMBL277474,C1(=O)N(c2ccccc2)N(C)C(C)=C1,CHEMBL905613,-5.36,,,,,,,,,
621,CHEMBL279564,c12c3c4ccc1cccc2ccc3ccc4,CHEMBL905613,-5.21,,,,,,,,,
622,CHEMBL288470,C1(=O)C(N(C)C)=C(C)N(C)N1c2ccccc2,CHEMBL905613,-4.55,,,,,,,,,
623,CHEMBL29878,c1(C)c(O)ccc(C)c1,CHEMBL905613,-4.27,,,,,,,,,
624,CHEMBL323348,c1(C(OC)=O)c(C(OC)=O)cccc1,CHEMBL905613,-4.18,,,,,,,,,
625,CHEMBL325415,c1c(cccc1Cl)N,CHEMBL905613,-4.15,,,,,,,,,
626,CHEMBL35,NS(=O)(c1c(cc(c(C(=O)[O-])c1)NCc2ccco2)Cl)=O,CHEMBL905613,-6.4,,,,,,,,,
627,CHEMBL354761,[N+]([O-])(=O)c1cc(Cl)ccc1Cl,CHEMBL905613,-4.77,,,,,,,,,
628,CHEMBL374395,c1cccc2c1nc(C[C@@](C([O-])=O)NC(=O)OCc3ccccc3)c2,CHEMBL905612,-5.62,,,,,,,,,
629,CHEMBL379099,c1cccc2c1ncc2C(N)=O,CHEMBL905612,-5.21,,,,,,,,,
630,CHEMBL384467,C1=CC(=O)C=C2CC[C@@]3[C@@]([C@@](O)C[C@@]4(C)[C@]3C[C@@](C)[C@]4(O)C(=O)CO)(F)[C@@]12C,CHEMBL905613,-5.23,,,,,,,,,
631,CHEMBL386630,C1CC(C=C2CC[C@@]3[C@](CC[C@@]4(C)[C@]3CC[C@@]4O)[C@@]12C)=O,CHEMBL905613,-4.59,,,,,,,,,
632,CHEMBL38688,c1ccc(Nc2ccccc2)cc1,CHEMBL905613,-5.28,,,,,,,,,
633,CHEMBL387527,c12ccccc1ncc2C(=O)[O-],CHEMBL905612,-6.1,,,,,,,,,
634,CHEMBL387744,c1cc(C(=O)NN([C@](C)(C)C)C(=O)c2ccccc2)ccc1,CHEMBL905612,-4.78,,,,,,,,,
635,CHEMBL388382,c2c(C[C@@](C(N[C@@](Cc1ccccc1)C(N)=O)=O)NC(C)=O)ccc(O)c2,CHEMBL905612,-6.92,,,,,,,,,
636,CHEMBL388384,c1ccccc1CSP(O[C@@](C)C)(=O)O[C@@](C)C,CHEMBL905613,-4.44,,,,,,,,,
637,CHEMBL388558,c1(C(OCC)=O)c(C(OCC)=O)cccc1,CHEMBL905613,-4.66,,,,,,,,,
638,CHEMBL388559,CCN(C(SCc1ccc(Cl)cc1)=O)CC,CHEMBL905613,-4.47,,,,,,,,,
639,CHEMBL388560,n1c(C)cc(OP(OCC)(=S)OCC)nc1[C@@](C)C,CHEMBL905613,-5.02,,,,,,,,,
640,CHEMBL389621,C2CC(=O)C=C1CC[C@@]3[C@]([C@@](O)C[C@@]4(C)[C@]3CC[C@]4(O)C(=O)CO)[C@]12C,CHEMBL905613,-5.32,,,,,,,,,
641,CHEMBL389885,c1cccc(Cl)c1N,CHEMBL905613,-4.19,,,,,,,,,
642,CHEMBL390937,c2cccc1c2c(C[C@@](C(N)=O)NC(C)=O)cn1,CHEMBL905612,-5.72,,,,,,,,,
643,CHEMBL390938,[NH3+][C@@](Cc2ccccc2)C(=O)N[C@@](Cc1cnc3c1cccc3)C(N)=O,CHEMBL905612,-5.22,,,,,,,,,
644,CHEMBL406819,c1cc(ncc1CN2CCNC2\=N[\N+]([O-])=O)Cl,CHEMBL905613,-5.32,,,,,,,,,
645,CHEMBL424,c1(c(cccc1)O)C(=O)[O-],CHEMBL905613,-5.72,,,,,,,,,
646,CHEMBL429,c1(C(N)=O)cc([C@@](O)C[NH2+][C@@](C)CCc2ccccc2)ccc1O,CHEMBL905613,-5.2,,,,,,,,,
647,CHEMBL435,NS(=O)(c1cc2c(NCNS2(=O)=O)cc1Cl)=O,CHEMBL905613,-6.57,,,,,,,,,
648,CHEMBL46931,c1cccc(C)c1O,CHEMBL905613,-4.03,,,,,,,,,
649,CHEMBL500,c12c(cccc1OC[C@@](O)C[NH2+][C@@](C)C)ncc2,CHEMBL905613,-5.49,,,,,,,,,
650,CHEMBL521,C([O-])(=O)[C@@](C)c1ccc(C[C@@](C)C)cc1,CHEMBL905613,-4.49,,,,,,,,,
651,CHEMBL527,S1(=O)(=O)N(C)C(C(=O)Nc3ncccc3)=C(O)c2c1cccc2,CHEMBL905613,-4.88,,,,,,,,,
652,CHEMBL537,c1cc(O)ccc1O,CHEMBL905613,-5.2,,,,,,,,,
653,CHEMBL538,Nc1ccccc1,CHEMBL905613,-3.92,,,,,,,,,
654,CHEMBL546,O(C[C@@](O)C[NH2+][C@@](C)C)c1c(cccc1)OCC=C,CHEMBL905613,-4.9,,,,,,,,,
655,CHEMBL55772,N(NC(=O)c2c(C)c(ccc2)OC)([C@](C)(C)C)C(=O)c1cc(C)cc(C)c1,CHEMBL905612,-4.72,,,,,,,,,
656,CHEMBL571,C(=O)(c2ccccc2)c1cc(ccc1)[C@](C)C(=O)[O-],CHEMBL905613,-5.5,,,,,,,,,
657,CHEMBL642,c1(C(C)=O)c(ccc(c1)NC(CCC)=O)OC[C@@](O)C[NH2+][C@@](C)C,CHEMBL905613,-6.15,,,,,,,,,
658,CHEMBL6466,C1(=O)C=Cc2ccccc2O1,CHEMBL905613,-4.22,,,,,,,,,
659,CHEMBL649,c12C[C@](O)[C@](O)Cc2cccc1OC[C@@](O)C[NH2+][C@@](C)(C)C,CHEMBL905613,-5.6,,,,,,,,,
660,CHEMBL66381,c1cc(C#N)ccc1O,CHEMBL905613,-4.73,,,,,,,,,
661,CHEMBL6640,c2ccc1c(ncc1CC[NH3+])c2,CHEMBL905612,-5.27,,,,,,,,,
662,CHEMBL6966,O(C)c1cc(ccc1OC)[C@](CCC[N@H+](C)CCc2cc(c(cc2)OC)OC)(C#N)[C@@](C)C,CHEMBL905613,-4.41,,,,,,,,,
663,CHEMBL6995,C(=O)(C)Nc1ccc(cc1)OC[C@](O)C[NH2+][C@@](C)C,CHEMBL905613,-6.13,,,,,,,,,
664,CHEMBL72,N1(CCC[NH2+]C)c2c(cccc2)CCc3c1cccc3,CHEMBL905613,-4.45,,,,,,,,,
665,CHEMBL82411,c12c(c(CC(=O)[O-])cn1)cccc2,CHEMBL905612,-6.4,,,,,,,,,
666,CHEMBL9,c1(N3CC[NH2+]CC3)c(F)cc2c(N(CC)C=C(C(=O)[O-])C2=O)c1,CHEMBL905613,-6.72,,,,,,,,,
667,CHEMBL9967,N1(C(=O)C[N@H+]2CC[N@H+](C)CC2)c3c(cccc3)C(=O)Nc4c1nccc4,CHEMBL905613,-6.06,,,,,,,,,
668,CHEMBL108877,c1(O)ccccc1Cl,CHEMBL905613,-4.82,,,,,,,,,
669,CHEMBL11,N1(CCC[N@H+](C)C)c2c(cccc2)CCc3c1cccc3,CHEMBL905613,-4.2,,,,,,,,,
670,CHEMBL110739,C1CC(=O)C=C2CC[C@@]3[C@]([C@@](O)C[C@@]4(C)[C@]3CC[C@@]4C(=O)CO)[C@@]12C,CHEMBL905613,-4.47,,,,,,,,,
671,CHEMBL112,C(=O)(C)Nc1ccc(O)cc1,CHEMBL905613,-5.65,,,,,,,,,
672,CHEMBL113,c12c(n(C)cn2)C(=O)N(C)C(=O)N1C,CHEMBL905613,-4.8,,,,,,,,,
673,CHEMBL1143,c1(Cl)cc(Cl)ccc1O,CHEMBL905613,-3.9,,,,,,,,,
674,CHEMBL13,O(C[C@](C[NH2+][C@@](C)C)O)c1ccc(CCOC)cc1,CHEMBL905613,-4.84,,,,,,,,,
675,CHEMBL130,[N+]([O-])(=O)c1ccc(cc1)[C@@](O)[C@@](CO)NC(=O)[C@@](Cl)Cl,CHEMBL905613,-5.24,,,,,,,,,
676,CHEMBL131,C1C(=O)C=C2[C@]([C@@]4[C@]([C@]3[C@]([C@](C(CO)=O)(O)CC3)(C)C[C@@]4O)CC2)(C)C=1,CHEMBL905613,-5.52,,,,,,,,,
677,CHEMBL134,C1(=NCCN1)Nc2c(cccc2Cl)Cl,CHEMBL905613,-4.94,,,,,,,,,
678,CHEMBL13888,[N+]([O-])(=O)c1cc(ccc1)O,CHEMBL905613,-4.16,,,,,,,,,
679,CHEMBL14060,Oc1ccccc1,CHEMBL905613,-3.83,,,,,,,,,
680,CHEMBL14068,[N+]([O-])(=O)c1cc(ccc1)N,CHEMBL905613,-3.71,,,,,,,,,
681,CHEMBL14092,c1(ccccc1)c2ccccc2,CHEMBL905613,-4.27,,,,,,,,,
682,CHEMBL14205,Oc1c(cccc1)[N+](=O)[O-],CHEMBL905613,-3.66,,,,,,,,,
683,CHEMBL14282,Nc1ccc(cc1)[N+](=O)[O-],CHEMBL905613,-3.91,,,,,,,,,
684,CHEMBL15063,n1c(nc(N[C@@](C)C)nc1NCC)Cl,CHEMBL905613,-4.14,,,,,,,,,
685,CHEMBL154,c1([C@](C)C(=O)[O-])cc2c(cc1)cc(OC)cc2,CHEMBL905613,-5.26,,,,,,,,,
686,CHEMBL15888,Clc1ccc(cc1)N,CHEMBL905613,-3.59,,,,,,,,,
687,CHEMBL16,N1C(=O)[C@](c2ccccc2)(c3ccccc3)NC=1O,CHEMBL905613,-4.93,,,,,,,,,
688,CHEMBL1790041,[N+]([O-])(=O)\C=C(\NCCSCc1oc(C[N@H+](C)C)cc1)/NC,CHEMBL905613,-5.52,,,,,,,,,
689,CHEMBL190,N1(C)c2c(ncn2)C(=O)N(C)C1=O,CHEMBL905613,-5.58,,,,,,,,,
690,CHEMBL22,n1c(N)c(cnc1N)Cc2cc(OC)c(OC)c(OC)c2,CHEMBL905613,-5.38,,,,,,,,,
691,CHEMBL226650,c1cccc([C@@](CC)C)c1OC(NC)=O,CHEMBL905613,-3.88,,,,,,,,,
692,CHEMBL226651,COC1=NN(CSP(OC)(OC)=S)C(S1)=O,CHEMBL905613,-4.33,,,,,,,,,
693,CHEMBL226967,COP2(OCc1ccccc1O2)=S,CHEMBL905613,-4.36,,,,,,,,,
694,CHEMBL227181,c1(C)ccc(CC)cn1,CHEMBL905613,-4.89,,,,,,,,,
695,CHEMBL23,[C@]1(OC(C)=O)C(=O)N(CC[N@@H+](C)C)c3c(cccc3)S[C@]1c2ccc(OC)cc2,CHEMBL905613,-3.91,,,,,,,,,
696,CHEMBL23832,c1cccc(Nc2ccccc2C(=O)[O-])c1,CHEMBL905613,-4.61,,,,,,,,,
697,CHEMBL266195,O(C[C@@](O)C[NH2+][C@@](C)C)c1c(cccc1)CC=C,CHEMBL905613,-4.21,,,,,,,,,
698,CHEMBL27,c12c(cccc1cccc2)OC[C@@](O)C[NH2+][C@@](C)C,CHEMBL905613,-4.42,,,,,,,,,
699,CHEMBL274009,[N+]([O-])(=O)c1c(cccc1)N,CHEMBL905613,-3.64,,,,,,,,,
700,CHEMBL277474,C1(=O)N(c2ccccc2)N(C)C(C)=C1,CHEMBL905613,-5,,,,,,,,,
701,CHEMBL279564,c12c3c4ccc1cccc2ccc3ccc4,CHEMBL905613,-4.32,,,,,,,,,
702,CHEMBL288470,C1(=O)C(N(C)C)=C(C)N(C)N1c2ccccc2,CHEMBL905613,-4.14,,,,,,,,,
703,CHEMBL29878,c1(C)c(O)ccc(C)c1,CHEMBL905613,-3.58,,,,,,,,,
704,CHEMBL323348,c1(C(OC)=O)c(C(OC)=O)cccc1,CHEMBL905613,-3.8,,,,,,,,,
705,CHEMBL325415,c1c(cccc1Cl)N,CHEMBL905613,-3.58,,,,,,,,,
706,CHEMBL35,NS(=O)(c1c(cc(c(C(=O)[O-])c1)NCc2ccco2)Cl)=O,CHEMBL905613,-6.24,,,,,,,,,
707,CHEMBL354761,[N+]([O-])(=O)c1cc(Cl)ccc1Cl,CHEMBL905613,-4.09,,,,,,,,,
708,CHEMBL384467,C1=CC(=O)C=C2CC[C@@]3[C@@]([C@@](O)C[C@@]4(C)[C@]3C[C@@](C)[C@]4(O)C(=O)CO)(F)[C@@]12C,CHEMBL905613,-4.95,,,,,,,,,
709,CHEMBL386630,C1CC(C=C2CC[C@@]3[C@](CC[C@@]4(C)[C@]3CC[C@@]4O)[C@@]12C)=O,CHEMBL905613,-3.87,,,,,,,,,
710,CHEMBL38688,c1ccc(Nc2ccccc2)cc1,CHEMBL905613,-4.82,,,,,,,,,
711,CHEMBL388384,c1ccccc1CSP(O[C@@](C)C)(=O)O[C@@](C)C,CHEMBL905613,-3.44,,,,,,,,,
712,CHEMBL388558,c1(C(OCC)=O)c(C(OCC)=O)cccc1,CHEMBL905613,-4.33,,,,,,,,,
713,CHEMBL388559,CCN(C(SCc1ccc(Cl)cc1)=O)CC,CHEMBL905613,-4.03,,,,,,,,,
714,CHEMBL388560,n1c(C)cc(OP(OCC)(=S)OCC)nc1[C@@](C)C,CHEMBL905613,-4.51,,,,,,,,,
715,CHEMBL389621,C2CC(=O)C=C1CC[C@@]3[C@]([C@@](O)C[C@@]4(C)[C@]3CC[C@]4(O)C(=O)CO)[C@]12C,CHEMBL905613,-5.07,,,,,,,,,
716,CHEMBL389885,c1cccc(Cl)c1N,CHEMBL905613,-3.61,,,,,,,,,
717,CHEMBL406819,c1cc(ncc1CN2CCNC2\=N[\N+]([O-])=O)Cl,CHEMBL905613,-5.28,,,,,,,,,
718,CHEMBL424,c1(c(cccc1)O)C(=O)[O-],CHEMBL905613,-5.31,,,,,,,,,
719,CHEMBL429,c1(C(N)=O)cc([C@@](O)C[NH2+][C@@](C)CCc2ccccc2)ccc1O,CHEMBL905613,-5.25,,,,,,,,,
720,CHEMBL435,NS(=O)(c1cc2c(NCNS2(=O)=O)cc1Cl)=O,CHEMBL905613,-6.54,,,,,,,,,
721,CHEMBL46931,c1cccc(C)c1O,CHEMBL905613,-3.53,,,,,,,,,
722,CHEMBL500,c12c(cccc1OC[C@@](O)C[NH2+][C@@](C)C)ncc2,CHEMBL905613,-5.85,,,,,,,,,
723,CHEMBL521,C([O-])(=O)[C@@](C)c1ccc(C[C@@](C)C)cc1,CHEMBL905613,-4.14,,,,,,,,,
724,CHEMBL527,S1(=O)(=O)N(C)C(C(=O)Nc3ncccc3)=C(O)c2c1cccc2,CHEMBL905613,-4.72,,,,,,,,,
725,CHEMBL537,c1cc(O)ccc1O,CHEMBL905613,-5.34,,,,,,,,,
726,CHEMBL538,Nc1ccccc1,CHEMBL905613,-3.52,,,,,,,,,
727,CHEMBL546,O(C[C@@](O)C[NH2+][C@@](C)C)c1c(cccc1)OCC=C,CHEMBL905613,-5.03,,,,,,,,,
728,CHEMBL571,C(=O)(c2ccccc2)c1cc(ccc1)[C@](C)C(=O)[O-],CHEMBL905613,-5.4,,,,,,,,,
729,CHEMBL642,c1(C(C)=O)c(ccc(c1)NC(CCC)=O)OC[C@@](O)C[NH2+][C@@](C)C,CHEMBL905613,-5.58,,,,,,,,,
730,CHEMBL6466,C1(=O)C=Cc2ccccc2O1,CHEMBL905613,-3.56,,,,,,,,,
731,CHEMBL649,c12C[C@](O)[C@](O)Cc2cccc1OC[C@@](O)C[NH2+][C@@](C)(C)C,CHEMBL905613,-4.49,,,,,,,,,
732,CHEMBL66381,c1cc(C#N)ccc1O,CHEMBL905613,-4.65,,,,,,,,,
733,CHEMBL6966,O(C)c1cc(ccc1OC)[C@](CCC[N@H+](C)CCc2cc(c(cc2)OC)OC)(C#N)[C@@](C)C,CHEMBL905613,-3.96,,,,,,,,,
734,CHEMBL6995,C(=O)(C)Nc1ccc(cc1)OC[C@](O)C[NH2+][C@@](C)C,CHEMBL905613,-6.43,,,,,,,,,
735,CHEMBL72,N1(CCC[NH2+]C)c2c(cccc2)CCc3c1cccc3,CHEMBL905613,-3.81,,,,,,,,,
736,CHEMBL9,c1(N3CC[NH2+]CC3)c(F)cc2c(N(CC)C=C(C(=O)[O-])C2=O)c1,CHEMBL905613,-6.75,,,,,,,,,
737,CHEMBL9967,N1(C(=O)C[N@H+]2CC[N@H+](C)CC2)c3c(cccc3)C(=O)Nc4c1nccc4,CHEMBL905613,-6.09,,,,,,,,,
738,BDH_33697220,C(c2cc4c(CCC4)cc2)(=O)N1CC[C@@]3(CC1)CNC(COc5c(cccc5)CC=CC3)=O,Astellas,-4.52,,,,,,,,,
739,BDH_33701281,C(N2CC[C@@]3(CC2)C(=O)NCCOc4c(cccc4)C(=O)NCC=CC3)(=O)c1ncc[n+]1,Astellas,-6.52,,,,,,,,,
740,BDH_33702300,c1(cc(C[C@](C)C)no1)C(=O)N2CC[C@]3(CC2)C(=O)NCCNC(=O)c4c(cccc4)OCCCC3,Astellas,-4.64,,,,,,,,,
741,LAS_51647569,n1cnn(c1)CC(N2CC[C@@]3(CC2)C(=O)N(C)CCOc4c(CCCCC3)cccc4)=O,Astellas,-4.63,,,,,,,,,
742,LAS_51649260,c2cnc4c(CN(Cc3cccc(OC)c3OC)CCCCCOc1c(cccc1)O4)c2,Astellas,-4.54,,,,,,,,,
743,LAS_51658240,c1cnc2c(CN(Cc4c(OC)c(OC)ccc4)CCOCCOc3c(cccc3)O2)c1,Astellas,-4.56,,,,,,,,,
744,LAS_51663301,c1(C(N2CC[C@]3(C(=O)NCCOCc4c[n+](nn4)CCCC3)CC2)=O)cn(CCC)nc1,Astellas,-6.05,,,,,,,,,
745,LAS_51900482,[C@@]1(N3CC[C@]2(CC3)CCCCc4c(cccc4)OCCCC(=O)N(C2)C)CCOCC1,Astellas,-4.6,,,,,,,,,
746,LAS_51900724,N(C)(C)CCCNC(=O)[C@@]2NC(=O)c1ccccc1OC[C@@]([C@](C)C)NC(=O)[C@@]([C@](C)C)NC(=O)[C@](C[C@](C)C)NC(=O)CC2,Astellas,-5.84,,,,,,,,,
747,LAS_51904053,N1(CCOCC1)CCCNC(=O)[C@]3NC(=O)c2c(OCCN(C)C(=O)[C@@]([C@](C)C)NC(=O)C3)cccc2,Astellas,-5.68,,,,,,,,,
748,LAS_52042692,c1(OCC)ccc(CN4Cc3c[n+](CC(=O)NCCOc2ccccc2C4)nn3)cc1,Astellas,-4.55,,,,,,,,,
749,LAS_52042848,[C@@]1(N4CC(=O)Nc2cc(Cl)ccc2Oc3ccccc3OCCOCC4)CCOCC1,Astellas,-4.57,,,,,,,,,
750,LAS_52044571,[n+]1(CC(N3CC[C@]4(CC3)CNC(=O)COc2c(C[C@@](O)[C@](O)C4)cccc2)=O)c([C@@](C)C)ncc1,Astellas,-5.2,,,,,,,,,
751,LAS_52104235,C1(=O)NCCCOc3c(cccc3)C(=O)N[C@@](C(=O)O)CCC(=O)N[C@@]1Cc2ccccc2,Astellas,-5.82,,,,,,,,,
752,LAS_52105209,N1(C)CCCN(C(=O)[C@@]2NC(=O)c3c(cccc3)OCCCNC(=O)[C@](C[C@](C)C)NC(=O)CC2)CC1,Astellas,-5.69,,,,,,,,,
753,LAS_52107944,C1C[C@@](CCN1Cc6ccc(cc6)F)C(=O)N5C[C@@]3CC[C@@](CCN(c4ccccc4C5)C(=O)C)N3Cc2ccncc2,Astellas,-4.59,,,,,,,,,
754,LAS_52110813,O1CCN(C(O[C@@](C)(C)C)=O)CCN(CC)C(=O)c3c(nccc3)Oc2c1cccc2,Astellas,-4.59,,,,,,,,,
755,LAS_52132208,C1(=O)N[C@@](Cc4ccccc4)COc3c(cccc3)C(=O)NCCCOc2c(cccc2)C(=O)N[C@@](C(O)=O)CC1,Astellas,-6.1,,,,,,,,,
756,LAS_52135120,[C@]2(CNC(=O)[C@@]4NC(=O)c3c(OC[C@@]([C@](C)C)NC(=O)[C@]5(CCCC5)NC(=O)CC4)cccc3)(CCOCC2)c1cc(ccc1)F,Astellas,-4.8,,,,,,,,,
757,LAS_52135200,[C@]2(CNC(=O)[C@@]4NC(=O)c3c(OC[C@@]([C@](C)C)NC(=O)[C@@]5(CCCCC5)NC(=O)CC4)cccc3)(CCOCC2)c1cc(ccc1)F,Astellas,-4.63,,,,,,,,,
758,LAS_52137850,c1(OCCC)cc(c2ccc3c(CN4[C@](CCC4)C(=O)NCCOCCO3)c2)ccc1,Astellas,-4.52,,,,,,,,,
759,LAS_52141146,c1cnc2c(C(NCCCN4CCOCC4)=NCCCCCCOc3c(cccc3)O2)c1,Astellas,-5.63,,,,,,,,,
760,LAS_52141152,c1cnc2c(C(N4CCN(CC4)[C@@](C)C)=NCCCCCCOc3c(cccc3)O2)c1,Astellas,-4.91,,,,,,,,,
761,LAS_52144084,c2(N(C)CCc4ccccc4)ccc3c(CN1[C@](C(=O)NCCOCCO3)CCC1)c2,Astellas,-4.52,,,,,,,,,
762,LAS_52146431,c1(c2ccc3c(CN4C[C@](C(=O)NCCOCCO3)CCC4)c2)c(F)c(OC)ccc1,Astellas,-4.54,,,,,,,,,
763,LAS_52146600,C(=O)(N1CC[C@@]3(COc2ccccc2C(=O)NCCOCCCC3)CC1)CCN(C)C,Astellas,-5.46,,,,,,,,,
764,LAS_52146805,n1c(O)cc(C(N2CC[C@@]4(C(=O)NCCOc3ccccc3CCCCC4)CC2)=O)cc1,Astellas,-5.84,,,,,,,,,
765,LAS_52152793,N1(CCCNC3c2c(Oc4ccccc4OCCCCCN3)nccc2)CCOCC1,Astellas,-5.78,,,,,,,,,
766,LAS_52154828,C1(=O)N[C@@](CCC(=O)N[C@]3(CCCCC3)C(=O)N[C@]([C@@](C)C)COc4c1cccc4)C(NCCCc2nc(C)cs2)=O,Astellas,-4.7,,,,,,,,,
767,LAS_52155805,C1(=O)N[C@](CCC(=O)N[C@@]3(CCCC3)C(=O)N[C@]([C@@](C)C)COc4c1cccc4)C(=O)NCc5cc(ccc5)CN2C(CCC2)=O,Astellas,-5.34,,,,,,,,,
768,LAS_52155968,c2(Nc4cccc(OC)c4)ccc1c(CN3C[C@@](C(NCCOCCO1)=O)CCC3)c2,Astellas,-4.61,,,,,,,,,
769,LAS_52159132,C(CC(N4Cc3ccccc3N(C(COC)=O)CCCN(Cc5ccc(Cl)cc5)CCC4)=O)[n+]1ncc2c1cccc2,Astellas,-4.53,,,,,,,,,
770,LAS_52162509,c1(ccccc1Cl)CC(N4Cc2c(Oc3ccccc3OCCOCC4)nccc2)=O,Astellas,-4.55,,,,,,,,,
771,LAS_52164169,c1(ccccc1)OCC(N2CC[C@]4(CN(C)C(COc3ccccc3C[C@@](O)[C@](O)C4)=O)CC2)=O,Astellas,-5.17,,,,,,,,,
772,LAS_52166734,c2ccc1OCCCNC([C@@](Cc3ccccc3)NC([C@@](NC(C[C@@](NC(c1c2)=O)C(=O)O)=O)C[C@](C)C)=O)=O,Astellas,-5.81,,,,,,,,,
773,LAS_52167560,C1(=O)N[C@@](C(NCCCc2cc(OC)c(OC)cc2)=O)CC(=O)N[C@@]([C@](C)C)C(=O)N[C@](Cc4ccccc4)C(=O)NCCCOc3c1cccc3,Astellas,-5.55,,,,,,,,,
774,LAS_52167954,CCC(=O)N3CCOc4ccc(c1ccncc1)cc4Cc2cccc(C(NCC3)=O)c2,Astellas,-4.88,,,,,,,,,
775,LAS_52168541,c1(ccccc1OC)CC(N3Cc2c(OCCCCCNC(=O)C3)c(OCC)ccc2)=O,Astellas,-4.62,,,,,,,,,
776,LAS_52168719,c1(cc(C)ccc1)CC(N4Cc2c(Oc3ccccc3OCCCCCC4)nccc2)=O,Astellas,-4.52,,,,,,,,,
777,LAS_52169928,C1(=O)N[C@](C(=O)NC[C@]4(CCOCC4)c3cc(ccc3)F)CC(=O)N[C@@]2(CCCCC2)C(=O)N[C@@](Cc6ccccc6)C(=O)NCCCOc5c1cccc5,Astellas,-4.77,,,,,,,,,
778,LAS_52169970,C1(=O)N[C@](C(NCCOc2c(C)cc(C)cc2)=O)CC(=O)N[C@]3(CCCCC3)C(=O)N[C@@](Cc5ccccc5)C(=O)NCCCOc4c1cccc4,Astellas,-4.55,,,,,,,,,
779,LAS_52170106,C1(=O)N[C@@](C(=O)NCc2ccc(cc2)CN4CCCC4)CC(=O)N[C@]3(CCCC3)C(=O)N[C@](Cc6ccccc6)C(=O)NCCCOc5c1cccc5,Astellas,-5.8,,,,,,,,,
780,LAS_52172509,c1(OCC(N2CC[C@](O)[C@](O)COc3c(cccc3)CCCC2)=O)ccc(Cl)cc1,Astellas,-4.56,,,,,,,,,
781,LAS_52172754,c1(C(N2CCCC[C@@]3(CO)CCN(CC3)Cc4c(cccc4)OCC2)=O)c(N)nccn1,Astellas,-6.22,,,,,,,,,
782,LAS_52172839,c1(C(N2CCCC[C@@]3(CO)CCN(CC3)C(=O)c4c(cccc4)OCC2)=O)cccnc1,Astellas,-6.13,,,,,,,,,
783,LAS_52466348,c1c(Cl)ccc(C(N4Cc2c(Oc3ccccc3OCCCCCC4)nccc2)=O)c1,Astellas,-4.54,,,,,,,,,
784,LAS_52480202,C1N(C(=O)c2ccc3c(Cc4cc(ccc4)CN(C[C@@]5CC5)CCCCCO3)c2)CCOC1,Astellas,-4.6,,,,,,,,,
785,LAS_52482819,c1(cnc[n+]1)C(N2CC[C@]3(CCCCOCCN(C)Cc4c(cccc4)OC3)CC2)=O,Astellas,-6,,,,,,,,,
786,LAS_52506402,C(N(C)C)C(N3C[C@]2Oc1ccccc1C(N(CCCCCCCCO[C@@]2C3)C)=O)=O,Astellas,-4.91,,,,,,,,,
787,LAS_52507024,c1(C(N3CCCCCCN(C)C(=O)c2c(O[C@]4[C@@]3CCCC4)cccc2)=O)cn(C)cn1,Astellas,-5.24,,,,,,,,,
788,LAS_52511076,[C@]1(CC(N4[C@@]2CCCC[C@]2Oc3c(C(=O)N(CC)CCCCC4)cccc3)=O)CCCC1,Astellas,-4.52,,,,,,,,,
789,LAS_52511151,c1(C(N4[C@@]2CCCC[C@@]2Oc3c(C(=O)N(C)CCCCC4)cccc3)=O)nn(C)c(C)c1,Astellas,-5.33,,,,,,,,,
790,LAS_52514101,c1(C(N3CCCCCN(CC)C(=O)c2c(cccc2)OC[C@@]3[C@@](C)C)=O)nc(N)sc1,Astellas,-5.27,,,,,,,,,
791,LAS_52515343,c1(C(N2[C@](C[C@@](C)C)COc3c(C(N(C)CCCCCC2)=O)cccc3)=O)c[n+](C)nc1,Astellas,-4.84,,,,,,,,,
792,LAS_52515710,c1(cncn1)C(N4[C@@]3[C@](CCCC3)OC2=CCC=C[C@@]2C(N(C)CCCCCCC4)=O)=O,Astellas,-4.64,,,,,,,,,
793,LAS_52515717,[C@@](C)(C)CC(N3[C@@]2[C@](CCCC2)OC1=CCC=C[C@@]1C(N(C)CCCCCCC3)=O)=O,Astellas,-4.52,,,,,,,,,
794,AC_9A54,N6[C@](C(N[C@@]([C@@](C)(C)C)C(N[C@](C(N[C@](C(N[C@](C(N[C@](C(N[C@](Cc3ccc4c(cccc4)c3)C(N[C@](C(N[C@](C(N[C@](CCCC)C(N[C@](C6=O)CCC(N)=O)=O)=O)Cc5cc(c(F)cc5)F)=O)CCC\N=C(\N)N)=O)=O)CCCN=C(N)N)=O)CCCN=C(N)N)=O)CCCN=C(N)N)=O)[C@](C)C)=O)=O)Cc1cnc2c1cccc2,Enamine,-7,,,,,,,,,
795,AC_9A5,N1[C@](C(N[C@@]([C@](O)C)C(N[C@](C(N[C@](C(N[C@](C(N[C@](C(N[C@](Cc4ccc5c(cccc5)c4)C(N[C@](C(N[C@](C(N[C@](CCCC)C(N[C@](C1=O)CCC(N)=O)=O)=O)Cc6ccc(F)cc6)=O)CCCNC(=N)N)=O)=O)CCCNC(=N)N)=O)CCCNC(N)=N)=O)CCCN\C(=N)\N)=O)C)=O)=O)Cc2cnc3c2cccc3,Enamine,-7.2,,,,,,,,,
,,,,,,,,,,,,,
,,,,,,,,,,,,,
,,,,,,,,,,,,,
,,,,,,,,,,,,,
,,,,,,,,,,,,,
,,,,,,,,,,,,,
,,,,,,,,,,,,,
,,,,,,,,,,,,,
,,,,,,,,,,,,,
,,,,,,,,,,,,,
,,,,,,,,,,,,,
,,,,,,,,,,,,,
,,,,,,,,,,,,,
,,,,,,,,,,,,,
,,,,,,,,,,,,,
,,,,,,,,,,,,,
,,,,,,,,,,,,,
,,,,,,,,,,,,,
,,,,,,,,,,,,,
,,,,,,,,,,,,,
,,,,,,,,,,,,,
,,,,,,,,,,,,,
,,,,,,,,,,,,,
,,,,,,,,,,,,,
,,,,,,,,,,,,,
,,,,,,,,,,,,,
,,,,,,,,,,,,,
,,,,,,,,,,,,,
,,,,,,,,,,,,,
,,,,,,,,,,,,,
,,,,,,,,,,,,,
,,,,,,,,,,,,,
,,,,,,,,,,,,,
,,,,,,,,,,,,,
,,,,,,,,,,,,,
,,,,,,,,,,,,,
,,,,,,,,,,,,,
,,,,,,,,,,,,,
,,,,,,,,,,,,,
,,,,,,,,,,,,,
,,,,,,,,,,,,,
,,,,,,,,,,,,,
,,,,,,,,,,,,,
,,,,,,,,,,,,,
,,,,,,,,,,,,,
,,,,,,,,,,,,,
,,,,,,,,,,,,,
,,,,,,,,,,,,,
,,,,,,,,,,,,,
,,,,,,,,,,,,,
,,,,,,,,,,,,,
,,,,,,,,,,,,,
,,,,,,,,,,,,,
,,,,,,,,,,,,,
,,,,,,,,,,,,,
,,,,,,,,,,,,,
,,,,,,,,,,,,,
,,,,,,,,,,,,,
,,,,,,,,,,,,,
,,,,,,,,,,,,,
,,,,,,,,,,,,,
,,,,,,,,,,,,,
,,,,,,,,,,,,,
,,,,,,,,,,,,,
,,,,,,,,,,,,,
,,,,,,,,,,,,,
,,,,,,,,,,,,,
,,,,,,,,,,,,,
,,,,,,,,,,,,,
,,,,,,,,,,,,,
,,,,,,,,,,,,,
,,,,,,,,,,,,,
,,,,,,,,,,,,,
,,,,,,,,,,,,,
,,,,,,,,,,,,,
,,,,,,,,,,,,,
,,,,,,,,,,,,,
,,,,,,,,,,,,,
,,,,,,,,,,,,,
,,,,,,,,,,,,,
,,,,,,,,,,,,,
,,,,,,,,,,,,,
,,,,,,,,,,,,,
,,,,,,,,,,,,,
,,,,,,,,,,,,,
,,,,,,,,,,,,,
,,,,,,,,,,,,,
,,,,,,,,,,,,,
,,,,,,,,,,,,,
,,,,,,,,,,,,,
,,,,,,,,,,,,,
,,,,,,,,,,,,,
,,,,,,,,,,,,,
,,,,,,,,,,,,,
,,,,,,,,,,,,,
,,,,,,,,,,,,,
,,,,,,,,,,,,,
,,,,,,,,,,,,,
,,,,,,,,,,,,,
,,,,,,,,,,,,,
,,,,,,,,,,,,,
,,,,,,,,,,,,,
,,,,,,,,,,,,,
,,,,,,,,,,,,,
,,,,,,,,,,,,,
,,,,,,,,,,,,,
,,,,,,,,,,,,,
,,,,,,,,,,,,,
,,,,,,,,,,,,,
,,,,,,,,,,,,,
,,,,,,,,,,,,,
,,,,,,,,,,,,,
,,,,,,,,,,,,,
,,,,,,,,,,,,,
,,,,,,,,,,,,,
,,,,,,,,,,,,,
,,,,,,,,,,,,,
,,,,,,,,,,,,,
,,,,,,,,,,,,,
,,,,,,,,,,,,,
,,,,,,,,,,,,,
,,,,,,,,,,,,,
,,,,,,,,,,,,,
,,,,,,,,,,,,,
,,,,,,,,,,,,,
,,,,,,,,,,,,,
,,,,,,,,,,,,,
,,,,,,,,,,,,,
,,,,,,,,,,,,,
,,,,,,,,,,,,,
,,,,,,,,,,,,,
,,,,,,,,,,,,,
,,,,,,,,,,,,,
,,,,,,,,,,,,,
,,,,,,,,,,,,,
,,,,,,,,,,,,,
,,,,,,,,,,,,,
,,,,,,,,,,,,,
,,,,,,,,,,,,,
,,,,,,,,,,,,,
,,,,,,,,,,,,,
,,,,,,,,,,,,,
,,,,,,,,,,,,,
,,,,,,,,,,,,,
,,,,,,,,,,,,,
,,,,,,,,,,,,,
,,,,,,,,,,,,,
,,,,,,,,,,,,,
,,,,,,,,,,,,,
,,,,,,,,,,,,,
,,,,,,,,,,,,,
,,,,,,,,,,,,,
,,,,,,,,,,,,,
,,,,,,,,,,,,,
,,,,,,,,,,,,,
,,,,,,,,,,,,,
,,,,,,,,,,,,,
,,,,,,,,,,,,,
,,,,,,,,,,,,,
,,,,,,,,,,,,,
,,,,,,,,,,,,,
,,,,,,,,,,,,,
,,,,,,,,,,,,,
,,,,,,,,,,,,,
,,,,,,,,,,,,,
,,,,,,,,,,,,,
,,,,,,,,,,,,,
,,,,,,,,,,,,,
,,,,,,,,,,,,,
,,,,,,,,,,,,,
,,,,,,,,,,,,,
,,,,,,,,,,,,,
,,,,,,,,,,,,,
,,,,,,,,,,,,,
,,,,,,,,,,,,,
,,,,,,,,,,,,,
,,,,,,,,,,,,,
,,,,,,,,,,,,,
,,,,,,,,,,,,,
,,,,,,,,,,,,,
,,,,,,,,,,,,,
,,,,,,,,,,,,,
,,,,,,,,,,,,,
,,,,,,,,,,,,,
,,,,,,,,,,,,,
,,,,,,,,,,,,,
,,,,,,,,,,,,,
,,,,,,,,,,,,,
,,,,,,,,,,,,,
,,,,,,,,,,,,,
,,,,,,,,,,,,,
,,,,,,,,,,,,,
,,,,,,,,,,,,,
,,,,,,,,,,,,,
,,,,,,,,,,,,,
,,,,,,,,,,,,,
,,,,,,,,,,,,,
,,,,,,,,,,,,,
,,,,,,,,,,,,,
,,,,,,,,,,,,,
,,,,,,,,,,,,,
,,,,,,,,,,,,,
,,,,,,,,,,,,,
,,,,,,,,,,,,,
,,,,,,,,,,,,,
,,,,,,,,,,,,,
,,,,,,,,,,,,,
,,,,,,,,,,,,,
,,,,,,,,,,,,,
,,,,,,,,,,,,,
,,,,,,,,,,,,,
,,,,,,,,,,,,,
,,,,,,,,,,,,,
,,,,,,,,,,,,,
,,,,,,,,,,,,,
,,,,,,,,,,,,,
,,,,,,,,,,,,,
,,,,,,,,,,,,,
,,,,,,,,,,,,,
,,,,,,,,,,,,,
,,,,,,,,,,,,,
,,,,,,,,,,,,,
,,,,,,,,,,,,,
,,,,,,,,,,,,,
,,,,,,,,,,,,,
,,,,,,,,,,,,,
,,,,,,,,,,,,,
,,,,,,,,,,,,,
,,,,,,,,,,,,,
,,,,,,,,,,,,,
,,,,,,,,,,,,,
,,,,,,,,,,,,,
,,,,,,,,,,,,,
,,,,,,,,,,,,,
,,,,,,,,,,,,,
,,,,,,,,,,,,,
,,,,,,,,,,,,,
,,,,,,,,,,,,,
,,,,,,,,,,,,,
,,,,,,,,,,,,,
,,,,,,,,,,,,,
,,,,,,,,,,,,,
,,,,,,,,,,,,,
,,,,,,,,,,,,,
,,,,,,,,,,,,,
,,,,,,,,,,,,,
,,,,,,,,,,,,,
,,,,,,,,,,,,,
,,,,,,,,,,,,,
,,,,,,,,,,,,,
,,,,,,,,,,,,,
,,,,,,,,,,,,,
,,,,,,,,,,,,,
,,,,,,,,,,,,,
,,,,,,,,,,,,,
,,,,,,,,,,,,,
,,,,,,,,,,,,,
,,,,,,,,,,,,,
,,,,,,,,,,,,,
,,,,,,,,,,,,,
,,,,,,,,,,,,,
,,,,,,,,,,,,,
,,,,,,,,,,,,,
,,,,,,,,,,,,,
,,,,,,,,,,,,,
,,,,,,,,,,,,,
,,,,,,,,,,,,,
,,,,,,,,,,,,,
,,,,,,,,,,,,,
,,,,,,,,,,,,,
,,,,,,,,,,,,,
,,,,,,,,,,,,,
,,,,,,,,,,,,,
,,,,,,,,,,,,,
,,,,,,,,,,,,,
,,,,,,,,,,,,,
,,,,,,,,,,,,,
,,,,,,,,,,,,,
,,,,,,,,,,,,,
,,,,,,,,,,,,,
,,,,,,,,,,,,,
,,,,,,,,,,,,,
,,,,,,,,,,,,,
,,,,,,,,,,,,,
,,,,,,,,,,,,,
,,,,,,,,,,,,,
,,,,,,,,,,,,,
,,,,,,,,,,,,,
,,,,,,,,,,,,,
,,,,,,,,,,,,,
,,,,,,,,,,,,,
,,,,,,,,,,,,,
,,,,,,,,,,,,,
,,,,,,,,,,,,,
,,,,,,,,,,,,,
,,,,,,,,,,,,,
,,,,,,,,,,,,,
,,,,,,,,,,,,,
,,,,,,,,,,,,,
,,,,,,,,,,,,,
,,,,,,,,,,,,,
,,,,,,,,,,,,,
,,,,,,,,,,,,,
,,,,,,,,,,,,,
,,,,,,,,,,,,,
,,,,,,,,,,,,,
,,,,,,,,,,,,,
,,,,,,,,,,,,,
,,,,,,,,,,,,,
,,,,,,,,,,,,,
,,,,,,,,,,,,,
,,,,,,,,,,,,,
,,,,,,,,,,,,,
,,,,,,,,,,,,,
,,,,,,,,,,,,,
,,,,,,,,,,,,,
,,,,,,,,,,,,,
,,,,,,,,,,,,,
,,,,,,,,,,,,,
,,,,,,,,,,,,,
,,,,,,,,,,,,,
,,,,,,,,,,,,,
,,,,,,,,,,,,,
,,,,,,,,,,,,,
,,,,,,,,,,,,,
,,,,,,,,,,,,,
,,,,,,,,,,,,,
,,,,,,,,,,,,,
,,,,,,,,,,,,,
,,,,,,,,,,,,,
,,,,,,,,,,,,,
,,,,,,,,,,,,,
,,,,,,,,,,,,,
,,,,,,,,,,,,,
,,,,,,,,,,,,,
,,,,,,,,,,,,,
,,,,,,,,,,,,,
,,,,,,,,,,,,,
,,,,,,,,,,,,,
,,,,,,,,,,,,,
,,,,,,,,,,,,,
,,,,,,,,,,,,,
,,,,,,,,,,,,,
,,,,,,,,,,,,,
,,,,,,,,,,,,,
,,,,,,,,,,,,,
,,,,,,,,,,,,,
,,,,,,,,,,,,,
,,,,,,,,,,,,,
,,,,,,,,,,,,,
,,,,,,,,,,,,,
,,,,,,,,,,,,,
,,,,,,,,,,,,,
,,,,,,,,,,,,,
,,,,,,,,,,,,,
,,,,,,,,,,,,,
,,,,,,,,,,,,,
,,,,,,,,,,,,,
,,,,,,,,,,,,,
,,,,,,,,,,,,,
,,,,,,,,,,,,,
,,,,,,,,,,,,,
,,,,,,,,,,,,,
,,,,,,,,,,,,,
,,,,,,,,,,,,,
,,,,,,,,,,,,,
,,,,,,,,,,,,,
,,,,,,,,,,,,,
,,,,,,,,,,,,,
,,,,,,,,,,,,,
,,,,,,,,,,,,,
,,,,,,,,,,,,,
,,,,,,,,,,,,,
,,,,,,,,,,,,,
,,,,,,,,,,,,,
,,,,,,,,,,,,,
,,,,,,,,,,,,,
,,,,,,,,,,,,,
,,,,,,,,,,,,,
,,,,,,,,,,,,,
,,,,,,,,,,,,,
,,,,,,,,,,,,,
,,,,,,,,,,,,,
,,,,,,,,,,,,,
,,,,,,,,,,,,,
,,,,,,,,,,,,,
,,,,,,,,,,,,,
,,,,,,,,,,,,,
,,,,,,,,,,,,,
,,,,,,,,,,,,,
,,,,,,,,,,,,,
,,,,,,,,,,,,,
,,,,,,,,,,,,,
,,,,,,,,,,,,,
,,,,,,,,,,,,,
,,,,,,,,,,,,,
,,,,,,,,,,,,,
,,,,,,,,,,,,,
,,,,,,,,,,,,,
,,,,,,,,,,,,,
,,,,,,,,,,,,,
,,,,,,,,,,,,,
,,,,,,,,,,,,,
,,,,,,,,,,,,,
,,,,,,,,,,,,,
,,,,,,,,,,,,,
,,,,,,,,,,,,,
,,,,,,,,,,,,,
,,,,,,,,,,,,,
,,,,,,,,,,,,,
,,,,,,,,,,,,,
,,,,,,,,,,,,,
,,,,,,,,,,,,,
,,,,,,,,,,,,,
,,,,,,,,,,,,,
,,,,,,,,,,,,,
,,,,,,,,,,,,,
,,,,,,,,,,,,,
,,,,,,,,,,,,,
,,,,,,,,,,,,,
,,,,,,,,,,,,,
,,,,,,,,,,,,,
,,,,,,,,,,,,,
,,,,,,,,,,,,,
,,,,,,,,,,,,,
,,,,,,,,,,,,,
,,,,,,,,,,,,,
,,,,,,,,,,,,,
,,,,,,,,,,,,,
,,,,,,,,,,,,,
,,,,,,,,,,,,,
,,,,,,,,,,,,,
,,,,,,,,,,,,,
,,,,,,,,,,,,,
,,,,,,,,,,,,,
,,,,,,,,,,,,,
,,,,,,,,,,,,,
,,,,,,,,,,,,,
,,,,,,,,,,,,,
,,,,,,,,,,,,,
,,,,,,,,,,,,,
,,,,,,,,,,,,,
,,,,,,,,,,,,,
,,,,,,,,,,,,,
,,,,,,,,,,,,,
,,,,,,,,,,,,,
,,,,,,,,,,,,,
,,,,,,,,,,,,,
,,,,,,,,,,,,,
,,,,,,,,,,,,,
,,,,,,,,,,,,,
,,,,,,,,,,,,,
,,,,,,,,,,,,,
,,,,,,,,,,,,,
,,,,,,,,,,,,,
,,,,,,,,,,,,,
,,,,,,,,,,,,,
,,,,,,,,,,,,,
,,,,,,,,,,,,,
,,,,,,,,,,,,,
,,,,,,,,,,,,,
,,,,,,,,,,,,,
,,,,,,,,,,,,,
,,,,,,,,,,,,,
,,,,,,,,,,,,,
,,,,,,,,,,,,,
,,,,,,,,,,,,,
,,,,,,,,,,,,,
,,,,,,,,,,,,,
,,,,,,,,,,,,,
,,,,,,,,,,,,,
,,,,,,,,,,,,,
,,,,,,,,,,,,,
,,,,,,,,,,,,,
,,,,,,,,,,,,,
,,,,,,,,,,,,,
,,,,,,,,,,,,,
,,,,,,,,,,,,,
,,,,,,,,,,,,,
,,,,,,,,,,,,,
,,,,,,,,,,,,,
,,,,,,,,,,,,,
,,,,,,,,,,,,,
,,,,,,,,,,,,,
,,,,,,,,,,,,,
,,,,,,,,,,,,,
,,,,,,,,,,,,,
,,,,,,,,,,,,,
,,,,,,,,,,,,,
,,,,,,,,,,,,,
,,,,,,,,,,,,,
,,,,,,,,,,,,,
,,,,,,,,,,,,,
,,,,,,,,,,,,,
,,,,,,,,,,,,,
,,,,,,,,,,,,,
,,,,,,,,,,,,,
,,,,,,,,,,,,,
,,,,,,,,,,,,,
,,,,,,,,,,,,,
,,,,,,,,,,,,,
,,,,,,,,,,,,,
,,,,,,,,,,,,,
,,,,,,,,,,,,,
,,,,,,,,,,,,,
,,,,,,,,,,,,,
,,,,,,,,,,,,,
,,,,,,,,,,,,,
,,,,,,,,,,,,,
,,,,,,,,,,,,,
,,,,,,,,,,,,,
,,,,,,,,,,,,,
,,,,,,,,,,,,,
,,,,,,,,,,,,,
,,,,,,,,,,,,,
,,,,,,,,,,,,,
,,,,,,,,,,,,,
,,,,,,,,,,,,,
,,,,,,,,,,,,,
,,,,,,,,,,,,,
,,,,,,,,,,,,,
,,,,,,,,,,,,,
,,,,,,,,,,,,,
,,,,,,,,,,,,,
,,,,,,,,,,,,,
,,,,,,,,,,,,,
,,,,,,,,,,,,,
,,,,,,,,,,,,,
,,,,,,,,,,,,,
,,,,,,,,,,,,,
,,,,,,,,,,,,,
,,,,,,,,,,,,,
,,,,,,,,,,,,,
,,,,,,,,,,,,,
,,,,,,,,,,,,,
,,,,,,,,,,,,,
,,,,,,,,,,,,,
,,,,,,,,,,,,,
,,,,,,,,,,,,,
,,,,,,,,,,,,,
,,,,,,,,,,,,,
,,,,,,,,,,,,,
,,,,,,,,,,,,,
,,,,,,,,,,,,,
,,,,,,,,,,,,,
,,,,,,,,,,,,,
,,,,,,,,,,,,,
,,,,,,,,,,,,,
,,,,,,,,,,,,,
,,,,,,,,,,,,,
,,,,,,,,,,,,,
,,,,,,,,,,,,,
,,,,,,,,,,,,,
,,,,,,,,,,,,,
,,,,,,,,,,,,,
,,,,,,,,,,,,,
,,,,,,,,,,,,,
,,,,,,,,,,,,,
,,,,,,,,,,,,,
,,,,,,,,,,,,,
,,,,,,,,,,,,,
,,,,,,,,,,,,,
,,,,,,,,,,,,,
,,,,,,,,,,,,,
,,,,,,,,,,,,,
,,,,,,,,,,,,,
,,,,,,,,,,,,,
,,,,,,,,,,,,,
,,,,,,,,,,,,,
,,,,,,,,,,,,,
,,,,,,,,,,,,,
,,,,,,,,,,,,,
,,,,,,,,,,,,,
,,,,,,,,,,,,,
,,,,,,,,,,,,,
,,,,,,,,,,,,,
,,,,,,,,,,,,,
,,,,,,,,,,,,,
,,,,,,,,,,,,,
,,,,,,,,,,,,,
,,,,,,,,,,,,,
,,,,,,,,,,,,,
,,,,,,,,,,,,,
,,,,,,,,,,,,,
,,,,,,,,,,,,,
,,,,,,,,,,,,,
,,,,,,,,,,,,,
,,,,,,,,,,,,,
,,,,,,,,,,,,,
,,,,,,,,,,,,,
,,,,,,,,,,,,,
,,,,,,,,,,,,,
,,,,,,,,,,,,,
,,,,,,,,,,,,,
,,,,,,,,,,,,,
,,,,,,,,,,,,,
,,,,,,,,,,,,,
,,,,,,,,,,,,,
,,,,,,,,,,,,,
,,,,,,,,,,,,,
,,,,,,,,,,,,,
,,,,,,,,,,,,,
,,,,,,,,,,,,,
,,,,,,,,,,,,,
,,,,,,,,,,,,,
,,,,,,,,,,,,,
,,,,,,,,,,,,,
,,,,,,,,,,,,,
,,,,,,,,,,,,,
,,,,,,,,,,,,,
,,,,,,,,,,,,,
,,,,,,,,,,,,,
,,,,,,,,,,,,,
,,,,,,,,,,,,,
,,,,,,,,,,,,,
,,,,,,,,,,,,,
,,,,,,,,,,,,,
,,,,,,,,,,,,,
,,,,,,,,,,,,,
,,,,,,,,,,,,,
,,,,,,,,,,,,,
,,,,,,,,,,,,,
,,,,,,,,,,,,,
,,,,,,,,,,,,,
,,,,,,,,,,,,,
,,,,,,,,,,,,,
,,,,,,,,,,,,,
,,,,,,,,,,,,,
,,,,,,,,,,,,,
,,,,,,,,,,,,,
,,,,,,,,,,,,,
,,,,,,,,,,,,,
,,,,,,,,,,,,,
,,,,,,,,,,,,,
,,,,,,,,,,,,,
,,,,,,,,,,,,,
,,,,,,,,,,,,,
,,,,,,,,,,,,,
,,,,,,,,,,,,,
,,,,,,,,,,,,,
,,,,,,,,,,,,,
,,,,,,,,,,,,,
,,,,,,,,,,,,,
,,,,,,,,,,,,,
,,,,,,,,,,,,,
,,,,,,,,,,,,,
,,,,,,,,,,,,,
,,,,,,,,,,,,,
,,,,,,,,,,,,,
,,,,,,,,,,,,,
,,,,,,,,,,,,,
,,,,,,,,,,,,,
,,,,,,,,,,,,,
,,,,,,,,,,,,,
,,,,,,,,,,,,,
,,,,,,,,,,,,,
,,,,,,,,,,,,,
,,,,,,,,,,,,,
,,,,,,,,,,,,,
,,,,,,,,,,,,,
,,,,,,,,,,,,,
,,,,,,,,,,,,,
,,,,,,,,,,,,,
,,,,,,,,,,,,,
,,,,,,,,,,,,,
,,,,,,,,,,,,,
,,,,,,,,,,,,,
,,,,,,,,,,,,,
,,,,,,,,,,,,,
,,,,,,,,,,,,,
,,,,,,,,,,,,,
,,,,,,,,,,,,,
,,,,,,,,,,,,,
,,,,,,,,,,,,,
,,,,,,,,,,,,,
,,,,,,,,,,,,,
,,,,,,,,,,,,,
,,,,,,,,,,,,,
,,,,,,,,,,,,,
,,,,,,,,,,,,,
,,,,,,,,,,,,,
,,,,,,,,,,,,,
,,,,,,,,,,,,,
,,,,,,,,,,,,,
,,,,,,,,,,,,,
,,,,,,,,,,,,,
,,,,,,,,,,,,,
,,,,,,,,,,,,,
,,,,,,,,,,,,,
,,,,,,,,,,,,,
,,,,,,,,,,,,,
,,,,,,,,,,,,,
,,,,,,,,,,,,,
,,,,,,,,,,,,,
,,,,,,,,,,,,,
,,,,,,,,,,,,,
,,,,,,,,,,,,,
,,,,,,,,,,,,,
,,,,,,,,,,,,,
,,,,,,,,,,,,,
,,,,,,,,,,,,,
,,,,,,,,,,,,,
,,,,,,,,,,,,,
,,,,,,,,,,,,,
,,,,,,,,,,,,,
,,,,,,,,,,,,,
,,,,,,,,,,,,,
,,,,,,,,,,,,,
,,,,,,,,,,,,,
,,,,,,,,,,,,,
,,,,,,,,,,,,,
,,,,,,,,,,,,,
,,,,,,,,,,,,,
,,,,,,,,,,,,,
,,,,,,,,,,,,,
,,,,,,,,,,,,,
,,,,,,,,,,,,,
,,,,,,,,,,,,,
,,,,,,,,,,,,,
,,,,,,,,,,,,,
,,,,,,,,,,,,,
,,,,,,,,,,,,,
,,,,,,,,,,,,,
,,,,,,,,,,,,,
,,,,,,,,,,,,,
,,,,,,,,,,,,,
,,,,,,,,,,,,,
,,,,,,,,,,,,,
,,,,,,,,,,,,,
,,,,,,,,,,,,,
,,,,,,,,,,,,,
,,,,,,,,,,,,,
,,,,,,,,,,,,,
,,,,,,,,,,,,,
,,,,,,,,,,,,,
,,,,,,,,,,,,,
,,,,,,,,,,,,,
,,,,,,,,,,,,,
,,,,,,,,,,,,,
,,,,,,,,,,,,,
,,,,,,,,,,,,,
,,,,,,,,,,,,,
,,,,,,,,,,,,,
,,,,,,,,,,,,,
,,,,,,,,,,,,,
,,,,,,,,,,,,,
,,,,,,,,,,,,,
,,,,,,,,,,,,,
,,,,,,,,,,,,,
,,,,,,,,,,,,,
,,,,,,,,,,,,,
,,,,,,,,,,,,,
,,,,,,,,,,,,,
,,,,,,,,,,,,,
,,,,,,,,,,,,,
,,,,,,,,,,,,,
,,,,,,,,,,,,,
,,,,,,,,,,,,,
,,,,,,,,,,,,,
,,,,,,,,,,,,,
,,,,,,,,,,,,,
,,,,,,,,,,,,,
,,,,,,,,,,,,,
,,,,,,,,,,,,,
,,,,,,,,,,,,,
,,,,,,,,,,,,,
,,,,,,,,,,,,,
,,,,,,,,,,,,,
,,,,,,,,,,,,,
,,,,,,,,,,,,,
,,,,,,,,,,,,,
,,,,,,,,,,,,,
,,,,,,,,,,,,,
,,,,,,,,,,,,,
,,,,,,,,,,,,,
,,,,,,,,,,,,,
,,,,,,,,,,,,,
,,,,,,,,,,,,,
,,,,,,,,,,,,,
,,,,,,,,,,,,,
,,,,,,,,,,,,,
,,,,,,,,,,,,,
,,,,,,,,,,,,,
,,,,,,,,,,,,,
,,,,,,,,,,,,,
,,,,,,,,,,,,,
,,,,,,,,,,,,,
,,,,,,,,,,,,,
,,,,,,,,,,,,,
,,,,,,,,,,,,,
,,,,,,,,,,,,,
,,,,,,,,,,,,,
,,,,,,,,,,,,,
,,,,,,,,,,,,,
,,,,,,,,,,,,,
,,,,,,,,,,,,,
,,,,,,,,,,,,,
,,,,,,,,,,,,,
,,,,,,,,,,,,,
,,,,,,,,,,,,,
,,,,,,,,,,,,,
,,,,,,,,,,,,,
,,,,,,,,,,,,,
,,,,,,,,,,,,,
,,,,,,,,,,,,,
,,,,,,,,,,,,,
,,,,,,,,,,,,,
,,,,,,,,,,,,,
,,,,,,,,,,,,,
,,,,,,,,,,,,,
,,,,,,,,,,,,,
,,,,,,,,,,,,,
,,,,,,,,,,,,,
,,,,,,,,,,,,,
,,,,,,,,,,,,,
,,,,,,,,,,,,,
,,,,,,,,,,,,,
,,,,,,,,,,,,,
,,,,,,,,,,,,,
,,,,,,,,,,,,,
,,,,,,,,,,,,,
,,,,,,,,,,,,,
,,,,,,,,,,,,,
,,,,,,,,,,,,,
,,,,,,,,,,,,,
,,,,,,,,,,,,,
,,,,,,,,,,,,,
,,,,,,,,,,,,,
,,,,,,,,,,,,,
,,,,,,,,,,,,,
,,,,,,,,,,,,,
,,,,,,,,,,,,,
,,,,,,,,,,,,,
,,,,,,,,,,,,,
,,,,,,,,,,,,,
,,,,,,,,,,,,,
,,,,,,,,,,,,,
,,,,,,,,,,,,,
,,,,,,,,,,,,,
,,,,,,,,,,,,,
,,,,,,,,,,,,,
,,,,,,,,,,,,,
,,,,,,,,,,,,,
,,,,,,,,,,,,,
,,,,,,,,,,,,,
,,,,,,,,,,,,,
,,,,,,,,,,,,,
,,,,,,,,,,,,,
,,,,,,,,,,,,,
,,,,,,,,,,,,,
,,,,,,,,,,,,,
,,,,,,,,,,,,,
,,,,,,,,,,,,,
,,,,,,,,,,,,,
,,,,,,,,,,,,,
,,,,,,,,,,,,,
,,,,,,,,,,,,,
,,,,,,,,,,,,,
,,,,,,,,,,,,,
,,,,,,,,,,,,,
,,,,,,,,,,,,,
,,,,,,,,,,,,,
,,,,,,,,,,,,,
,,,,,,,,,,,,,
,,,,,,,,,,,,,
,,,,,,,,,,,,,
,,,,,,,,,,,,,
,,,,,,,,,,,,,
,,,,,,,,,,,,,
,,,,,,,,,,,,,
,,,,,,,,,,,,,
,,,,,,,,,,,,,
,,,,,,,,,,,,,
,,,,,,,,,,,,,
,,,,,,,,,,,,,
,,,,,,,,,,,,,
,,,,,,,,,,,,,
,,,,,,,,,,,,,
,,,,,,,,,,,,,
,,,,,,,,,,,,,
,,,,,,,,,,,,,
,,,,,,,,,,,,,
,,,,,,,,,,,,,
,,,,,,,,,,,,,
,,,,,,,,,,,,,
,,,,,,,,,,,,,
,,,,,,,,,,,,,
,,,,,,,,,,,,,
,,,,,,,,,,,,,
,,,,,,,,,,,,,
,,,,,,,,,,,,,
,,,,,,,,,,,,,
,,,,,,,,,,,,,
,,,,,,,,,,,,,
,,,,,,,,,,,,,
,,,,,,,,,,,,,
,,,,,,,,,,,,,
,,,,,,,,,,,,,
,,,,,,,,,,,,,
,,,,,,,,,,,,,
,,,,,,,,,,,,,
,,,,,,,,,,,,,
,,,,,,,,,,,,,
,,,,,,,,,,,,,
,,,,,,,,,,,,,
,,,,,,,,,,,,,
,,,,,,,,,,,,,
,,,,,,,,,,,,,
,,,,,,,,,,,,,
,,,,,,,,,,,,,
,,,,,,,,,,,,,
,,,,,,,,,,,,,
,,,,,,,,,,,,,
,,,,,,,,,,,,,
,,,,,,,,,,,,,
,,,,,,,,,,,,,
,,,,,,,,,,,,,
,,,,,,,,,,,,,
,,,,,,,,,,,,,
,,,,,,,,,,,,,
,,,,,,,,,,,,,
,,,,,,,,,,,,,
,,,,,,,,,,,,,
,,,,,,,,,,,,,
,,,,,,,,,,,,,
,,,,,,,,,,,,,
,,,,,,,,,,,,,
,,,,,,,,,,,,,
,,,,,,,,,,,,,
,,,,,,,,,,,,,
,,,,,,,,,,,,,
,,,,,,,,,,,,,
,,,,,,,,,,,,,
,,,,,,,,,,,,,
,,,,,,,,,,,,,
,,,,,,,,,,,,,
,,,,,,,,,,,,,
,,,,,,,,,,,,,
,,,,,,,,,,,,,
,,,,,,,,,,,,,
,,,,,,,,,,,,,
,,,,,,,,,,,,,
,,,,,,,,,,,,,
,,,,,,,,,,,,,
,,,,,,,,,,,,,
,,,,,,,,,,,,,
,,,,,,,,,,,,,
,,,,,,,,,,,,,
,,,,,,,,,,,,,
,,,,,,,,,,,,,
,,,,,,,,,,,,,
,,,,,,,,,,,,,
,,,,,,,,,,,,,
,,,,,,,,,,,,,
,,,,,,,,,,,,,
,,,,,,,,,,,,,
,,,,,,,,,,,,,
,,,,,,,,,,,,,
,,,,,,,,,,,,,
,,,,,,,,,,,,,
,,,,,,,,,,,,,
,,,,,,,,,,,,,
,,,,,,,,,,,,,
,,,,,,,,,,,,,
,,,,,,,,,,,,,
,,,,,,,,,,,,,
,,,,,,,,,,,,,
,,,,,,,,,,,,,
,,,,,,,,,,,,,
,,,,,,,,,,,,,
,,,,,,,,,,,,,
,,,,,,,,,,,,,
,,,,,,,,,,,,,
,,,,,,,,,,,,,
,,,,,,,,,,,,,
,,,,,,,,,,,,,
,,,,,,,,,,,,,
,,,,,,,,,,,,,
,,,,,,,,,,,,,
,,,,,,,,,,,,,
,,,,,,,,,,,,,
,,,,,,,,,,,,,
,,,,,,,,,,,,,
,,,,,,,,,,,,,
,,,,,,,,,,,,,
,,,,,,,,,,,,,
,,,,,,,,,,,,,
,,,,,,,,,,,,,
,,,,,,,,,,,,,
,,,,,,,,,,,,,
,,,,,,,,,,,,,
,,,,,,,,,,,,,
,,,,,,,,,,,,,
,,,,,,,,,,,,,
,,,,,,,,,,,,,
,,,,,,,,,,,,,
,,,,,,,,,,,,,
,,,,,,,,,,,,,
,,,,,,,,,,,,,
,,,,,,,,,,,,,
,,,,,,,,,,,,,
,,,,,,,,,,,,,
,,,,,,,,,,,,,
,,,,,,,,,,,,,
,,,,,,,,,,,,,
,,,,,,,,,,,,,
,,,,,,,,,,,,,
,,,,,,,,,,,,,
,,,,,,,,,,,,,
,,,,,,,,,,,,,
,,,,,,,,,,,,,
,,,,,,,,,,,,,
,,,,,,,,,,,,,
,,,,,,,,,,,,,
,,,,,,,,,,,,,
,,,,,,,,,,,,,
,,,,,,,,,,,,,
,,,,,,,,,,,,,
,,,,,,,,,,,,,
,,,,,,,,,,,,,
,,,,,,,,,,,,,
,,,,,,,,,,,,,
,,,,,,,,,,,,,
,,,,,,,,,,,,,
,,,,,,,,,,,,,
,,,,,,,,,,,,,
,,,,,,,,,,,,,
,,,,,,,,,,,,,
,,,,,,,,,,,,,
,,,,,,,,,,,,,
,,,,,,,,,,,,,
,,,,,,,,,,,,,
,,,,,,,,,,,,,
,,,,,,,,,,,,,
,,,,,,,,,,,,,
,,,,,,,,,,,,,
,,,,,,,,,,,,,
,,,,,,,,,,,,,
,,,,,,,,,,,,,
,,,,,,,,,,,,,
,,,,,,,,,,,,,
,,,,,,,,,,,,,
,,,,,,,,,,,,,
,,,,,,,,,,,,,
,,,,,,,,,,,,,
,,,,,,,,,,,,,
,,,,,,,,,,,,,
,,,,,,,,,,,,,
,,,,,,,,,,,,,
,,,,,,,,,,,,,
,,,,,,,,,,,,,
,,,,,,,,,,,,,
,,,,,,,,,,,,,
,,,,,,,,,,,,,
,,,,,,,,,,,,,
,,,,,,,,,,,,,
,,,,,,,,,,,,,
,,,,,,,,,,,,,
,,,,,,,,,,,,,
,,,,,,,,,,,,,
,,,,,,,,,,,,,