,diff,Assay ID,SMILES
438,0.0006967381120679406,CHEMBL3431937,"c1ccc(OCC(=O)N2CCCC[C]2C(=O)N2Cc3ccc([C]4CCOC4)cc3C2)cc1	
"
791,0.0007581319454228463,Astellas,"[C](C)(C)CC(=O)N1[C]2[C](CCCC2)OC2=CCC=C[C]2C(=O)N(C)CCCCCCC1	
"
190,0.0007640128437591542,CHEMBL3431937,"Cn1cnc(Br)c1c1nc([C]2CCCCN2C(=O)COc2ccccc2)on1	
"
496,0.0010269008123575674,CHEMBL3431937,"COc1ccc(Cl)cc1S(=O)(=O)c1cn(CC(=O)N)c2c1cc(C(=O)Nc1ccccc1)cc2	
"
216,0.0011460118032600164,CHEMBL3431937,"c1ccc(OCC(=O)N2CCCC[C]2c2nc(c3ccc4c([nH]nn4)c3)on2)cc1	
"
553,0.0012161561599608461,CHEMBL3431937,"COc1ccc(Cl)cc1Sc1c[nH]c2c1cc(C(=O)Nc1ccc(C(=O)[O-])cc1)cc2	
"
634,0.0012315106953213473,CHEMBL905612,"c1c(C[C](C(=O)N[C](Cc2ccccc2)C(=O)N)NC(=O)C)ccc(O)c1	
"
323,0.001263149323103896,CHEMBL3431937,"COc1ccc(Cl)cc1S(=O)(=O)N1CCCCc2c1cc(C(=O)Nc1ccc(C(=O)[O-])c(Cl)c1)cc2	
"
42,0.0012685225478308304,CHEMBL1034536,"N1C(=O)C[N@@H+](CCC(=O)c2c(Cl)cc(SCCCCCC)cc2)CC1	
"
401,0.0012946484576419337,CHEMBL3431937,"c1ccc(OCC(=O)N2CCCC[C]2c2[nH]nc(c3cccs3)n2)cc1	
"
423,0.0013526592404833337,CHEMBL3431937,"Cc1cc(C(=O)Nc2nc(CC(=O)[O-])cs2)cc2c1OCN2S(=O)(=O)c1cc(Cl)ccc1OC	
"
415,0.001392635472392989,CHEMBL3431937,"c1ccc(OCC(=O)N2CCCC[C]2c2nc(c3cccc(n4cn[nH]c4=O)c3)on2)cc1	
"
372,0.0016018644920459124,CHEMBL3431937,"c1ccc(OCC(=O)N2CCCC[C]2c2nc(c3ccc(C#N)nc3)on2)cc1	
"
64,0.0016245906081877592,CHEMBL1034536,"C(=O)(c1c(Cl)c(Cl)c(S(=O)(=O)CCCCCC)cc1)CC[NH+]1CCN(S(=O)(=O)CC)CC1	
"
586,0.0016407720578888174,CHEMBL905613,"n1c(nc(N[C](C)C)nc1NCC)Cl	
"
538,0.0016511772430352067,CHEMBL3431937,"CCCN(S(=O)(=O)c1cc(Cl)ccc1OC)c1cc(C(=O)Nc2nc(CC(=O)[O-])cs2)cc2c1OCO2	
"
602,0.0017668859135149262,CHEMBL905612,"CCc1ccc(C(=O)NN(C(C)(C)C)C(=O)c2cc(C)cc(C)c2)cc1	
"
73,0.002372760809513874,CHEMBL1034536,"N1C(=O)C[N@H+](CCC(=O)c2c(Cl)cc(S(=O)(=O)CCCCCC)c(Cl)c2)CC1	
"
212,0.002503036975275208,CHEMBL3431937,"c1ccc(OCC(=O)N2CCCC[C]2c2nc(c3ccc4c(nns4)c3)on2)cc1	
"
170,0.0025747223000855968,CHEMBL3430218,"[C]1(C[C](C)C)N(C)C(=O)[C](C[C](C)C)NC(=O)[C](NC(=O)[C]2CCCN2C(=O)[C](NC(=O)[C](C[C](C)C)NC1=O)C[C](C)C)Cc1ccc(O)cc1	
"
67,0.0028988145098653995,CHEMBL1034536,"C(=O)(c1c(C)cc(OCCCCCC)cc1)CC[NH+](C)C	
"
414,0.0029834423897918683,CHEMBL3431937,"Cn1cc(Cc2cc(Cl)ccc2OC)c2c1ccc(C(=O)Nc1ccc(CC(=O)[O-])cc1)c2	
"
70,0.0030875360633189075,CHEMBL1034536,"C(=O)(c1cc(Br)c(OCCCCCC)cc1)CC[NH+](C)C	
"
692,0.0031567074500733483,CHEMBL905613,"COP1(=S)OCc2ccccc2O1	
"
262,0.0031749292021574504,CHEMBL3431937,"COc1ccc(Cl)cc1S(=O)(=O)N1CCOc2c1cc(C(=O)Nc1ccc(C3NC(=O)ON3)cc1)cc2	
"
54,0.0031902058525732357,CHEMBL1034536,"C(=O)(c1c(C)cc(OCCCCCC)cc1C)CC[N@H+]1[C](C)C1	
"
601,0.003426670302319579,CHEMBL905613,"COP1(=S)OCc2ccccc2O1	
"
452,0.0034462434961186617,CHEMBL3431937,"c1cc(S(=O)(=O)N2CCc3c2cc(C(=O)Nc2nc(CC(=O)[O-])cs2)cc3)cc(Cl)c1	
"
91,0.003777341555418534,CHEMBL1034536,"C(=O)(c1c(Cl)cc(SCCCCCC)cc1Cl)CC[N@H+]1[C](C)C1	
"
298,0.003916412486389298,CHEMBL3431937,"CC(=O)Nc1cccc(c2nc([C]3CCCCN3C(=O)COc3ccccc3)no2)c1	
"
294,0.0040081876314461695,CHEMBL3431937,"COc1ccc(Cl)cc1S(=O)(=O)N1CCOc2c1cc(C(=O)Nc1ccc(C(=O)[O-])nc1)cc2	
"
708,0.004123518953305982,CHEMBL905613,"C1CC(=O)C=C2CC[C]3[C](CC[C@@]4(C)[C]3CC[C]4O)[C@@]12C	
"
267,0.004212530814727167,CHEMBL3431937,"c1cc2c(N(S(=O)(=O)c3cc(Cl)cc(Cl)c3)CC2)cc1C(=O)Nc1ccc(C(=O)[O-])c(Cl)c1	
"
543,0.004269256124533882,CHEMBL3431937,"COc1ccc(Cl)cc1S(=O)(=O)N1COc2c1cc(C(=O)Nc1ccc(C(=O)[O-])c(Cl)c1)cc2F	
"
548,0.004291735597334423,CHEMBL3431937,"c1ccc(OCC(=O)N2CCCC[C]2c2nc(c3cccc(OCC(=O)N)c3)no2)cc1	
"
388,0.004406352807985847,CHEMBL3431937,"Cn1cc(S(=O)(=O)c2cccc(Cl)c2)c2c1ccc(C(=O)Nc1nc(CC(=O)[O-])cs1)c2	
"
552,0.004418464505863362,CHEMBL3431937,"c1ccc(OCC(=O)N2CCCC[C]2c2nc(c3cc(N)cnc3)on2)cc1	
"
454,0.004433569206725885,CHEMBL3431937,"c1cc(CN2c3cc(C(=O)Nc4ccc(C(=O)[O-])cc4)ccc3S(=O)(=O)CC2=O)cc(Cl)c1	
"
103,0.004494425453400286,CHEMBL1034536,"C(=O)(c1c(Cl)c(Cl)c(S(=O)(=O)CCCCCC)cc1)CC[NH+]1CCN(C(=O)C)CC1	
"
268,0.004585586038605705,CHEMBL3431937,"Cc1ccc(OC)c(S(=O)(=O)N2CCCc3c2cc(C(=O)Nc2ccc(C(=O)[O-])c(F)c2)cc3)c1	
"
627,0.004605354142024787,CHEMBL905612,"c1cccc2c1[nH]c(C[C](C(=O)[O-])NC(=O)OCc1ccccc1)c2	
"
390,0.004654822232606826,CHEMBL3431937,"c1cc(S(=O)(=O)n2ccc3c2cc(C(=O)Nc2ccc(CC(=O)[O-])cc2)cc3)cc(Cl)c1	
"
278,0.004669283430533078,CHEMBL3431937,"c1ccc(OCC(=O)N2CCCC[C]2c2nc(c3ccc4c([nH]nc4C(=O)N)c3)no2)cc1	
"
748,0.004769446656717413,Astellas,"[n+]1(CC(=O)N2CCC3(CC2)CNC(=O)COc2c(C[C](O)[C](O)C3)cccc2)c([C](C)C)[nH]cc1	
"
439,0.004772631037688768,CHEMBL3431937,"COc1ccc(Cl)cc1CN1c2cc(C(=O)Nc3nc(CC(=O)[O-])cs3)ccc2COC1=O	
"
98,0.004877487016756277,CHEMBL1034536,"C(=O)(NCCCCCC)c1ccc(C(=O)CC[NH+](C)C)cc1	
"
211,0.004911386944321805,CHEMBL3431937,"c1ccc(OCC(=O)N2CCCC[C]2c2nc(c3ccc(C(F)(F)F)nc3)on2)cc1	
"
670,0.004967533506950339,CHEMBL905613,"C(=O)(C)Nc1ccc(O)cc1	
"
470,0.005034854689380808,CHEMBL3431937,"CCOC(=O)[C]1CN(S(=O)(=O)c2cc(Cl)ccc2OC)c2cc(C(=O)Nc3cccc(F)c3)ccc2O1	
"
261,0.005041405000403287,CHEMBL3431937,"c1ccc(OCC(=O)N2CCCC[C]2c2nc(c3ccc4c([nH]cn4)c3)no2)cc1	
"
371,0.005070644161732751,CHEMBL3431937,"c1ccc(OCC(=O)N2CCCC[C]2c2nc(c3cccc(N)n3)on2)cc1	
"
236,0.005138945071888834,CHEMBL3431937,"c1ccc(OCC(=O)N2CCCC[C]2c2nc(c3ccc(C(=O)N)cc3)no2)cc1	
"
556,0.005236166821044996,CHEMBL3431937,"CC1NC(=O)C(=CN1)c1nc([C]2CCCCN2C(=O)COc2ccccc2)on1	
"
307,0.005438985406525987,CHEMBL3431937,"c1ccc(OCC(=O)N2CCCC[C]2c2nc(C3C=CNC(=O)C3)no2)cc1	
"
222,0.00555746478849084,CHEMBL3431937,"COc1ccc(Cl)cc1S(=O)(=O)N1CCOc2c1cc(C(=O)Nc1ccc(C(=O)[O-])cc1)cn2	
"
578,0.005575968984583568,CHEMBL905613,"C1=C[C@]2(C(=CC1=O)CC[C]1[C]2[C](C[C@]2([C]1CC[C@@]2(C(=O)CO)O)C)O)C	
"
117,0.0061031587637621065,CHEMBL1034536,"N1C(=O)C[N@H+](CCC(=O)c2c(Cl)cc(S(=O)(=O)CCCCCC)cc2)CC1	
"
2,0.0061476287477924,CHEMBL1034536,"C(=O)(c1ccc(OCCOCC)cc1)CC[NH+](C)C	
"
564,0.006202125126803182,CHEMBL3431937,"COc1ccc(Cl)cc1S(=O)(=O)N1CCOc2c1cc(C(=O)Nc1ccc(C(=O)[O-])cc1)cc2C(F)(F)F	
"
108,0.006215843712924052,CHEMBL1034536,"C(=O)(c1c(C)cc(S(=O)(=O)CCCCCC)cc1C)CC[NH+]1CCN(C(=O)C)CC1	
"
122,0.00634917684913372,CHEMBL1034536,"C(=O)(c1c(Cl)cc(OCCCCCC)cc1)CC[N@H+]1[C](C)C1	
"
403,0.006620171839572642,CHEMBL3431937,"c1ccc(OCC(=O)N2CCCC[C]2c2[nH]nc(c3cccc(F)c3)n2)cc1	
"
434,0.0069831128630308825,CHEMBL3431937,"c1ccc(OCC(=O)N2CCCC[C]2C(=O)N2Cc3cc(N4CCOCC4)c(Cl)cc3C2)cc1	
"
772,0.0069962668585592525,Astellas,"CCC(=O)N1CCOc2ccc(c3ccncc3)cc2Cc2cccc(C(=O)NCC1)c2	
"
497,0.007059130432326199,CHEMBL3431937,"COc1ccc(Cl)cc1S(=O)(=O)c1cn(CCC(=O)[O-])c2c1cc(C(=O)Nc1ccccc1)cc2	
"
385,0.007095725918538243,CHEMBL3431937,"COc1ccc(Cl)cc1S(=O)(=O)n1ccc2c1cc(C(=O)Nc1ccc(CC(=O)[O-])cc1)cc2	
"
191,0.007105952906670154,CHEMBL3431937,"Cc1cc(c2nc([C]3CCCCN3C(=O)COc3ccccc3)on2)n(C)n1	
"
322,0.007138926096803111,CHEMBL3431937,"COc1ccc(Cl)cc1S(=O)(=O)N1CCCCc2c1cc(C(=O)Nc1ccc(C(=O)[O-])c(F)c1)cc2	
"
623,0.007223308636529424,CHEMBL905613,"c1(C(=O)OC)c(C(=O)OC)cccc1	
"
342,0.007326676449844527,CHEMBL3431937,"CC1(C)c2ccc(C(=O)Nc3nc(CC(=O)[O-])cs3)cc2N(Cc2cc(Cl)ccc2OC)C1=O	
"
447,0.007384814492209735,CHEMBL3431937,"Cc1cc(c2nc([C]3CCCCN3C(=O)COc3ccccc3)no2)[nH]n1	
"
334,0.0074909944634917736,CHEMBL3431937,"COc1ccc(Cl)cc1S(=O)(=O)N1CCSc2c1cc(C(=O)Nc1nc(CC(=O)[O-])cs1)cc2	
"
189,0.007804811460082384,CHEMBL3431937,"CCn1c(C)nc(Cl)c1c1nc([C]2CCCCN2C(=O)COc2ccccc2)on1	
"
412,0.007838348993690403,CHEMBL3431937,"c1ccc(OCC(=O)N2CCCC[C]2C#Cc2ccc(C(=O)N)cc2)cc1	
"
398,0.007956206844748515,CHEMBL3431937,"CCN(C(=O)c1nc([C]2CCCCN2C(=O)COc2ccccc2)no1)CC	
"
455,0.008010045359226226,CHEMBL3431937,"c1ccc(OCC(=O)N2CCCC[C]2c2[nH]nc(c3ccc4c(NC(=O)NC4)c3)n2)cc1	
"
355,0.008199537822279446,CHEMBL3431937,"COc1ccc(Cl)cc1CN1c2cc(C(=O)Nc3nc(CC(=O)[O-])cs3)ccc2SCC1=O	
"
596,0.00834801560121079,CHEMBL905613,"n1c(N)c(cnc1N)Cc1cc(OC)c(OC)c(OC)c1	
"
97,0.008440128199012964,CHEMBL1034536,"C(=O)(c1c(Cl)cc(S(=O)(=O)CCCCCC)cc1)CC[NH+]1CCN(S(=O)(=O)CC)CC1	
"
788,0.008534615123962475,Astellas,"c1(C(=O)N2CCCCCN(CC)C(=O)c3c(cccc3)OC[C]2[C](C)C)nc(N)sc1	
"
223,0.008636749253098763,CHEMBL3431937,"c1ccc(OCC(=O)N2CCCC[C]2c2nc(c3ccc(N)nc3)no2)cc1	
"
608,0.008837161336345822,CHEMBL905612,"[NH3+][C](Cc1c[nH]c2c1cccc2)C(=O)N[C](C)C(=O)N[C]([C](C)C)C(=O)N	
"
505,0.00889383318182091,CHEMBL3431937,"CN(S(=O)(=O)c1cc(Cl)ccc1OC)c1cc(C(=O)Nc2nc(CC(=O)[O-])cs2)cc2c1OCO2	
"
427,0.009024399378348313,CHEMBL3431937,"COc1ccc(Cl)cc1CN1c2cc(C(=O)Nc3ccc(CC(=O)[O-])cc3)ccc2COC1=O	
"
214,0.009519914496022963,CHEMBL3431937,"c1ccc(OCC(=O)N2CCCC[C]2c2nc(c3ccc4cnccc4n3)on2)cc1	
"
303,0.009585623727332404,CHEMBL3431937,"COc1ccc(Cl)cc1S(=O)(=O)N[C]1CCCN(C(=O)COc2ccccc2)C1	
"
229,0.009593414545751244,CHEMBL3431937,"CC(=O)Nc1cccc(n2nc([C]3CCCCN3C(=O)COc3ccccc3)nn2)c1	
"
453,0.009722686541961068,CHEMBL3431937,"COc1ccc(Cl)cc1S(=O)(=O)N1CCOc2c1cc(C(=O)Nc1ncc(CC(=O)[O-])s1)cc2	
"
743,0.00979852371827139,Astellas,"[C]1(N2CC[C@]3(CC2)CCCCc2c(cccc2)OCCCC(=O)N(C3)C)CCOCC1	
"
501,0.009807213718111996,CHEMBL3431937,"COc1ccc(Cl)cc1S(=O)(=O)N1CCCCc2c1cc(C(=O)Nc1nc(CC(=O)[O-])cs1)cc2	
"
246,0.009927247501489767,CHEMBL3431937,"c1ccc(OCC(=O)N2CCCC[C]2c2nc(c3ccc(S(=O)(=O)NCCO)cc3)no2)cc1	
"
460,0.010124221861514293,CHEMBL3431937,"c1ccc(OCc2nc3cc(F)ccc3n2[C]2CCN(C(=O)COc3ccccc3)CC2)cc1	
"
446,0.010272635905043792,CHEMBL3431937,"Cc1cc(c2nc([C]3CCCCN3C(=O)COc3ccccc3)no2)n(C)n1	
"
194,0.010491606512439411,CHEMBL3431937,"COc1ccc(Cl)cc1S(=O)(=O)N1COc2c1cc(C(=O)Nc1nc(CC(=O)[O-])cs1)cc2	
"
34,0.010511431877028521,CHEMBL1034536,"C(=O)(c1cc(OC)c(OCCCCCC)cc1)CC[NH+](C)C	
"
290,0.010532793144486519,CHEMBL3431937,"COc1ccc(Cl)cc1S(=O)(=O)N1CCOc2c1cc(C(=O)Nc1ccc(C(=O)[O-])c(F)c1)cc2	
"
207,0.010704112610705252,CHEMBL3431937,"c1ccc(OCC(=O)N2CCCC[C]2c2nc(c3cnc4ccccc4n3)on2)cc1	
"
76,0.010768489252984903,CHEMBL1034536,"C(=O)(c1ccc(OCCCCCC)cc1)CC[NH+](C)C	
"
436,0.01085278578687543,CHEMBL3431937,"c1ccc(OCC(=O)N2CCCC[C]2C(=O)N2Cc3ccc([C]4CCOCC4)cc3C2)cc1	
"
265,0.010899633820925736,CHEMBL3431937,"COc1ccc(Cl)cc1S(=O)(=O)N1CCc2c1cc(C(=O)Nc1ccc(C(=O)[O-])c(F)c1)cc2	
"
338,0.010903299290295543,CHEMBL3431937,"Cc1ccc(OC)c(S(=O)(=O)n2ccc3c2cc(C(=O)Nc2ccc(C(=O)[O-])cc2)cc3)c1	
"
197,0.011071720402452634,CHEMBL3431937,"CO[C]1CC[C](c2nc([C]3CCCCN3C(=O)COc3ccccc3)no2)CC1	
"
287,0.011227285683616195,CHEMBL3431937,"COC[C]1CC[N@@H+](NC(=O)c2cccc(c3[nH]c([C]4CCCCN4C(=O)COc4ccccc4)nn3)c2)C1	
"
230,0.011421309625908371,CHEMBL3431937,"CC(=O)NCc1cccc(c2nc([C]3CCCCN3C(=O)COc3ccccc3)no2)c1	
"
376,0.011498385806702593,CHEMBL3431937,"c1ccc(OCC(=O)N2CCCC[C]2c2nc(c3ccnc(N)c3)on2)cc1	
"
381,0.011567560352786721,CHEMBL3431937,"CC(=O)Nc1cc(c2nc([C]3CCCCN3C(=O)COc3ccccc3)on2)ccc1F	
"
442,0.011568042660393907,CHEMBL3431937,"c1ccc(OCC(=O)N2CCCC[C]2c2nc(C(=O)N3CC[C](c4ccncc4)C3)on2)cc1	
"
603,0.011607716440333427,CHEMBL905612,"CC(C)(N(NC(=O)c1ccc(Cl)cc1)C(=O)c1ccccc1)C	
"
282,0.011621734050168087,CHEMBL3431937,"c1ccc(OCC(=O)N2CCCC[C]2c2[nH]nc(c3ccc4c(c[nH]n4)c3)n2)cc1	
"
394,0.011663336066738417,CHEMBL3431937,"c1cc(S(=O)(=O)N2CCc3c2cc(C(=O)Nc2ccc(CC(=O)[O-])cc2)cc3)cc(Cl)c1	
"
524,0.01186089404087376,CHEMBL3431937,"c1ccc(OCC(=O)N2CCCC[C]2c2nc(c3ccc(Cl)nc3)cs2)cc1	
"
317,0.012156297223562262,CHEMBL3431937,"Cc1cc(C(=O)Nc2ccc(C(=O)[O-])cc2)cc2c1CCN2S(=O)(=O)c1cc(Cl)ccc1OC	
"
465,0.012240011105197901,CHEMBL3431937,"CC(=O)Nc1ccc(c2nc([C]3CCCCN3C(=O)C#Cc3ccccc3)on2)cc1C(F)(F)F	
"
467,0.012254793675618103,CHEMBL3431937,"COc1ccc(Cl)cc1Cn1cc(C(=O)[O-])c2c1cc(C(=O)Nc1ccccc1)cc2	
"
428,0.012305661045380667,CHEMBL3431937,"COc1ccc(Cl)cc1Cc1c[nH]c2c1cc(C(=O)Nc1nc(CC(=O)[O-])cs1)cc2	
"
611,0.012306822060070388,CHEMBL905612,"c1cccc2c1[nH]c(C[C](C(=O)[O-])NC(=O)OC(C)(C)C)c2	
"
269,0.012510590632242469,CHEMBL3431937,"COc1ccc(Cl)cc1S(=O)(=O)N1CCCc2c1cc(C(=O)Nc1ccc(C(=O)[O-])c(F)c1)cc2	
"
420,0.012734424401400268,CHEMBL3431937,"Cc1cc(C(=O)Nc2ccc(CC(=O)[O-])cc2)cc2c1OCN2S(=O)(=O)c1cc(Cl)ccc1OC	
"
756,0.012871430493587965,Astellas,"c1(OCCC)cc(c2ccc3c(CN4[C](CCC4)C(=O)NCCOCCO3)c2)ccc1	
"
247,0.012882606387061735,CHEMBL3431937,"c1ccc(OCC(=O)N2CCCC[C]2c2nc(c3ccnc(C(=O)N4CCOCC4)c3)no2)cc1	
"
118,0.012979050186494145,CHEMBL1034536,"C(=O)(c1c(Cl)cc(S(=O)(=O)CCCCCC)cc1Cl)CC[N@H+]1CC(=O)NCC1	
"
336,0.013048181668624537,CHEMBL3431937,"COc1ccc(Cl)cc1S(=O)(=O)N1CCc2c1cc(C(=O)Nc1ccc(CC(=O)[O-])cc1)cc2	
"
527,0.013239945834397027,CHEMBL3431937,"c1ccc(OCC(=O)N2CCCC[C]2c2csc(c3ccc(C(F)(F)F)nc3)n2)cc1	
"
393,0.01325489833847282,CHEMBL3431937,"Cc1cc(C)cc(S(=O)(=O)N2CCc3c2cc(C(=O)Nc2ccc(CC(=O)[O-])cc2)cc3)c1	
"
426,0.013268681152402095,CHEMBL3431937,"CCOc1ccc(C(=O)Nc2ccc(C(=O)[O-])c(F)c2)cc1N(S(=O)(=O)c1cc(Cl)ccc1OC)CCS(=O)[O-]	
"
768,0.013308037974363529,Astellas,"c1(ccccc1Cl)CC(=O)N1Cc2c(Oc3ccccc3OCCOCC1)nccc2	
"
110,0.013562358532504426,CHEMBL1034536,"C(=O)(c1c(Cl)cc(S(=O)(=O)CCCCCC)c(Cl)c1)CC[NH+]1CCN(C(=O)C)CC1	
"
231,0.013587347370339842,CHEMBL3431937,"CS(=O)(=O)NCc1cccc(c2nc([C]3CCCCN3C(=O)COc3ccccc3)no2)c1	
"
787,0.013615023224270217,Astellas,"c1(C(=O)N2[C]3CCCC[C]3Oc3c(C(=O)N(C)CCCCC2)cccc3)nn(C)c(C)c1	
"
512,0.013833135832238774,CHEMBL3431937,"COc1ccc(Cl)cc1S(=O)(=O)N1CCc2c1cc(C(=O)Nc1ccn(CC(=O)[O-])n1)cc2	
"
299,0.013925732966935556,CHEMBL3431937,"CCNC(=O)Nc1cccc(c2[nH]c([C]3CCCCN3C(=O)COc3ccccc3)nn2)c1	
"
597,0.013951187716147118,CHEMBL905612,"[C]1(Cc2c[nH]c3c2cccc3)C(=O)NCC(=O)N1	
"
450,0.013951562708141907,CHEMBL3431937,"c1ccc(OCC(=O)N2CCCC[C]2c2nc(c3ccc4c(COC(=O)N4)c3)no2)cc1	
"
356,0.014033548132641016,CHEMBL3431937,"COc1ccc(Cl)cc1S(=O)(=O)N1COCc2c1cc(C(=O)Nc1ccc(C(=O)[O-])cc1)cc2	
"
318,0.014080350572688083,CHEMBL3431937,"Cc1cc(C(=O)Nc2ccc(C(=O)[O-])c(Cl)c2)cc2c1CCN2S(=O)(=O)c1cc(Cl)ccc1OC	
"
773,0.014190242157465782,Astellas,"c1(ccccc1OC)CC(=O)N1Cc2c(OCCCCCNC(=O)C1)c(OCC)ccc2	
"
296,0.014254957690463144,CHEMBL3431937,"C[C](C(=O)Nc1cccc(c2[nH]c([C]3CCCCN3C(=O)COc3ccccc3)nn2)c1)C	
"
310,0.014258401019538347,CHEMBL3431937,"COc1ccc(Cl)cc1S(=O)(=O)N1CCCCc2c1cc(C(=O)Nc1ccc(C(=O)[O-])cc1)cc2	
"
751,0.014444258021778289,Astellas,"C1C[C](CCN1Cc1ccc(cc1)F)C(=O)N1C[C]2CC[C](CCN(c3ccccc3C1)C(=O)C)N2Cc1ccncc1	
"
539,0.014858504163083985,CHEMBL3431937,"CCCN(S(=O)(=O)c1cc(Cl)ccc1OC)c1cc(C(=O)Nc2ccc(CC(=O)[O-])cc2)cc2c1OCO2	
"
237,0.015165840746373505,CHEMBL3431937,"c1ccc(OCC(=O)N2CCCC[C]2c2nc(c3cccc(S(=O)(=O)N)c3)no2)cc1	
"
459,0.015178497481747932,CHEMBL3431937,"c1ccc(OCC(=O)N2CCCC[C]2c2nc(c3cccc(n4cn[nH]c4=O)c3)no2)cc1	
"
379,0.01535496417399429,CHEMBL3431937,"CC(=O)Nc1cc(c2[nH]c([C]3CCCCN3C(=O)COc3ccccc3)nn2)ccc1F	
"
737,0.015569636896659134,Astellas,"C(=O)(N1CC[C@@]2(CC1)C(=O)NCCOc1c(cccc1)C(=O)NCC=CC2)C1=[N+]C=CN1	
"
200,0.015648048024567984,CHEMBL3431937,"CCn1cc(S(=O)(=O)c2cc(Cl)ccc2OC)c2c1ccc(C(=O)Nc1ccc(C(=O)[O-])cc1)c2	
"
744,0.015696235300790562,Astellas,"N(C)(C)CCCNC(=O)[C]1NC(=O)c2ccccc2OC[C]([C](C)C)NC(=O)[C]([C](C)C)NC(=O)[C](C[C](C)C)NC(=O)CC1	
"
513,0.015773348880679272,CHEMBL3431937,"COc1ccc(Cl)cc1S(=O)(=O)c1c2cc(C(=O)Nc3ccccc3)ccc2n(CCC(=O)[O-])n1	
"
228,0.015955884291823708,CHEMBL3431937,"CC1(C)c2ccc(C(=O)Nc3nc(CC(=O)[O-])cs3)cc2N(Cc2cc(Cl)ccc2OC)C(=O)O1	
"
297,0.015989161956803777,CHEMBL3431937,"Cc1cc(C(=O)Nc2ccc(c3[nH]nnn3)cc2)nn1Cc1ccc(O[C](F)F)cc1	
"
458,0.016086491949810267,CHEMBL3431937,"c1ccc(OCC(=O)N2CCCC[C]2c2nc(c3cccc(N4CC(=O)NC4=O)c3)no2)cc1	
"
404,0.01614635547559118,CHEMBL3431937,"c1ccc(OCC(=O)N2CCCC[C]2c2[nH]nc(c3ccc(F)c(F)c3)n2)cc1	
"
410,0.016340448029334986,CHEMBL3431937,"c1ccc(OCC(=O)N2CCCC[C]2c2nnn(c3ccc4c(cc[nH]4)c3)n2)cc1	
"
349,0.016464838280074723,CHEMBL3431937,"CC(=O)Nc1cccc(c2nc([C]3CCCCN3C(=O)COc3ccccc3)n(C)n2)c1	
"
437,0.016717709265311242,CHEMBL3431937,"c1ccc(OCC(=O)N2CCCC[C]2C(=O)N2Cc3ccc(OC[C]4CC4)cc3C2)cc1	
"
565,0.016801415004406905,CHEMBL3431937,"C[C](N(S(=O)(=O)c1cc(Cl)ccc1OC)c1cc(C(=O)Nc2ncc(CC(=O)[O-])s2)cc2c1OCO2)C	
"
72,0.016947176807855957,CHEMBL1034536,"N1C(=O)C[N@H+](CCC(=O)c2c(Cl)cc(SCCCCCC)c(Cl)c2)CC1	
"
516,0.01710997256011293,CHEMBL3431937,"Cc1cc(C)cc(S(=O)(=O)c2c3cc(C(=O)Nc4ccccc4)ccc3n(CCC(=O)[O-])n2)c1	
"
74,0.017322428012907398,CHEMBL1034536,"C(=O)(c1c([C](C)C)cc(OCCCCCC)c(C)c1)CC[NH+](C)C	
"
666,0.017562999539961766,CHEMBL905613,"n1(C(=O)C[N@H+]2CC[N@H+](C)CC2)c2c(cccc2)c(=O)[nH]c2c1nccc2	
"
295,0.017596554092272676,CHEMBL3431937,"CCC(=O)Nc1cccc(c2[nH]c([C]3CCCCN3C(=O)COc3ccccc3)nn2)c1	
"
471,0.01770418514183003,CHEMBL3431937,"Cn1c2ccc(C(=O)Nc3ccc(C(=O)[O-])cc3)cc2c(S(=O)(=O)c2cc(Cl)ccc2OC)n1	
"
233,0.01774179971274048,CHEMBL3431937,"COc1ccc(Cl)cc1S(=O)(=O)N1CCOc2c1cc(C(=O)Nc1nc(CC(=O)[O-])cs1)cc2F	
"
629,0.017778775182431872,CHEMBL905613,"C1=CC(=O)C=C2CC[C]3[C@@]([C](O)C[C@@]4(C)[C]3C[C](C)[C@]4(O)C(=O)CO)(F)[C@@]12C	
"
558,0.017874280453820113,CHEMBL3431937,"COc1ccc(Cl)cc1S(=O)(=O)N1CCOc2c1cc(C(=O)Nc1ccc(C(=O)[O-])c(F)c1)cc2F	
"
202,0.01802759482426275,CHEMBL3431937,"c1ccc(OCC(=O)N2CCCC[C]2c2nc(c3c(Cl)cnc(N)n3)on2)cc1	
"
518,0.018319334096456252,CHEMBL3431937,"Cc1cc(C)cc(S(=O)(=O)c2c3cc(C(=O)Nc4ccc(C(=O)[O-])cc4)ccc3n(C)n2)c1	
"
444,0.018482135778032927,CHEMBL3431937,"c1ccc(OCC(=O)N2CCCC[C]2c2nc(c3cc[nH]n3)on2)cc1	
"
680,0.01861254713363447,CHEMBL905613,"c1(ccccc1)c1ccccc1	
"
581,0.01868004062455153,CHEMBL905613,"Oc1ccccc1	
"
616,0.01869013071643888,CHEMBL905613,"O(C[C](O)C[NH2+][C](C)C)c1c(cccc1)CC=C	
"
93,0.018739313554321235,CHEMBL1034536,"C(=O)(c1c(Cl)cc(S(=O)(=O)CCCCCC)cc1Cl)CC[NH+](C)C	
"
316,0.018875514774665092,CHEMBL3431937,"c1cc(S(=O)(=O)N2CCOc3c2cc(C(=O)Nc2ccc(C(=O)[O-])c(F)c2)cc3)cc(Cl)c1	
"
367,0.019099460288790837,CHEMBL3431937,"COc1ccc(Cl)cc1S(=O)(=O)N1CCOc2c1cc(C(=O)Nc1ccc(CCC(=O)[O-])cc1)cc2	
"
364,0.019471581121210946,CHEMBL3431937,"c1ccc(OCC(=O)N2CCCC[C]2c2nc(c3ccc4c(NC(=O)CO4)c3)no2)cc1	
"
284,0.019759494641532704,CHEMBL3431937,"CCOC(=O)c1cn2ccc(c3nc([C]4CCCCN4C(=O)COc4ccccc4)on3)cc2n1	
"
309,0.019801407493154066,CHEMBL3431937,"COc1ccc(Cl)cc1S(=O)(=O)N1COc2c1cc(C(=O)Nc1ccc(C(=O)[O-])c(F)c1)cc2	
"
741,0.01996063978396201,Astellas,"c1cnc2c(CN(Cc3c(OC)c(OC)ccc3)CCOCCOc3c(cccc3)O2)c1	
"
328,0.01996099547975483,CHEMBL3431937,"CN(C(=O)c1cc(c2nc([C]3CCCCN3C(=O)COc3ccccc3)on2)cnc1)CCOC	
"
353,0.020082894757297964,CHEMBL3431937,"CC(=O)Nc1cccc(C#C[C]2CCCCN2C(=O)COc2ccccc2)c1	
"
500,0.020083535031123034,CHEMBL3431937,"Cc1cc(C(=O)Nc2nc(CC(=O)[O-])cs2)cc2c1CCN2S(=O)(=O)c1cc(Cl)ccc1OC	
"
411,0.020309967064473966,CHEMBL3431937,"CC(=O)Nc1ccc(n2nc([C]3CCCCN3C(=O)COc3ccccc3)nn2)cc1	
"
535,0.020457260654205278,CHEMBL3431937,"COc1ccc(Cl)cc1S(=O)(=O)N1CCOc2c1cc(C(=O)Nc1ccc(CC(=O)[O-])cc1)cc2Cl	
"
257,0.020594083736192204,CHEMBL3431937,"c1cc(O[C](F)F)ccc1Cn1c2ccc(F)cc2c(C(=O)Nc2ccc(c3[nH]nnn3)cc2)n1	
"
604,0.0207810275338689,CHEMBL905612,"Cc1cc(C)cc(C(=O)N(NC(=O)c2c(C)c3c(OCCC3)cc2)C(C)(C)C)c1	
"
622,0.02082786092495237,CHEMBL905613,"c1(C)c(O)ccc(C)c1	
"
335,0.020996803283798826,CHEMBL3431937,"COc1ccc(Cl)cc1CN1c2cc(C(=O)Nc3nc(CC(=O)[O-])cs3)ccc2OCC1=O	
"
522,0.020997341168277117,CHEMBL3431937,"CS(=O)(=O)c1ccc(c2csc([C]3CCCCN3C(=O)COc3ccccc3)n2)cc1	
"
542,0.02109666758881712,CHEMBL3431937,"COc1ccc(Cl)cc1S(=O)(=O)N1COc2c1cc(C(=O)Nc1ccc(C(=O)[O-])c(F)c1)cc2F	
"
419,0.021108090971414306,CHEMBL3431937,"Cc1cc(C(=O)Nc2ccc(CC(=O)[O-])cc2)cc2c1OCCN2S(=O)(=O)c1cc(Cl)ccc1OC	
"
195,0.021142354247938755,CHEMBL3431937,"COc1ccc(Cl)cc1S(=O)(=O)N1COc2c1cc(C(=O)Nc1ccc(CC(=O)[O-])cc1)cc2	
"
418,0.02155693279430171,CHEMBL3431937,"c1ccc(OCC(=O)N2CCCC[C]2c2nc(c3cccc(N4CCCC4=O)c3)on2)cc1	
"
185,0.021835152491656018,CHEMBL3431937,"c1c(C(=O)[O-])ccc(NC(=O)c2cc3c(CCN3S(=O)(=O)c3cc(Cl)ccc3OC)cc2)c1	
"
337,0.021902463021990393,CHEMBL3431937,"COc1ccc(Cl)cc1S(=O)(=O)N1CCc2c1cc(C(=O)Nc1nc(CC(=O)[O-])cs1)cc2	
"
625,0.022038055688447855,CHEMBL905613,"NS(=O)(=O)c1c(cc(c(C(=O)[O-])c1)NCc1ccco1)Cl	
"
210,0.022305489303092507,CHEMBL3431937,"c1ccc(OCC(=O)N2CCCC[C]2c2nc(c3ccc4c(scn4)c3)on2)cc1	
"
592,0.022730076714464253,CHEMBL905612,"O=C1[C](NC(=O)[C](Cc2ccc(cc2)O)N1)Cc1ccc(cc1)O	
"
650,0.022899909052921608,CHEMBL905613,"S1(=O)(=O)N(C)C(=C(O)c2c1cccc2)C(=O)Nc1ncccc1	
"
668,0.023029542018554672,CHEMBL905613,"N1(CCC[NH+](C)C)c2c(cccc2)CCc2c1cccc2	
"
161,0.023188339720271678,CHEMBL3430218,"[C]1(C[C](C)C)C(=O)N[C](Cc2ccc(O)cc2)C(=O)N[C](C)C(=O)NCC(=O)N[C]([C](O)C)C(=O)N[C](Cc2ccccc2)C(=O)N1	
"
786,0.0236414033966863,Astellas,"[C]1(CC(=O)N2[C]3CCCC[C]3Oc3c(C(=O)N(CC)CCCCC2)cccc3)CCCC1	
"
549,0.02367492501059143,CHEMBL3431937,"COc1ccc(Cl)cc1S(=O)(=O)N1CCOc2c1cc(C(=O)Nc1ccc(C(=O)[O-])cc1)cc2F	
"
682,0.023870732528419758,CHEMBL905613,"Nc1ccc(cc1)[N+](=O)[O-]	
"
374,0.02398400973142234,CHEMBL3431937,"CC1(C)c2ccc(C(=O)Nc3ccc(C(=O)[O-])c(Cl)c3)cc2N(Cc2cc(Cl)ccc2OC)C(=O)O1	
"
721,0.024169344672650084,CHEMBL905613,"C(=O)([O-])[C](C)c1ccc(C[C](C)C)cc1	
"
377,0.024183933441776162,CHEMBL3431937,"CC1(C)c2ccc(C(=O)Nc3ccc(CC(=O)[O-])cc3)cc2N(Cc2cc(Cl)ccc2OC)C(=O)O1	
"
163,0.02480013550384097,CHEMBL3430218,"[C]1(C[C](C)C)C(=O)N[C](Cc2ccc(O)cc2)C(=O)N[C]([C](O)C)C(=O)NCC(=O)N[C]([C](O)C)C(=O)N[C](Cc2ccccc2)C(=O)N1	
"
405,0.025251678398342747,CHEMBL3431937,"COc1ccc(c2nc([C]3CCCCN3C(=O)C#Cc3ccccc3)on2)cc1	
"
636,0.025476260275598683,CHEMBL905613,"c1(C(=O)OCC)c(C(=O)OCC)cccc1	
"
678,0.025599357907479803,CHEMBL905613,"Oc1ccccc1	
"
252,0.025751899001676293,CHEMBL3431937,"c1ccc(OCC(=O)N2CCCC[C]2c2[nH]nc(c3cccc(C(=O)N)c3)n2)cc1	
"
395,0.025870909451496615,CHEMBL3431937,"c1ccc(OCC(=O)N2CCCC[C]2C(=O)N2CCc3ccccc3C2)cc1	
"
264,0.02596084747809435,CHEMBL3431937,"c1cc(C(F)(F)F)cc(S(=O)(=O)N2CCc3c2cc(C(=O)Nc2ccc(C(=O)[O-])c(F)c2)cc3)c1	
"
351,0.026122838657800962,CHEMBL3431937,"Cn1cc(S(=O)(=O)c2cccc(Cl)c2)c2c1ccc(C(=O)Nc1ccc(C(=O)[O-])cc1)c2	
"
193,0.02620308251747705,CHEMBL3431937,"Cc1cc(c2nc([C]3CCCCN3C(=O)COc3ccccc3)on2)no1	
"
559,0.026247671589324284,CHEMBL3431937,"COc1ccc(Cl)cc1S(=O)(=O)N1CCOc2c1cc(C(=O)Nc1ccc(C(=O)[O-])c(Cl)c1)cc2F	
"
243,0.026284977526782605,CHEMBL3431937,"COc1ccc(Cl)cc1S(=O)(=O)Nc1cc(C(=O)Nc2ccc(C(=O)[O-])cc2)cc(OC)c1OC	
"
576,0.026357923703833386,CHEMBL905613,"O(C[C](C[NH2+][C](C)C)O)c1ccc(CCOC)cc1	
"
705,0.02707577920236659,CHEMBL905613,"NS(=O)(=O)c1c(cc(c(C(=O)[O-])c1)NCc1ccco1)Cl	
"
203,0.0270765243881943,CHEMBL3431937,"c1ccc(OCC(=O)N2CCCC[C]2c2nc(c3ccc(n4cncn4)cc3)on2)cc1	
"
445,0.027081776653655965,CHEMBL3431937,"Cc1cc(c2nc([C]3CCCCN3C(=O)COc3ccccc3)no2)no1	
"
494,0.02712592857483287,CHEMBL3431937,"COc1ccc(Cl)cc1CN1c2cc(C(=O)Nc3ccc(C(=O)[O-])cc3)ccc2C2(CC2)C1=O	
"
276,0.027196384809248464,CHEMBL3431937,"c1ccc(OCC(=O)N2CCCC[C]2c2nc(C3C=CC(=O)NC3)no2)cc1	
"
133,0.027363764635330412,CHEMBL3430218,"[C]1(C[C](C)C)N(C)C(=O)[C](N(C)C(=O)[C](NC(=O)[C]2CCCN2C(=O)[C](NC(=O)[C](C[C](C)C)NC1=O)C[C](C)C)Cc1ccc(O)cc1)C[C](C)C	
"
489,0.02753812449847093,CHEMBL3431937,"c1ccc(OCC(=O)N2CCCC[C]2c2nc(c3ccc(C(=O)[O-])cc3)cs2)cc1	
"
313,0.027539617597620136,CHEMBL3431937,"c1ccc(OCC(=O)N2CCCC[C]2c2[nH]nc(c3cccc(c4n[nH]c(=O)o4)c3)n2)cc1	
"
613,0.0276231118040835,CHEMBL905612,"N(C(=O)C)[C](Cc1ccc(O)cc1)C(=O)N[C](C[C](C)C)C(=O)N	
"
633,0.028095575189528432,CHEMBL905612,"c1cc(C(=O)NN(C(C)(C)C)C(=O)c2ccccc2)ccc1	
"
330,0.02826616420120942,CHEMBL3431937,"c1ccc(OCC(=O)N2C[C]3C[C]3[C]2c2nc(c3ccc4c(CC(=O)N4)c3)no2)cc1	
"
251,0.028293969699577204,CHEMBL3431937,"CS(=O)(=O)Nc1cccc(c2[nH]c([C]3CCCCN3C(=O)COc3ccccc3)nn2)c1	
"
609,0.028614643935380712,CHEMBL905612,"N(C(=O)C)[C](Cc1c[nH]c2c1cccc2)C(=O)N[C]([C](C)C)C(=O)N	
"
761,0.028632431163194028,Astellas,"C(=O)(N1CCC2(COc3ccccc3C(=O)NCCOCCCC2)CC1)CCN(C)C	
"
382,0.028682246161645608,CHEMBL3431937,"Cc1cccc(S(=O)(=O)N2CCOc3c2cc(C(=O)Nc2nc(CC(=O)[O-])cs2)cc3)c1	
"
665,0.028766580048875667,CHEMBL905613,"c1(N2CC[NH2+]CC2)c(F)cc2c(n(CC)cc(C(=O)[O-])c2=O)c1	
"
275,0.028854224453770172,CHEMBL3431937,"c1ccc(OCC(=O)N2CC[NH2+]C[C]2c2nc(c3ccc4c(CC(=O)N4)c3)no2)cc1	
"
506,0.02890426428903048,CHEMBL3431937,"CN(S(=O)(=O)c1cc(Cl)ccc1OC)c1cc(C(=O)Nc2ccc(C(=O)[O-])cc2)cc2c1OCCO2	
"
391,0.028984009099533026,CHEMBL3431937,"CC(=O)NCc1cccc(c2[nH]c([C]3CCCCN3C(=O)COc3ccccc3)nn2)c1	
"
224,0.02909417022089933,CHEMBL3431937,"c1ccc(OCC(=O)N2CCCC[C]2c2nc(c3ccc4c([nH]cn4)c3)on2)cc1	
"
79,0.02917191789755602,CHEMBL1034536,"C(=O)(c1c(Cl)c(Cl)c(OCCCCCC)cc1)CC[NH+](C)C	
"
451,0.029251634069286325,CHEMBL3431937,"Cc1cc(C)cc(S(=O)(=O)N2CCc3c2cc(C(=O)Nc2nc(CC(=O)[O-])cs2)cc3)c1	
"
386,0.029263894887460395,CHEMBL3431937,"Cc1ccc(OC)c(S(=O)(=O)n2ccc3c2cc(C(=O)Nc2ccc(CC(=O)[O-])cc2)cc3)c1	
"
363,0.02988148384091005,CHEMBL3431937,"c1ccc(OCC(=O)N2CCCC[C]2c2nc(c3ccc4nccn4c3)no2)cc1	
"
716,0.02990702302836823,CHEMBL905613,"c1(c(cccc1)O)C(=O)[O-]	
"
649,0.030337065013921638,CHEMBL905613,"C(=O)([O-])[C](C)c1ccc(C[C](C)C)cc1	
"
362,0.03037302638280792,CHEMBL3431937,"c1ccc(OCC(=O)N2CCCC[C]2c2nc(c3ccc4c([nH]c(=O)c(=O)[nH]4)c3)on2)cc1	
"
635,0.030498761889806936,CHEMBL905613,"c1ccccc1CSP(=O)(O[C](C)C)O[C](C)C	
"
503,0.030608354919092307,CHEMBL3431937,"COc1ccc(Cl)cc1S(=O)(=O)Nc1cc(C(=O)Nc2ccccc2)ccc1/C=C/C(=O)[O-]	
"
325,0.030675322928074955,CHEMBL3431937,"c1ccc(OCC(=O)N2CCCC[C]2c2nc(c3cc(C#N)cnc3)no2)cc1	
"
432,0.030817394435471712,CHEMBL3431937,"c1ccc(OCC(=O)N2CCCC[C]2C(=O)N2CCc3ccc(S(=O)(=O)N)cc3C2)cc1	
"
308,0.031154136465706195,CHEMBL3431937,"c1ccc(OCC(=O)N2CCCC[C]2c2[nH]nc(c3ccnc(N)c3)n2)cc1	
"
331,0.031537529888404414,CHEMBL3431937,"COc1ccc(Cl)cc1S(=O)(=O)N1COc2c1cc(C(=O)Nc1ccc(CC(=O)[O-])cc1)cc2F	
"
53,0.031597640691631845,CHEMBL1034536,"C(=O)(c1ccc(SCCCCCC)cc1)CC[NH+](C)C	
"
443,0.031620783184433066,CHEMBL3431937,"Cn1ccc(c2nc([C]3CCCCN3C(=O)COc3ccccc3)no2)n1	
"
441,0.03173205968306991,CHEMBL3431937,"c1ccc(OCC(=O)N2CCCC[C]2c2nc(C(=O)N3CCOCC3)on2)cc1	
"
35,0.03181067468969845,CHEMBL1034536,"C(=O)(c1c(OC)cc(OCCCCCC)cc1)CC[NH+](C)C	
"
483,0.0319130150657605,CHEMBL3431937,"COc1ccc(Cl)cc1CN1c2cc(C(=O)Nc3nc(CC(=O)[O-])cs3)ccc2C2(CC2)C1=O	
"
332,0.032284101121207165,CHEMBL3431937,"COc1ccc(Cl)cc1S(=O)(=O)N1COc2c1cc(C(=O)Nc1nc(CC(=O)[O-])cs1)cc2F	
"
392,0.03228957768775498,CHEMBL3431937,"Cc1ccc(OC)c(S(=O)(=O)N2CCc3c2cc(C(=O)Nc2ccc(CC(=O)[O-])cc2)cc3)c1	
"
703,0.032290263314433965,CHEMBL905613,"c1(C(=O)OC)c(C(=O)OC)cccc1	
"
525,0.03231710385790887,CHEMBL3431937,"c1ccc(OCC(=O)N2CCCC[C]2c2nc(c3ccc(C(=O)N)cc3)cs2)cc1	
"
329,0.032443709631378326,CHEMBL3431937,"c1ccc(OCC(=O)N2CCCC[C]2c2nc(c3cc(C(=O)N[C]4CC4)cnc3)no2)cc1	
"
541,0.032473703770850904,CHEMBL3431937,"COc1ccc(Cl)cc1S(=O)(=O)N1COc2c1cc(C(=O)Nc1ccc(C(=O)[O-])cc1)cc2F	
"
250,0.032695065997279116,CHEMBL3431937,"CC(=O)Nc1cccc(c2[nH]c([C]3CCCCN3C(=O)COc3ccccc3)nn2)c1	
"
714,0.03272699987341987,CHEMBL905613,"C1CC(=O)C=C2CC[C]3[C]([C](O)C[C@@]4(C)[C]3CC[C@]4(O)C(=O)CO)[C@@]12C	
"
647,0.03278741298264709,CHEMBL905613,"c1cccc(C)c1O	
"
62,0.032873360133802265,CHEMBL1034536,"C(=O)(c1c(C(F)(F)F)cc(OCCCCCC)cc1)CC[NH+](C)C	
"
24,0.03315306372244686,CHEMBL1034536,"C(=O)(c1ccc(OCCCCCC)cc1)[C](C[NH+](C)C)[C](C)C	
"
551,0.033523202564587073,CHEMBL3431937,"c1ccc(OCC(=O)N2CCCC[C]2c2nc(c3cccc(C#N)c3)on2)cc1	
"
219,0.033657516402285204,CHEMBL3431937,"C[C]1CN(S(=O)(=O)c2cc(Cl)ccc2OC)c2c1ccc(C(=O)Nc1ccc(C(=O)[O-])cc1)c2	
"
315,0.03381460249106105,CHEMBL3431937,"Cc1cc(C(=O)Nc2ccc(C(=O)[O-])c(F)c2)cc2c1CCN2S(=O)(=O)c1cc(Cl)ccc1OC	
"
582,0.0339132215860003,CHEMBL905613,"[N+](=O)([O-])c1cc(ccc1)N	
"
274,0.03394381695929383,CHEMBL3431937,"C[N@@H+]1CCN(C(=O)COc2ccccc2)[C](c2nc(c3ccc4c(CC(=O)N4)c3)no2)C1	
"
545,0.03478535308599895,CHEMBL3431937,"C[C]1CN(S(=O)(=O)c2cc(Cl)ccc2OC)c2c1ccc(C(=O)Nc1ccc(C(=O)[O-])c(Cl)c1)c2	
"
300,0.034841484512251775,CHEMBL3431937,"c1ccc(OCC(=O)N2CCCC[C]2c2[nH]nc(c3cccc(N4CCC4=O)c3)n2)cc1	
"
258,0.03509442926844386,CHEMBL3431937,"C[N@@H+]1CCN(C(=O)COc2ccccc2)[C](c2[nH]nc(c3cccc(C(F)(F)F)c3)n2)C1	
"
532,0.03522476282633846,CHEMBL3431937,"CN(S(=O)(=O)c1cc(Cl)ccc1OC)c1cc(C(=O)Nc2ncc(CC(=O)[O-])s2)cc2c1OCO2	
"
486,0.035238284870970915,CHEMBL3431937,"c1ccc(OCC(=O)N2CCCC[C]2C(=O)N2Cc3cc(N4CCOCC4)c(F)cc3C2)cc1	
"
344,0.0355673263168752,CHEMBL3431937,"COc1ccc(Cl)cc1S(=O)(=O)N1CCOc2c1cc(C(=O)Nc1ccc(CC(=O)[O-])cc1)cc2	
"
701,0.03586192079728612,CHEMBL905613,"c1(=O)c(N(C)C)c(C)n(C)n1c1ccccc1	
"
373,0.03603354018968474,CHEMBL3431937,"c1ccc(OCC(=O)N2CCCC[C]2c2nc(c3cccc4c3c(=O)[nH][nH]4)on2)cc1	
"
343,0.03617868320705231,CHEMBL3431937,"CC1(C)c2ccc(C(=O)Nc3ccc(C(=O)[O-])cc3)cc2N(Cc2cc(Cl)ccc2OC)C1=O	
"
759,0.03709645016264851,Astellas,"c1(N(C)CCc2ccccc2)ccc2c(CN3[C](C(=O)NCCOCCO2)CCC3)c1	
"
175,0.037176129058043905,CHEMBL3430218,"[C]1(C[C](C)C)NC(=O)[C](NC(=O)[C](N(C)C(=O)[C]2CCCN2C(=O)[C](NC(=O)[C](C[C](C)C)N(C)C1=O)C[C](C)C)Cc1ccc(O)cc1)C[C](C)C	
"
747,0.0372646037712876,Astellas,"[C]1(N2CC(=O)Nc3cc(Cl)ccc3Oc3ccccc3OCCOCC2)CCOCC1	
"
711,0.03752684018650143,CHEMBL905613,"c1(C(=O)OCC)c(C(=O)OCC)cccc1	
"
712,0.03779854204139976,CHEMBL905613,"CCN(C(=O)SCc1ccc(Cl)cc1)CC	
"
718,0.03889857337096103,CHEMBL905613,"NS(=O)(=O)c1cc2c(NCNS2(=O)=O)cc1Cl	
"
663,0.03906201767955508,CHEMBL905613,"N1(CCC[NH2+]C)c2c(cccc2)CCc2c1cccc2	
"
361,0.03916182732132256,CHEMBL3431937,"CC1(C)c2ccc(C(=O)Nc3nccs3)cc2N(Cc2cc(Cl)ccc2OC)C(=O)O1	
"
431,0.039285977692045115,CHEMBL3431937,"COc1cccc2c1CCN(C(=O)[C]1CCCCN1C(=O)COc1ccccc1)C2	
"
685,0.03995397031005865,CHEMBL905613,"Clc1ccc(cc1)N	
"
546,0.04002772149576561,CHEMBL3431937,"C[C]1CN(S(=O)(=O)c2cc(Cl)ccc2OC)c2c1ccc(C(=O)Nc1ccc(C(=O)[O-])cc1)c2	
"
508,0.04022256091248,CHEMBL3431937,"CN(S(=O)(=O)c1cc(Cl)ccc1OC)c1cc(C(=O)Nc2ccc(C(=O)[O-])cc2)cc2c1OCO2	
"
673,0.04064013602409666,CHEMBL905613,"O(C[C](C[NH2+][C](C)C)O)c1ccc(CCOC)cc1	
"
90,0.0407317852369502,CHEMBL1034536,"C(=O)(c1c(Cl)cc(SCCCCCC)cc1Cl)CC[NH+](C)C	
"
312,0.04096008540405016,CHEMBL3431937,"c1ccc(OCC(=O)N2CCCC[C]2c2nc(c3cccc([N+](=O)[O-])n3)no2)cc1	
"
540,0.04097037236285761,CHEMBL3431937,"CCCN(S(=O)(=O)c1cc(Cl)ccc1OC)c1cc(C(=O)Nc2ncc(CC(=O)[O-])s2)cc2c1OCO2	
"
482,0.041301960464806164,CHEMBL3431937,"Cc1cc(C)cc(S(=O)(=O)N2CCS(=O)c3c2cc(C(=O)Nc2ccc(C(=O)[O-])cc2)cc3)c1	
"
457,0.041413735374984384,CHEMBL3431937,"c1ccc(OCC(=O)N2CCCC[C]2c2nc(c3cccc(N4CCCC4=O)c3)no2)cc1	
"
704,0.041683526340211774,CHEMBL905613,"c1c(cccc1Cl)N	
"
340,0.04169159690230284,CHEMBL3431937,"Cc1cc(C)cc(S(=O)(=O)n2ccc3c2cc(C(=O)Nc2ccc(C(=O)[O-])cc2)cc3)c1	
"
213,0.04182540009831737,CHEMBL3431937,"c1ccc(OCC(=O)N2CCCC[C]2c2nc(c3ccc4cccnc4n3)on2)cc1	
"
327,0.04188144028833474,CHEMBL3431937,"CCN(C(=O)c1cc(c2nc([C]3CCCCN3C(=O)COc3ccccc3)on2)cnc1)CC	
"
652,0.04224760393300375,CHEMBL905613,"Nc1ccccc1	
"
396,0.04228613504883327,CHEMBL3431937,"c1ccc(CNC(=O)[C]2CCCCN2C(=O)COc2ccccc2)cc1	
"
479,0.04230112024087784,CHEMBL3431937,"Cc1cc(C)cc(S(=O)(=O)N2CCSc3c2cc(C(=O)Nc2ccc(C(=O)[O-])cc2)cc3)c1	
"
531,0.04252719943344907,CHEMBL3431937,"Cc1c(c2cccc(C(=O)[O-])c2)nc([C]2CCCCN2C(=O)COc2ccccc2)s1	
"
640,0.04259869390539084,CHEMBL905613,"c1cccc(Cl)c1N	
"
607,0.042767524066761986,CHEMBL905612,"[NH3+]CC(=O)N[C](Cc1c[nH]c2c1cccc2)C(=O)N	
"
31,0.04300867967827893,CHEMBL1034536,"C(=O)(c1c(Cl)c(Cl)c(S(=O)(=O)CCCCCC)cc1)CC[NH+]1CCOCC1	
"
271,0.043034546180326316,CHEMBL3431937,"c1cc(C(F)(F)F)cc(S(=O)(=O)N2CCCc3c2cc(C(=O)Nc2ccc(C(=O)[O-])c(F)c2)cc3)c1	
"
749,0.043161766588505124,Astellas,"C1(=O)NCCCOc2c(cccc2)C(=O)N[C](C(=O)O)CCC(=O)N[C]1Cc1ccccc1	
"
697,0.04365544222185225,CHEMBL905613,"c12c(cccc1cccc2)OC[C](O)C[NH2+][C](C)C	
"
220,0.04365751640228499,CHEMBL3431937,"C[C]1CN(S(=O)(=O)c2cc(Cl)ccc2OC)c2c1ccc(C(=O)Nc1ccc(C(=O)[O-])cc1)c2	
"
48,0.04377100497689046,CHEMBL1034536,"C(=O)(c1cc(F)c(OCCCCCC)cc1)CC[NH+](C)C	
"
621,0.044110612089417245,CHEMBL905613,"c1(=O)c(N(C)C)c(C)n(C)n1c1ccccc1	
"
449,0.04413132559293054,CHEMBL3431937,"c1ccc(OCC(=O)N2CCCC[C]2c2nc(c3cc([N+](=O)[O-])[nH]n3)on2)cc1	
"
646,0.04424334185708023,CHEMBL905613,"NS(=O)(=O)c1cc2c(NCNS2(=O)=O)cc1Cl	
"
71,0.04452331677769816,CHEMBL1034536,"C(=O)(c1c(Cl)cc(SCCCCCC)c(Cl)c1)CC[NH+](C)C	
"
293,0.04536193565328883,CHEMBL3431937,"COc1ccc(Cl)cc1S(=O)(=O)N1CCNc2c1cc(C(=O)Nc1ccc(C(=O)[O-])cc1)cc2	
"
793,0.04537697718663036,Enamine,"N1[C](C(=O)N[C]([C](O)C)C(=O)N[C](C(=O)N[C](C(=O)N[C](C(=O)N[C](C(=O)N[C](Cc2ccc3c(cccc3)c2)C(=O)N[C](C(=O)N[C](C(=O)N[C](CCCC)C(=O)N[C](C1=O)CCC(=O)N)Cc1ccc(F)cc1)CCCNC(=N)N)CCCNC(=N)N)CCCNC(=N)N)CCCNC(=N)N)C)Cc1c[nH]c2c1cccc2	
"
660,0.04539545296789971,CHEMBL905612,"c1ccc2c([nH]cc2CC[NH3+])c1	
"
199,0.04576978370831508,CHEMBL3431937,"CCn1cc(Sc2cc(Cl)ccc2OC)c2c1ccc(C(=O)Nc1ccc(C(=O)[O-])cc1)c2	
"
311,0.04612572891998212,CHEMBL3431937,"c1ccc(OCC(=O)N2CCCC[C]2c2[nH]nc(c3cccc(C(=O)N[NH3+])c3)n2)cc1	
"
121,0.04613925110597927,CHEMBL1034536,"C(=O)(c1ccc(OCCCCCC)cc1)[C](C)C[NH+](C)C	
"
95,0.046162030325698655,CHEMBL1034536,"C(=O)(c1c(Cl)cc(S(=O)(=O)CCCCCC)c(Cl)c1)CC[NH+]1CCOCC1	
"
413,0.04618410663711625,CHEMBL3431937,"Cn1cc(Cc2cc(Cl)ccc2OC)c2c1ccc(C(=O)Nc1nc(CC(=O)[O-])cs1)c2	
"
544,0.04632741711642563,CHEMBL3431937,"C[C]1CN(S(=O)(=O)c2cc(Cl)ccc2OC)c2c1ccc(C(=O)Nc1ccc(C(=O)[O-])c(F)c1)c2	
"
547,0.04653673987647,CHEMBL3431937,"c1ccc(OCC(=O)N2CCCC[C]2c2nc(c3cccc(OCC(=O)[O-])c3)no2)cc1	
"
440,0.0466374815235886,CHEMBL3431937,"c1ccc(OCC(=O)N2CCCC[C]2c2nc(c3cccc(n4cc[nH]c4=O)c3)on2)cc1	
"
691,0.04723893314350658,CHEMBL905613,"COc1nn(CSP(=S)(OC)OC)c(=O)s1	
"
722,0.04827456494160831,CHEMBL905613,"S1(=O)(=O)N(C)C(=C(O)c2c1cccc2)C(=O)Nc1ncccc1	
"
314,0.04829517858592869,CHEMBL3431937,"c1ccc(OCC(=O)N2CCCC[C]2c2[nH]nc(c3cccc(c4nnco4)c3)n2)cc1	
"
661,0.0483690850628955,CHEMBL905613,"O(C)c1cc(ccc1OC)[C@](CCC[N@H+](C)CCc1cc(c(cc1)OC)OC)(C#N)[C](C)C	
"
55,0.04853437520088644,CHEMBL1034536,"C(=O)(c1ccc(OCCCCCC)cc1)CC[NH+]1CCCC1	
"
280,0.04854160181866174,CHEMBL3431937,"CCOC(=O)c1cc(c2nc([C]3CCCCN3C(=O)COc3ccccc3)on2)cnc1	
"
624,0.04888237273101037,CHEMBL905613,"c1c(cccc1Cl)N	
"
3,0.04969248443954344,CHEMBL1034536,"C(=O)(c1cc(C)c(OCCCCCC)cc1)CC[NH+](C)C	
"
384,0.05001459102859762,CHEMBL3431937,"Cc1cc(C)cc(S(=O)(=O)N2CCOc3c2cc(C(=O)Nc2nc(CC(=O)[O-])cs2)cc3)c1	
"
774,0.05021018165923419,Astellas,"c1(cc(C)ccc1)CC(=O)N1Cc2c(Oc3ccccc3OCCCCCC1)nccc2	
"
519,0.05024914455472551,CHEMBL3431937,"COc1ccc(Cl)cc1S(=O)(=O)N1C[C](C(=O)[O-])Cc2c1cc(C(=O)Nc1ccccc1)cc2	
"
563,0.05033465329098785,CHEMBL3431937,"COc1ccc(Cl)cc1S(=O)(=O)N1COc2c1cc(C(=O)Nc1ccc(C(=O)[O-])cc1)cc2Cl	
"
695,0.05051961154349005,CHEMBL905613,"c1cccc(Nc2ccccc2C(=O)[O-])c1	
"
579,0.050853914674998,CHEMBL905613,"C1(=NCCN1)Nc1c(cccc1Cl)Cl	
"
13,0.05128011709348623,CHEMBL1034536,"C(=O)(c1c(Cl)c(Cl)c(S(=O)(=O)CCCCCC)cc1)CC[NH+](C)C	
"
341,0.051331224203623016,CHEMBL3431937,"c1ccc(OCC(=O)N2CCCC[C]2c2nc(c3ccc4c(NC(=O)CO4)c3)on2)cc1	
"
132,0.05147154301860901,CHEMBL3430218,"[C]1(CCCC[NH3+])NC(=O)[C](NC(=O)[C](NC(=O)[C]2CCCN2C(=O)[C](NC(=O)[C]([C](O)C)NC1=O)Cc1ccccc1)Cc1ccccc1)Cc1c[nH]c2c1cccc2	
"
779,0.05148317146533277,Astellas,"c1(C(=O)N2CCCC[C@@]3(CO)CCN(CC3)Cc3c(cccc3)OCC2)c(N)nccn1	
"
654,0.05151407804267816,CHEMBL905612,"N(NC(=O)c1c(C)c(ccc1)OC)(C(C)(C)C)C(=O)c1cc(C)cc(C)c1	
"
286,0.05164001793160011,CHEMBL3431937,"c1ccc(OCC(=O)N2CCCC[C]2c2[nH]nc(c3cccc(C(=O)NCCO)c3)n2)cc1	
"
270,0.05206209447539223,CHEMBL3431937,"c1cc2c(N(S(=O)(=O)c3cc(Cl)cc(Cl)c3)CCC2)cc1C(=O)Nc1ccc(C(=O)[O-])c(F)c1	
"
273,0.05213365720020491,CHEMBL3431937,"c1ccc(OCC(=O)N2CC[NH2+]C[C]2c2nc(c3ccc4c([nH]cn4)c3)no2)cc1	
"
675,0.052322438472180544,CHEMBL905613,"C1=C[C@]2(C(=CC1=O)CC[C]1[C]2[C](C[C@]2([C]1CC[C@@]2(C(=O)CO)O)C)O)C	
"
127,0.05247425233216507,CHEMBL3430218,"[N@@H+]12[C](C[C](CC1)[C](C=C)C2)[C](O)c1c2c(ccc(OC)c2)ncc1	
"
683,0.05297477231343439,CHEMBL905613,"n1c(nc(N[C](C)C)nc1NCC)Cl	
"
201,0.05300737613159079,CHEMBL3431937,"CC1(C)C(=O)N(c2ccc(Cl)c(c3nc([C]4CCCCN4C(=O)COc4ccccc4)no3)c2)C(=O)N1	
"
0,0.05338097924582108,CHEMBL1034536,"[NH+]1(CCCCC1)CCC(=O)c1ccc(OCCCCCC)cc1	
"
580,0.053385552815363724,CHEMBL905613,"[N+](=O)([O-])c1cc(ccc1)O	
"
713,0.05362374836199635,CHEMBL905613,"n1c(C)cc(OP(=S)(OCC)OCC)nc1[C](C)C	
"
36,0.05397398723371527,CHEMBL1034536,"C(=O)(c1ccc(C[C]2CC[N@@H+](CC)CC2)cc1)CC[NH+](C)C	
"
530,0.054261716628146495,CHEMBL3431937,"c1ccc(OCC(=O)N2CCCC[C]2c2csc(c3ccccn3)n2)cc1	
"
762,0.05450539505298302,Astellas,"n1c(O)cc(C(=O)N2CCC3(C(=O)NCCOc4ccccc4CCCCC3)CC2)cc1	
"
378,0.05455303275152801,CHEMBL3431937,"CC(=O)Nc1cc(c2[nH]c([C]3CCCCN3C(=O)COc3ccccc3)nn2)cc(F)c1	
"
472,0.05459239417010853,CHEMBL3431937,"Cn1c(S(=O)(=O)c2cc(Cl)ccc2OC)c2cc(C(=O)Nc3ccc(C(=O)[O-])cc3)ccc2n1	
"
241,0.05483900223902172,CHEMBL3431937,"Cc1cc(C(=O)Nc2ccc(C(=O)[O-])cc2)cc(S(=O)(=O)Nc2cccc(C(F)(F)F)c2)c1C	
"
433,0.05484984319912467,CHEMBL3431937,"C[N@@H+]1CCN(c2cc3c(CN(C(=O)[C]4CCCCN4C(=O)COc4ccccc4)C3)cc2Cl)CC1	
"
51,0.054871142761950153,CHEMBL1034536,"C(=O)(c1c(Cl)cc(SCCCCCC)c(Cl)c1)CC[N@H+]1[C](C)C1	
"
778,0.05508544457936182,Astellas,"c1(OCC(=O)N2CC[C](O)[C](O)COc3c(cccc3)CCCC2)ccc(Cl)cc1	
"
655,0.05576403509516403,CHEMBL905613,"C(=O)(c1ccccc1)c1cc(ccc1)[C](C)C(=O)[O-]	
"
350,0.05720972938802937,CHEMBL3431937,"Cn1cc(Sc2cccc(Cl)c2)c2c1ccc(C(=O)Nc1ccc(C(=O)[O-])cc1)c2	
"
734,0.057611942839838726,CHEMBL905613,"c1(N2CC[NH2+]CC2)c(F)cc2c(n(CC)cc(C(=O)[O-])c2=O)c1	
"
326,0.05769748472446512,CHEMBL3431937,"CNC(=O)c1cc(c2nc([C]3CCCCN3C(=O)COc3ccccc3)on2)cnc1	
"
594,0.05780822848383327,CHEMBL905612,"N1C(=O)[C](Cc2c[nH]c3c2cccc3)NC(=O)[C]1Cc1c[nH]c2c1cccc2	
"
681,0.05797118629590248,CHEMBL905613,"Oc1c(cccc1)[N+](=O)[O-]	
"
383,0.05812191015133905,CHEMBL3431937,"c1cc(S(=O)(=O)N2CCOc3c2cc(C(=O)Nc2nc(CC(=O)[O-])cs2)cc3)cc(Cl)c1	
"
562,0.058131877386097486,CHEMBL3431937,"Cc1cc(C(=O)Nc2ccc(C(=O)[O-])cc2)cc2c1OCN2S(=O)(=O)c1cc(Cl)ccc1OC	
"
521,0.058145824098990495,CHEMBL3431937,"c1ccc(OCC(=O)N2CCCC[C]2c2csc(c3cccc(C(=O)[O-])c3)n2)cc1	
"
605,0.05834206748726345,CHEMBL905612,"c1cccc2c1[nH]c(C[C](C(=O)[O-])NC(=O)OC[C]1c3c(c4c1cccc4)cccc3)c2	
"
561,0.058557716093984524,CHEMBL3431937,"Cc1cc(C(=O)Nc2ccc(C(=O)[O-])cc2)cc2c1OCCN2S(=O)(=O)c1cc(Cl)ccc1OC	
"
792,0.05867705476698237,Enamine,"N1[C](C(=O)N[C](C(C)(C)C)C(=O)N[C](C(=O)N[C](C(=O)N[C](C(=O)N[C](C(=O)N[C](Cc2ccc3c(cccc3)c2)C(=O)N[C](C(=O)N[C](C(=O)N[C](CCCC)C(=O)N[C](C1=O)CCC(=O)N)Cc1cc(c(F)cc1)F)CCCN=C(N)N)CCCN=C(N)N)CCCN=C(N)N)CCCN=C(N)N)[C](C)C)Cc1c[nH]c2c1cccc2	
"
478,0.05883359337369676,CHEMBL3431937,"Cn1c2ccc(C(=O)Nc3ccc(CC(=O)[O-])cc3)cc2c(S(=O)(=O)c2cc(Cl)ccc2OC)n1	
"
422,0.05910539982546226,CHEMBL3431937,"Cn1cc(Cc2cc(Cl)ccc2OC)c2c1ccc(C(=O)Nc1ccc(C(=O)[O-])cc1)c2	
"
424,0.05912191083100371,CHEMBL3431937,"COc1ccc(Cl)cc1S(=O)(=O)N1CCCc2c1cc(Oc1ccc(CC(=O)[O-])cc1)cc2	
"
780,0.05948676150361454,Astellas,"c1(C(=O)N2CCCCC3(CO)CCN(CC3)C(=O)c3c(cccc3)OCC2)cccnc1	
"
789,0.05966879805490688,Astellas,"c1(C(=O)N2[C](C[C](C)C)COc3c(C(=O)N(C)CCCCCC2)cccc3)c[n+](C)[nH]c1	
"
485,0.059797846120805964,CHEMBL3431937,"c1ccc(OCC(=O)N2CCCC[C]2C(=O)N2Cc3cc(O[C]4CCOCC4)c(F)cc3C2)cc1	
"
102,0.060011091233585834,CHEMBL1034536,"c1c(CCCCCCC)ccc(C(=O)CC[NH+](C)C)c1	
"
677,0.06001955402338499,CHEMBL905613,"[N+](=O)([O-])c1cc(ccc1)O	
"
78,0.06004808913148851,CHEMBL1034536,"C(=O)(c1ccc(N2CC[NH+](CCC)CC2)cc1)CC[NH+](C)C	
"
114,0.06019040154152222,CHEMBL1034536,"C(=O)(c1c(Cl)cc(S(=O)(=O)CCCCCC)cc1Cl)CC[NH+]1CCOCC1	
"
421,0.0604957763512326,CHEMBL3431937,"Cc1cc(C(=O)Nc2nc(CC(=O)[O-])cs2)cc2c1OCCN2S(=O)(=O)c1cc(Cl)ccc1OC	
"
150,0.060854161909376536,CHEMBL3430218,"C1N(C)C(=O)[C](N(C)C(=O)[C](NC(=O)[C]2CCCN2C(=O)[C](NC(=O)[C](Cc2ccccc2)NC1=O)C[C](C)C)Cc1ccc(O)cc1)C	
"
263,0.06163391755334224,CHEMBL3431937,"c1ccc(OCC(=O)N2CCCC[C]2c2[nH]nc(c3ccc4c(NC(=O)C4)c3)n2)cc1	
"
375,0.06207641401846509,CHEMBL3431937,"CC1(C)c2ccc(C(=O)Nc3ccc(CC(=O)[O-])c(Cl)c3)cc2N(Cc2cc(Cl)ccc2OC)C(=O)O1	
"
618,0.062218159136604,CHEMBL905613,"[N+](=O)([O-])c1c(cccc1)N	
"
782,0.06238495437129554,Astellas,"C1N(C(=O)c2ccc3c(Cc4cc(ccc4)CN(C[C]4CC4)CCCCCO3)c2)CCOC1	
"
477,0.06257286083643177,CHEMBL3431937,"c1ccc(OCC(=O)N2CCCC[C]2c2[nH]nc(c3cccc(N4CC(=O)NC4=O)c3)n2)cc1	
"
107,0.06345981571225323,CHEMBL1034536,"C(=O)(c1c(Cl)cc(SCCCCCC)cc1)CC[N@H+]1[C](C)C1	
"
495,0.06356051040437105,CHEMBL3431937,"COc1ccc(Cl)cc1S(=O)(=O)c1c[nH]c2c1cc(C(=O)Nc1ccccc1)cc2	
"
736,0.06363236304152586,Astellas,"C(=O)(c1cc2c(CCC2)cc1)N1CCC2(CC1)CNC(=O)COc1c(cccc1)CC=CC2	
"
129,0.06373266869586214,CHEMBL3430218,"N1[C](C[C](C)C)C(=O)N2[C](C(=O)N(C)[C](Cc3ccc(O)cc3)C(=O)N[C](C[C](C)C)C(=O)N(C)[C](C[C](C)C)C(=O)N(C)[C](C[C](C)C)C1=O)CCC2	
"
785,0.0641094687169188,Astellas,"c1(C(=O)N2CCCCCCN(C)C(=O)c3c(O[C]4[C]2CCCC4)cccc3)cn(C)cn1	
"
244,0.06411407651811984,CHEMBL3431937,"c1ccc(OCC(=O)N2CCCC[C]2c2nc(c3ccc(Cl)cc3)no2)cc1	
"
644,0.06436890569271281,CHEMBL905613,"c1(c(cccc1)O)C(=O)[O-]	
"
339,0.06476574719134387,CHEMBL3431937,"c1cc(S(=O)(=O)n2ccc3c2cc(C(=O)Nc2ccc(C(=O)[O-])cc2)cc3)cc(Cl)c1	
"
369,0.06489760084254215,CHEMBL3431937,"c1ccc(OCC(=O)N2CCCC[C]2c2[nH]nc(c3ccc4c(NC(=O)CO4)c3)n2)cc1	
"
693,0.06505247787061208,CHEMBL905613,"c1(C)ccc(CC)cn1	
"
23,0.06516594595604586,CHEMBL1034536,"C(=O)(c1c(Cl)cc(S(=O)(=O)CCCCCC)cc1)CC[NH+](C)C	
"
306,0.06522411312061482,CHEMBL3431937,"c1ccc(OCC(=O)N2CCCC[C]2c2nc(c3cccc(O)c3)no2)cc1	
"
502,0.06533167648264548,CHEMBL3431937,"Cc1ccc(OC)c(S(=O)(=O)N2CCCc3c2cc(C(=O)Nc2nc(CC(=O)[O-])cs2)cc3)c1	
"
587,0.06556890288698813,CHEMBL905613,"c1([C](C)C(=O)[O-])cc2c(cc1)cc(OC)cc2	
"
469,0.06558018503727947,CHEMBL3431937,"COc1ccc(Cl)cc1Cn1ccc2c1cc(C(=O)Nc1nc(CC(=O)[O-])cs1)cc2	
"
347,0.06661202759177964,CHEMBL3431937,"COc1ccc(Cl)cc1S(=O)(=O)N1CCOc2c1cc(C(=O)Nc1nc(CC(=O)[O-])cs1)cc2	
"
706,0.0666142011747759,CHEMBL905613,"[N+](=O)([O-])c1cc(Cl)ccc1Cl	
"
707,0.06703520352569647,CHEMBL905613,"C1=CC(=O)C=C2CC[C]3[C@@]([C](O)C[C@@]4(C)[C]3C[C](C)[C@]4(O)C(=O)CO)(F)[C@@]12C	
"
49,0.06721260590279687,CHEMBL1034536,"C(=O)(c1ccc(OCCCCCC)c2ccccc12)CC[NH+](C)C	
"
291,0.06749998075957997,CHEMBL3431937,"COc1ccc(Cl)cc1S(=O)(=O)N1CCOc2c1cc(C(=O)Nc1ccc(C(=O)[O-])c(Cl)c1)cc2	
"
387,0.06779021294718568,CHEMBL3431937,"c1ccc(OCC(=O)N2CCCC[C]2c2[nH]nc(c3ccc(N)nc3)n2)cc1	
"
760,0.06808281725040022,Astellas,"c1(c2ccc3c(CN4C[C](C(=O)NCCOCCO3)CCC4)c2)c(F)c(OC)ccc1	
"
352,0.0682145622105601,CHEMBL3431937,"c1ccc(OCC(=O)N2CCCC[C]2c2nc(c3cc4c(nc3)[nH]cn4)on2)cc1	
"
740,0.06841058355310192,Astellas,"c1cnc2c(CN(Cc3cccc(OC)c3OC)CCCCCOc3c(cccc3)O2)c1	
"
612,0.06861464393538075,CHEMBL905612,"N(C(=O)C)[C](Cc1c[nH]c2c1cccc2)C(=O)N[C]([C](C)C)C(=O)N	
"
766,0.06887753524222884,Astellas,"c1(Nc2cccc(OC)c2)ccc2c(CN3C[C](C(=O)NCCOCCO2)CCC3)c1	
"
484,0.06923559524936618,CHEMBL3431937,"COc1ccc(Cl)cc1S(=O)(=O)Nc1cc(C(=O)Nc2ccccc2)ccc1CCC(=O)[O-]	
"
493,0.06933029574204941,CHEMBL3431937,"c1ccc(OCC(=O)N2CCCC[C]2c2nc(c3ccncc3)cs2)cc1	
"
157,0.06937128389200975,CHEMBL3430218,CC(C)C[C@@H]1NC(=O)[C@@H](NC(=O)[C@H](Cc2c[nH]c3ccccc23)NC(=O)[C@H](Cc4ccccc4)NC(=O)[C@H](Cc5ccccc5)NC(=O)[C@@H]6CCCN6C1=O)C(C)C
409,0.07038704169201182,CHEMBL3431937,"c1ccc(OCC(=O)N2CCCC[C]2C#Cc2ccc3c(OCC(=O)N3)c2)cc1	
"
566,0.07044414143122069,CHEMBL3431937,"COCCN(S(=O)(=O)c1cc(Cl)ccc1OC)c1cc(C(=O)Nc2nc(CC(=O)[O-])cs2)cc2c1OCO2	
"
526,0.07065212046201186,CHEMBL3431937,"CC(=O)Nc1ccc(c2nc([C]3CCCCN3C(=O)COc3ccccc3)cs2)cc1	
"
676,0.07096933918721238,CHEMBL905613,"C1(=NCCN1)Nc1c(cccc1Cl)Cl	
"
523,0.07100137730063771,CHEMBL3431937,"c1ccc(OCC(=O)N2CCCC[C]2c2nc(c3ccc(C#N)cc3)cs2)cc1	
"
227,0.07102522567795866,CHEMBL3431937,"CC1(C)c2ccc(C(=O)Nc3ccc(C(=O)[O-])cc3)cc2N(Cc2cc(Cl)ccc2OC)C(=O)O1	
"
260,0.07114020931317544,CHEMBL3431937,"COc1ccc(Cl)cc1S(=O)(=O)Nc1cccc(C#Cc2ccc(C(=O)[O-])cc2)c1	
"
39,0.07170196688074926,CHEMBL1034536,"C(=O)(c1cc(OCCCCCC)ccc1)CC[NH+](C)C	
"
572,0.07268715428718941,CHEMBL905613,"C1CC(=O)C=C2CC[C]3[C]([C](O)C[C@@]4(C)[C]3CC[C]4C(=O)CO)[C@@]12C	
"
123,0.07316449052954521,CHEMBL1034536,"N1C(=O)C[N@@H+](CCC(=O)c2c(Cl)cc(OCCCCCC)cc2Cl)CC1	
"
715,0.0739596189183338,CHEMBL905613,"c1cccc(Cl)c1N	
"
571,0.07404652388985333,CHEMBL905613,"N1(CCC[NH+](C)C)c2c(cccc2)CCc2c1cccc2	
"
272,0.07451657323315963,CHEMBL3431937,"Cn1cc(C(=O)Nc2ccc(C(=O)[O-])cc2)cc(NS(=O)(=O)c2cc(Cl)ccc2OC)c1=O	
"
659,0.07469802343019172,CHEMBL905613,"c1cc(C#N)ccc1O	
"
490,0.07489592807273038,CHEMBL3431937,"c1ccc(OCC(=O)N2CCCC[C]2c2nc(c3cccc(C(=O)[O-])c3)cs2)cc1	
"
758,0.07498628702171306,Astellas,"c1cnc2c(C(=NCCCCCCOc3c(cccc3)O2)N2CCN(CC2)[C](C)C)c1	
"
56,0.07501213908929483,CHEMBL1034536,"C(=O)(c1c(Cl)cc(OCCCCCC)c(Cl)c1)CC[N@H+]1[C](C)C1	
"
491,0.07510407192726998,CHEMBL3431937,"c1ccc(OCC(=O)N2CCCC[C]2c2nc(c3cccc(C(=O)[O-])c3)cs2)cc1	
"
639,0.07554928273077888,CHEMBL905613,"C1CC(=O)C=C2CC[C]3[C]([C](O)C[C@@]4(C)[C]3CC[C@]4(O)C(=O)CO)[C@@]12C	
"
174,0.07580442759596107,CHEMBL3430218,"[C]1(C[C](C)C)N(C)C(=O)[C](NC(=O)[C](N(C)C(=O)[C]2CCCN2C(=O)[C](NC(=O)[C](C[C](C)C)NC1=O)C[C](C)C)Cc1ccc(O)cc1)C[C](C)C	
"
289,0.07632349992373921,CHEMBL3431937,"c1ccc(OCC(=O)N2CCCC[C]2c2nc(c3ccnc(N)c3)no2)cc1	
"
333,0.07678322835974782,CHEMBL3431937,"COc1ccc(Cl)cc1S(=O)(=O)N1CCSc2c1cc(C(=O)Nc1ccc(CC(=O)[O-])cc1)cc2	
"
368,0.07694754511178115,CHEMBL3431937,"COc1ccc(Cl)cc1CN1c2cc(C(=O)Nc3nc(CC(=O)[O-])cs3)ccc2S(=O)(=O)CC1=O	
"
499,0.07763527779527823,CHEMBL3431937,"Cc1cc(C(=O)Nc2ccc(CC(=O)[O-])cc2)cc2c1CCN2S(=O)(=O)c1cc(Cl)ccc1OC	
"
638,0.07770145928735417,CHEMBL905613,"n1c(C)cc(OP(=S)(OCC)OCC)nc1[C](C)C	
"
187,0.07788631931990952,CHEMBL3431937,"c1ccc(OCC(=O)N2CCCC[C]2C(=O)N2Cc3ccc(Cl)cc3C2)cc1	
"
181,0.07811586960340122,CHEMBL3430218,C[C@@H](O)[C@@H]1NC(=O)[C@H](CCCCN)NC(=O)[C@@H](Cc2c[nH]c3ccccc23)NC(=O)[C@H](Cc4ccccc4)NC(=O)[C@@H]5CCCN5C(=O)[C@H](Cc6ccccc6)NC1=O
593,0.0782868639374561,CHEMBL905613,"n1(C)c2c([nH]cn2)c(=O)n(C)c1=O	
"
27,0.07843743626519739,CHEMBL1034536,"C(=O)(c1c(Cl)cc(S(=O)(=O)CCCCCC)cc1)CC[NH+]1CCN(C(=O)C)CC1	
"
550,0.07857303868562138,CHEMBL3431937,"c1ccc(OCC(=O)N2CCCC[C]2c2nc(c3ccc(C#N)cc3)on2)cc1	
"
573,0.0787406315341288,CHEMBL905613,"C(=O)(C)Nc1ccc(O)cc1	
"
209,0.079028611989016,CHEMBL3431937,"c1ccc(OCC(=O)N2CCCC[C]2c2nc(c3ccc(Cl)nc3)on2)cc1	
"
4,0.07909432031883812,CHEMBL1034536,"C(=O)(c1c(Cl)cc(SCCCCCC)cc1)CC[NH+](C)C	
"
567,0.07937379228518715,CHEMBL3431937,"COc1ccc(Cl)cc1S(=O)(=O)N1CCOc2c1cc(C(=O)Nc1ncc(CC(=O)[O-])s1)cc2Cl	
"
416,0.0801861471678329,CHEMBL3431937,"c1ccc(OCC(=O)N2CCCC[C]2c2nc(c3cccc(N4CC(=O)NC4=O)c3)on2)cc1	
"
742,0.08067243017103198,Astellas,"c1(C(=O)N2CCC3(C(=O)NCCOCc4c[n+]([nH]n4)CCCC3)CC2)cn(CCC)nc1	
"
188,0.08085749390915531,CHEMBL3431937,"Cc1c(c2nc([C]3CCCCN3C(=O)COc3ccccc3)on2)snn1	
"
589,0.0808989459644236,CHEMBL905613,"Clc1ccc(cc1)N	
"
400,0.08113707504504397,CHEMBL3431937,"c1ccc(OCC(=O)N2CCCC[C]2c2nc(c3ccc([N+](=O)[O-])o3)no2)cc1	
"
765,0.08132914428677207,Astellas,"C1(=O)N[C](CCC(=O)NC2(CCCC2)C(=O)N[C]([C](C)C)COc2c1cccc2)C(=O)NCc1cc(ccc1)CN1C(=O)CCC1	
"
92,0.08149496591686667,CHEMBL1034536,"C(=O)(c1ccc(OCCCCCC)cc1)CC[NH+]1CCOCC1	
"
476,0.08255002978894055,CHEMBL3431937,"Cc1cc(C)cc(S(=O)(=O)N2CCS(=O)(=O)c3c2cc(C(=O)Nc2ccc(C(=O)[O-])cc2)cc3)c1	
"
205,0.08279881787197674,CHEMBL3431937,"c1ccc(OCC(=O)N2CCCC[C]2c2nc(c3cccc4c3[nH]cn4)on2)cc1	
"
106,0.0828798768927328,CHEMBL1034536,"C(=O)(c1c(Cl)c(Cl)c(S(=O)(=O)CCCCCC)cc1)CC[N@H+]1[C](C)C1	
"
277,0.08325764148566694,CHEMBL3431937,"C[N@@H+]1CCN(C(=O)COc2ccccc2)[C](c2nc(c3ccc4c([nH]nn4)c3)no2)C1	
"
147,0.08334220427763839,CHEMBL3430218,"C1NC(=O)[C](NC(=O)[C](NC(=O)[C]2CCCN2C(=O)[C](NC(=O)[C](Cc2ccccc2)NC1=O)C[C](C)C)Cc1ccc(O)cc1)C	
"
588,0.08368409682042532,CHEMBL905612,"[nH]1ccc2ccccc12	
"
717,0.08384848114899768,CHEMBL905613,"c1(C(=O)N)cc([C](O)C[NH2+][C](C)CCc2ccccc2)ccc1O	
"
29,0.08404765062547304,CHEMBL1034536,"C(=O)(c1c(Cl)cc(OCCCCCC)c(Cl)c1)CC[NH+](C)C	
"
435,0.08516004660774446,CHEMBL3431937,"CCOc1ccc2c(CN(C(=O)[C]3CCCCN3C(=O)COc3ccccc3)C2)c1	
"
88,0.08683021533265167,CHEMBL1034536,"C(=O)(c1cc(I)c(OCCCCCC)cc1)CC[NH+](C)C	
"
125,0.0870219852089198,CHEMBL1034536,"C(=O)(c1c(C)cc(SCCCCCC)cc1C)CC[N@H+]1[C](C)C1	
"
120,0.08768807818243252,CHEMBL1034536,"N1C(=O)C[N@H+](CCC(=O)c2c(Cl)c(Cl)c(SCCCCCC)cc2)CC1	
"
776,0.0881286132750585,Astellas,"C1(=O)N[C](C(=O)NCCOc2c(C)cc(C)cc2)CC(=O)NC2(CCCCC2)C(=O)N[C](Cc2ccccc2)C(=O)NCCCOc2c1cccc2	
"
687,0.08891446478129961,CHEMBL905613,"[N+](=O)([O-])/C=C(/NCCSCc1oc(C[NH+](C)C)cc1)\NC	
"
738,0.08947677465888049,Astellas,"c1(cc(C[C](C)C)no1)C(=O)N1CCC2(CC1)C(=O)NCCNC(=O)c1c(cccc1)OCCCC2	
"
599,0.08969757266315259,CHEMBL905613,"c1cccc([C](CC)C)c1OC(=O)NC	
"
87,0.08983116385211654,CHEMBL1034536,"C(=O)(c1cc(C(F)(F)F)c(OCCCCCC)cc1)CC[NH+](C)C	
"
487,0.09004403370868008,CHEMBL3431937,"c1ccc(OCC(=O)N2CCCC[C]2C(=O)N2Cc3ccc(O[C]4CCOC4)cc3C2)cc1	
"
554,0.09082233727036115,CHEMBL3431937,"Cn1cc(Sc2cc(Cl)ccc2OC)c2c1ccc(C(=O)Nc1ccc(C(=O)[O-])cc1)c2	
"
283,0.09111285520475576,CHEMBL3431937,"c1ccc(OCC(=O)N2CCCC[C]2c2nc(c3cc(C(=O)N)cnc3)no2)cc1	
"
466,0.09111450731775772,CHEMBL3431937,"CN(C(=O)CCC(=O)Nc1cc(c2nc([C]3CCCCN3C(=O)COc3ccccc3)on2)cc(F)c1)C	
"
144,0.09115251747132902,CHEMBL3430218,"C1NC(=O)[C](NC(=O)[C](NC(=O)[C](NC(=O)[C](NC(=O)[C](Cc2ccccc2)NC1=O)C[C](C)C)C[C](C)C)Cc1ccc(O)cc1)C	
"
555,0.09183625774430926,CHEMBL3431937,"Cn1cc(S(=O)(=O)c2cc(Cl)ccc2OC)c2c1ccc(C(=O)Nc1ccc(C(=O)[O-])cc1)c2	
"
399,0.09266564614328665,CHEMBL3431937,"c1ccc(OCC(=O)N2CCCC[C]2c2nc(c3ccc([N+](=O)[O-])s3)no2)cc1	
"
728,0.09330235916024954,CHEMBL905613,"c1(=O)ccc2ccccc2o1	
"
784,0.09350371163105908,Astellas,"C(N(C)C)C(=O)N1C[C]2Oc3ccccc3C(=O)N(CCCCCCCCO[C]2C1)C	
"
149,0.09430059442404115,CHEMBL3430218,"C1NC(=O)[C]NC(=O)[C](N(C)C(=O)[C]2CCCN2C(=O)[C](N(C)C(=O)[C](Cc2ccccc2)N(C)C1=O)C[C](C)C)Cc1ccc(O)cc1	
"
591,0.09461654370873784,CHEMBL905613,"[N+](=O)([O-])/C=C(/NCCSCc1oc(C[NH+](C)C)cc1)\NC	
"
370,0.09463081413774432,CHEMBL3431937,"CC(=O)Nc1ccc(F)c(c2[nH]c([C]3CCCCN3C(=O)COc3ccccc3)nn2)c1	
"
26,0.09537933247775765,CHEMBL1034536,"C(=O)(c1c(Cl)cc(S(=O)(=O)CCCCCC)cc1)CC[NH+]1CCOCC1	
"
430,0.09575031703346415,CHEMBL3431937,"c1ccc(OCC(=O)N2CCCC[C]2C(=O)N2CCc3cccc(Cl)c3C2)cc1	
"
232,0.09622098409240643,CHEMBL3431937,"COc1ccc(Cl)cc1S(=O)(=O)N1CCOc2c1cc(C(=O)Nc1ccc(CC(=O)[O-])cc1)cc2F	
"
753,0.09653971457541655,Astellas,"C1(=O)N[C](Cc2ccccc2)COc2c(cccc2)C(=O)NCCCOc2c(cccc2)C(=O)N[C](C(=O)O)CC1	
"
346,0.09654821924458812,CHEMBL3431937,"c1ccc(OCC(=O)N2CCCC[C]2c2nc([C]3CCCC3)on2)cc1	
"
600,0.0999576507840354,CHEMBL905613,"COc1nn(CSP(=S)(OC)OC)c(=O)s1	
"
178,0.10055782393016521,CHEMBL3430218,CC(C)C[C@H]1NC(=O)[C@@H](CC(C)C)N(C)C(=O)[C@@H](CC(C)C)N(C)C(=O)[C@H](Cc2ccc(O)cc2)NC(=O)[C@@H]3CCCN3C(=O)[C@H](CC(C)C)N(C)C1=O
726,0.1007781828309664,CHEMBL905613,"C(=O)(c1ccccc1)c1cc(ccc1)[C](C)C(=O)[O-]	
"
763,0.10145018553551477,Astellas,"N1(CCCNC2c3c(Oc4ccccc4OCCCCCN2)nccc3)CCOCC1	
"
52,0.1018719700842241,CHEMBL1034536,"C(=O)(c1c(N(C)C)cc(OCCCCCC)cc1)CC[NH+](C)C	
"
584,0.1022777459986095,CHEMBL905613,"Oc1c(cccc1)[N+](=O)[O-]	
"
585,0.10232187663435344,CHEMBL905613,"Nc1ccc(cc1)[N+](=O)[O-]	
"
606,0.10306223127799274,CHEMBL905612,"[NH3+][C](Cc1c[nH]c2c1cccc2)C(=O)N	
"
66,0.10361415115617278,CHEMBL1034536,"C(=O)(Nc1ccc(C(=O)CC[NH+](C)C)cc1)CCCCC	
"
221,0.10380565148226051,CHEMBL3431937,"c1ccc(OCC(=O)N2CCOC[C]2c2nc(c3ccc4c([nH]cn4)c3)no2)cc1	
"
473,0.10393953938379585,CHEMBL3431937,"COc1ccc(Cl)cc1S(=O)(=O)N1C[C](C(=O)[O-])Oc2c1cc(C(=O)Nc1ccccc1F)cc2	
"
186,0.104352779299699,CHEMBL3431937,"c1ccc(OCC(=O)N2CCCC[C]2c2nc(c3ccc4c(NC(=O)C4)c3)no2)cc1	
"
196,0.10497722862409287,CHEMBL3431937,"c1ccc(OCC(=O)N2CCCC[C]2c2nc([C]3CCCCC3)on2)cc1	
"
140,0.10500048515906979,CHEMBL3430218,"[C]1(C[C](C)C)NC(=O)[C](NC(=O)[C](NC(=O)[C]2CCCN2C(=O)[C](NC(=O)[C](C[C](C)C)NC1=O)C[C](C)C)Cc1c[nH]c2c1cccc2)C[C](C)C	
"
575,0.10501116068011207,CHEMBL905613,"c1(Cl)cc(Cl)ccc1O	
"
569,0.1051361521700791,CHEMBL3431937,"N1C(=O)S[C](Cc2ccc(OCCc3ncc(CC)cc3)cc2)C1=O	
"
764,0.10544252010053956,Astellas,"C1(=O)N[C](CCC(=O)NC2(CCCCC2)C(=O)N[C]([C](C)C)COc2c1cccc2)C(=O)NCCCc1nc(C)cs1	
"
637,0.10577282920122144,CHEMBL905613,"CCN(C(=O)SCc1ccc(Cl)cc1)CC	
"
595,0.10580476740824718,CHEMBL905612,"C(=O)([O-])CCc1c[nH]c2c1cccc2	
"
319,0.10737782861763723,CHEMBL3431937,"CN(C(=O)c1ccc(c2nc([C]3[C]4C[C]4CN3C(=O)COc3ccccc3)on2)cc1)C	
"
739,0.10741847744322364,Astellas,"n1cnn(c1)CC(=O)N1CCC2(CC1)C(=O)N(C)CCOc1c(CCCCC2)cccc1	
"
657,0.10806472276978152,CHEMBL905613,"c1(=O)ccc2ccccc2o1	
"
534,0.1082460400537455,CHEMBL3431937,"COc1ccc(Cl)cc1S(=O)(=O)N1CCOc2c1cc(C(=O)Nc1nc(CC(=O)[O-])cs1)cc2Cl	
"
105,0.1084688390009827,CHEMBL1034536,"C(=O)(c1ccc(OCCCCCC)cc1)CC[N@H+]1[C](C)C1	
"
119,0.10883426853858325,CHEMBL1034536,"C(=O)(c1c(I)cc(OCCCCCC)cc1)CC[NH+](C)C	
"
724,0.10900917454585635,CHEMBL905613,"Nc1ccccc1	
"
137,0.10975217815967397,CHEMBL3430218,"[C]1(C[C](C)C)NC(=O)[C](C[C](C)C)NC(=O)[C](NC(=O)[C]2CCCN2C(=O)[C]2N(CCC2)C(=O)[C](C[C](C)C)NC1=O)Cc1c[nH]c2c1cccc2	
"
745,0.1100573585439859,Astellas,"N1(CCOCC1)CCCNC(=O)[C]1NC(=O)c2c(OCCN(C)C(=O)[C]([C](C)C)NC(=O)C1)cccc2	
"
324,0.11034485378531222,CHEMBL3431937,"c1ccc(OCC(=O)N2CCOC[C]2c2nc(c3cc(C(=O)N)cnc3)no2)cc1	
"
94,0.11077936963802948,CHEMBL1034536,"C(=O)(c1c(Cl)cc(S(=O)(=O)CCCCCC)c(Cl)c1)CC[NH+](C)C	
"
345,0.11106338825772699,CHEMBL3431937,"CCN1c2cc(c3nc([C]4CCCCN4C(=O)COc4ccccc4)no3)ccc2C(C)(C)CC1=O	
"
21,0.11114065010960417,CHEMBL1034536,"C(=O)(c1c(Cl)cc(OCCCCCC)cc1Cl)CC[NH+](C)C	
"
116,0.11119778077640285,CHEMBL1034536,"C(=O)(c1c(Cl)cc(S(=O)(=O)CCCCCC)cc1Cl)CC[N@H+]1[C](C)C1	
"
475,0.11123721457849634,CHEMBL3431937,"c1cc(S(=O)(=O)N2CCS(=O)(=O)c3c2cc(C(=O)Nc2ccc(C(=O)[O-])cc2)cc3)cc(Cl)c1	
"
183,0.11128203631330003,CHEMBL3431937,"c1cccc(OCC(=O)N2[C](c3scc(c4ncccc4)n3)CCCC2)c1	
"
259,0.11149077780403882,CHEMBL3431937,"c1ccc(OCC(=O)N2CCCC[C]2c2nc(c3ccc4c(CC(=O)N4)c3)no2)cc1	
"
790,0.11191914104223777,Astellas,"c1(c[nH]cn1)C(=O)N1[C]2[C](CCCC2)OC2=CCC=C[C]2C(=O)N(C)CCCCCCC1	
"
171,0.11270007884733158,CHEMBL3430218,"[C]1(C[C](C)C)NC(=O)[C](C[C](C)C)NC(=O)[C](NC(=O)[C]2CCCN2C(=O)[C](NC(=O)[C](C[C](C)C)N(C)C1=O)C[C](C)C)Cc1ccc(O)cc1	
"
320,0.11342002491224434,CHEMBL3431937,"COc1ccc(Cl)cc1S(=O)(=O)N1CCNc2c1cc(C(=O)Nc1ccc(C(=O)[O-])c(F)c1)cc2	
"
598,0.11395685915459541,CHEMBL905612,"c1ccc2c(c(CCO)c[nH]2)c1	
"
177,0.11403953717935345,CHEMBL3430218,CC(C)C[C@H]1NC(=O)[C@H](CC(C)C)N(C)C(=O)[C@H](CC(C)C)N(C)C(=O)[C@H](Cc2ccc(O)cc2)NC(=O)[C@@H]3CCCN3C(=O)[C@H]4CCCN4C1=O
481,0.11417710880551724,CHEMBL3431937,"c1cc(S(=O)(=O)N2CCS(=O)c3c2cc(C(=O)Nc2ccc(C(=O)[O-])cc2)cc3)cc(Cl)c1	
"
96,0.11447946537163345,CHEMBL1034536,"C(=O)(c1c(Cl)cc(S(=O)(=O)CCCCCC)cc1)CC[N@H+]1[C](C)C1	
"
620,0.11568301027895433,CHEMBL905613,"c12c3c4ccc1cccc2ccc3ccc4	
"
65,0.11572782339547594,CHEMBL1034536,"C(=O)(c1c(Cl)cc(SCCCCCC)cc1Cl)CC[NH+]1CCN(S(=O)(=O)CC)CC1	
"
615,0.1161828972510266,CHEMBL905613,"c1cccc(Nc2ccccc2C(=O)[O-])c1	
"
75,0.11627888950613174,CHEMBL1034536,"C(=O)(c1c(OCCCCCC)cc(C)cc1)CC[NH+](C)C	
"
492,0.11759679959566505,CHEMBL3431937,"c1ccc(OCC(=O)N2CCCC[C]2c2nc(c3cccnc3)cs2)cc1	
"
671,0.11794926619965818,CHEMBL905613,"c12c(n(C)cn1)c(=O)n(C)c(=O)n2C	
"
574,0.11999571621297722,CHEMBL905613,"c12c(n(C)cn1)c(=O)n(C)c(=O)n2C	
"
727,0.12039876192898902,CHEMBL905613,"c1(C(=O)C)c(ccc(c1)NC(=O)CCC)OC[C](O)C[NH2+][C](C)C	
"
769,0.12076449223724506,Astellas,"c1(ccccc1)OCC(=O)N1CCC2(CN(C)C(=O)COc3ccccc3C[C](O)[C](O)C2)CC1	
"
645,0.12253097060761142,CHEMBL905613,"c1(C(=O)N)cc([C](O)C[NH2+][C](C)CCc2ccccc2)ccc1O	
"
254,0.12270493777331559,CHEMBL3431937,"COc1ccc(Cl)cc1S(=O)(=O)N1CCCc2c1cc(C(=O)Nc1ccc(C(=O)[O-])cc1)cc2	
"
238,0.12284228048127055,CHEMBL3431937,"c1ccc(OCC(=O)N2CCCC[C]2c2nc(c3cccc(C(=O)[O-])c3)no2)cc1	
"
783,0.1230341217681934,Astellas,"C1(=CNC=[N+]1)C(=O)N1CC[C@]2(CCCCOCCN(C)Cc3c(cccc3)OC2)CC1	
"
81,0.12577883539763102,CHEMBL1034536,"C(=O)(c1ccc(S(=O)(=O)CCCCCC)cc1)CC[NH+](C)C	
"
533,0.12593185449486466,CHEMBL3431937,"CN(S(=O)(=O)c1cc(Cl)ccc1OC)c1cc(C(=O)Nc2ccn(CC(=O)[O-])n2)cc2c1OCO2	
"
648,0.1259800988244404,CHEMBL905613,"c12c(cccc1OC[C](O)C[NH2+][C](C)C)[nH]cc2	
"
173,0.12867110504669288,CHEMBL3430218,"[C]1(C[C](C)C)N(C)C(=O)[C](NC(=O)[C](NC(=O)[C]2CCCN2C(=O)[C](NC(=O)[C](C[C](C)C)N(C)C1=O)C[C](C)C)Cc1ccc(O)cc1)C[C](C)C	
"
750,0.12869872904959667,Astellas,"N1(C)CCCN(C(=O)[C]2NC(=O)c3c(cccc3)OCCCNC(=O)[C](C[C](C)C)NC(=O)CC2)CC1	
"
172,0.12943629025125425,CHEMBL3430218,"[C]1(C[C](C)C)NC(=O)[C](C[C](C)C)NC(=O)[C](N(C)C(=O)[C]2CCCN2C(=O)[C](NC(=O)[C](C[C](C)C)NC1=O)C[C](C)C)Cc1ccc(O)cc1	
"
656,0.12958041312870527,CHEMBL905613,"c1(C(=O)C)c(ccc(c1)NC(=O)CCC)OC[C](O)C[NH2+][C](C)C	
"
461,0.1297029381968482,CHEMBL3431937,"COc1ccc(Cl)cc1S(=O)(=O)N1CCS(=O)(=O)c2c1cc(C(=O)Nc1ccc(C(=O)[O-])c(F)c1)cc2	
"
80,0.13114175690429297,CHEMBL1034536,"C(=O)(c1c(Cl)cc(SCCCCCC)cc1)CC[NH+]1CCN(C(=O)C)CC1	
"
653,0.13381438040252025,CHEMBL905613,"O(C[C](O)C[NH2+][C](C)C)c1c(cccc1)OCC=C	
"
47,0.1342467540528789,CHEMBL1034536,"C(=O)(c1c(SC)cc(OCCCCCC)cc1)CC[NH+](C)C	
"
204,0.1343618444993293,CHEMBL3431937,"c1ccc(OCC(=O)N2CCCC[C]2c2nc(c3ccc(n4cnnn4)cc3)on2)cc1	
"
732,0.1347372654282566,CHEMBL905613,"C(=O)(C)Nc1ccc(cc1)OC[C](O)C[NH2+][C](C)C	
"
159,0.13474418437614233,CHEMBL3430218,"[C]1(C[C](C)C)C(=O)N[C](Cc2ccc(O)cc2)C(=O)N[C]([C](C)C)C(=O)NCC(=O)N[C]([C](O)C)C(=O)N[C](Cc2ccccc2)C(=O)N1	
"
610,0.13567395650901926,CHEMBL905613,"c1(C)ccc(CC)cn1	
"
730,0.13601792990070294,CHEMBL905613,"c1cc(C#N)ccc1O	
"
684,0.13603117380368523,CHEMBL905613,"c1([C](C)C(=O)[O-])cc2c(cc1)cc(OC)cc2	
"
18,0.13655959721307198,CHEMBL1034536,"N1C(=O)C[N@H+](CCC(=O)c2c(Cl)c(Cl)c(S(=O)(=O)CCCCCC)cc2)CC1	
"
520,0.13706800127990793,CHEMBL3431937,"Cc1cc(c2[nH]c([C]3CCCCN3C(=O)COc3ccccc3)nn2)n(C)n1	
"
429,0.13710693535688723,CHEMBL3431937,"COc1ccc(Cl)cc1Cc1c[nH]c2c1cc(C(=O)Nc1ccc(CC(=O)[O-])cc1)cc2	
"
723,0.1377409314725293,CHEMBL905613,"c1cc(O)ccc1O	
"
397,0.13808669179568156,CHEMBL3431937,"CN(C(=O)[C]1CCCCN1C(=O)COc1ccccc1)Cc1ccccc1	
"
725,0.13976415066473358,CHEMBL905613,"O(C[C](O)C[NH2+][C](C)C)c1c(cccc1)OCC=C	
"
304,0.1398320740963097,CHEMBL3431937,"COc1ccc(Cl)cc1S(=O)(=O)N1COc2c1cc(C(=O)Nc1ccc(C(=O)[O-])c(Cl)c1)cc2	
"
43,0.14072466053307986,CHEMBL1034536,"C(=O)(c1c(Cl)cc(SCCCCCC)cc1)CC[NH+]1CCN(S(=O)(=O)CC)CC1	
"
162,0.14129754586841514,CHEMBL3430218,"[C]1(Cc2ccccc2)C(=O)NCC(=O)N[C](C[C](C)C)C(=O)N[C](C)C(=O)N[C](Cc2ccc(O)cc2)C(=O)N[C](CC(=O)N)C(=O)N1	
"
292,0.14158655359018546,CHEMBL3431937,"COc1ccc(Cl)cc1S(=O)(=O)N1CCc2c1cc(C#Cc1ccc(C(=O)[O-])cc1)cc2	
"
631,0.1423452567981931,CHEMBL905613,"c1ccc(Nc2ccccc2)cc1	
"
160,0.1423910703468083,CHEMBL3430218,"[C]1(Cc2ccccc2)C(=O)N[C](Cc2ccc(O)cc2)C(=O)N[C]([C](CC)C)C(=O)NCC(=O)N[C]([C](C)C)C(=O)NCC(=O)N1	
"
11,0.14328377418126426,CHEMBL1034536,"C(=O)(c1cc(S(=O)(=O)C)c(OCCCCCC)cc1)CC[NH+](C)C	
"
82,0.14500943102213792,CHEMBL1034536,"C(=O)(c1cc(c2ccccc2)c(OCCCCCC)cc1)CC[NH+](C)C	
"
529,0.14553959302558805,CHEMBL3431937,"COc1ccc(c2nc([C]3CCCCN3C(=O)COc3ccccc3)cs2)cn1	
"
57,0.14570420614288793,CHEMBL1034536,"C(S(=O)(=O)Nc1ccc(C(=O)CC[NH+](C)C)cc1)CCCC	
"
130,0.1462465413843308,CHEMBL3430218,CC(C)C[C@@H]1NC(=O)[C@@H](CC(C)C)NC(=O)[C@H](CC(C)C)NC(=O)[C@H](Cc2ccc(O)cc2)NC(=O)[C@H]3CCCN3C(=O)[C@H](CC(C)C)NC1=O
380,0.14867672084170813,CHEMBL3431937,"CC(=O)Nc1cc(c2nc([C]3CCCCN3C(=O)COc3ccccc3)on2)cc(F)c1	
"
155,0.14934554169926262,CHEMBL3430218,"[C]1(C[C](C)C)N(C)C(=O)[C](N(C)C(=O)[C](NC(=O)[C]2CCCN2C(=O)[C](NC(=O)[C](Cc2ccccc2)NC1=O)C[C](C)C)Cc1ccc(O)cc1)C[C](C)C	
"
689,0.1507066740721541,CHEMBL905613,"n1c(N)c(cnc1N)Cc1cc(OC)c(OC)c(OC)c1	
"
354,0.15132439649146168,CHEMBL3431937,"CC(=O)Nc1cc(c2nc([C]3CCCCN3C(=O)COc3ccccc3)no2)ccn1	
"
22,0.1516062081817502,CHEMBL1034536,"C(=O)(c1c(C)cc(SCCCCCC)cc1C)CC[NH+]1CCN(S(=O)(=O)CC)CC1	
"
498,0.15237793086525464,CHEMBL3431937,"C[C](C(=O)N(c1cc(C(=O)Nc2nc(CC(=O)[O-])cs2)ccc1Cl)Cc1cc(Cl)ccc1OC)C	
"
100,0.1533222662950844,CHEMBL1034536,"C(=O)(c1c(Cl)c(Cl)c(OCCCCCC)cc1)CC[N@H+]1[C](C)C1	
"
651,0.15373814089273274,CHEMBL905613,"c1cc(O)ccc1O	
"
771,0.1541099075070722,Astellas,"C1(=O)N[C](C(=O)NCCCc2cc(OC)c(OC)cc2)CC(=O)N[C]([C](C)C)C(=O)N[C](Cc2ccccc2)C(=O)NCCCOc2c1cccc2	
"
464,0.15609718398952843,CHEMBL3431937,"COc1ccc(Cl)cc1S(=O)(=O)N1CCS(=O)(=O)c2c1cc(C(=O)Nc1ccc(C(=O)[O-])c(Cl)c1)cc2	
"
514,0.15822921396933776,CHEMBL3431937,"COc1ccc(Cl)cc1S(=O)(=O)N1CCOc2c1cc(C(=O)Nc1ccn(CC(=O)[O-])n1)cc2	
"
709,0.1586191861817836,CHEMBL905613,"c1ccc(Nc2ccccc2)cc1	
"
8,0.15867914740859268,CHEMBL1034536,"C(=O)(c1c(Cl)cc(SCCCCCC)cc1)CC[NH+]1CCOCC1	
"
570,0.15981231632489923,CHEMBL905613,"c1(O)ccccc1Cl	
"
245,0.16165399426286875,CHEMBL3431937,"c1ccc(OCC(=O)N2CCCC[C]2c2nc(c3cccc(C(=O)N)c3)no2)cc1	
"
302,0.16193334202579024,CHEMBL3431937,"COc1ccc(Cl)cc1S(=O)(=O)N1COc2c1cc(C(=O)Nc1ccc(C(=O)[O-])cc1)cc2	
"
151,0.16318037260150575,CHEMBL3430218,CC(C)C[C@@H]1N(C)C(=O)[C@@H](CC(C)C)N(C)C(=O)[C@H](Cc2ccccc2)NC(=O)CN(C)C(=O)[C@@H](C)N(C)C(=O)[C@H](Cc3ccc(O)cc3)NC1=O
217,0.1651663404133732,CHEMBL3431937,"c1ccc(OCC(=O)N2CCCC[C]2c2[nH]nc(c3cccc(N4C(=O)CCC4=O)c3)n2)cc1	
"
50,0.1675820022465766,CHEMBL1034536,"C1(=O)[C](C[NH+](C)C)CCc2cc(OCCCCCC)ccc12	
"
560,0.16819960547174784,CHEMBL3431937,"COc1ccc(Cl)cc1S(=O)(=O)N1CCOc2c1cc(C(=O)Nc1ccc(C(=O)[O-])cc1)cc2Cl	
"
134,0.16952907801070705,CHEMBL3430218,CC(C)C[C@@H]1NC(=O)[C@H](CC(C)C)N(C)C(=O)[C@@H](CC(C)C)N(C)C(=O)[C@H](Cc2ccc(O)cc2)NC(=O)[C@@H]3CCCN3C(=O)[C@H](CC(C)C)N(C)C1=O
1,0.17026246361816666,CHEMBL1034536,"C(=O)(c1cc2c(cc(OCCCCCC)cc2)cc1)CC[NH+](C)C	
"
301,0.17032984557882092,CHEMBL3431937,"c1ccc(c2cc([C]3CCCCN3C(=O)COc3ccccc3)[nH]n2)cc1	
"
113,0.171456631096627,CHEMBL1034536,"C(=O)(c1c(Cl)cc(SCCCCCC)c(Cl)c1)CC[NH+]1CCN(C(=O)C)CC1	
"
664,0.1718035073576063,CHEMBL905612,"c12c(c(CC(=O)[O-])c[nH]1)cccc2	
"
15,0.17240214797254305,CHEMBL1034536,"C(=O)(c1c(Cl)cc(S(=O)(=O)CCCCCC)cc1Cl)CC[NH+]1CCN(C(=O)C)CC1	
"
389,0.17259358527156898,CHEMBL3431937,"Cc1cc(C)cc(S(=O)(=O)n2ccc3c2cc(C(=O)Nc2ccc(CC(=O)[O-])cc2)cc3)c1	
"
131,0.1737534586156695,CHEMBL3430218,CC(C)C[C@@H]1NC(=O)[C@H](CC(C)C)NC(=O)[C@@H](CC(C)C)NC(=O)[C@H](Cc2ccc(O)cc2)NC(=O)[C@@H]3CCCN3C(=O)[C@H](CC(C)C)NC1=O
448,0.1739437201065357,CHEMBL3431937,"Cc1cc(c2nc([C]3CCCCN3C(=O)COc3ccccc3)no2)on1	
"
696,0.17518979748117314,CHEMBL905613,"O(C[C](O)C[NH2+][C](C)C)c1c(cccc1)CC=C	
"
167,0.17723693928544026,CHEMBL3430218,"C[C](C)C[C]1NC(=O)[C](C[C](C)C)NC(=O)[C](NC(=O)[C]2CCCN2C(=O)[C]2N(CCC2)C(=O)[C](C[C](C)C)NC1=O)Cc1ccc(O)cc1	
"
141,0.17798638240246056,CHEMBL3430218,"[C]1(C[C](C)C)NC(=O)[C](NC(=O)[C](NC(=O)[C]2CCCN2C(=O)[C](NC(=O)[C]([C](CC)C)NC1=O)[C](CC)C)Cc1c[nH]c2c1cccc2)[C](C)CC	
"
672,0.1780546609139333,CHEMBL905613,"c1(Cl)cc(Cl)ccc1O	
"
215,0.17875777529154568,CHEMBL3431937,"c1ccc(OCC(=O)N2CCCC[C]2c2nc(c3cnnc4c3cccc4)on2)cc1	
"
504,0.1793185466256917,CHEMBL3431937,"COc1ccc(Cl)cc1S(=O)(=O)N1COc2c1cc(C(=O)Nc1ccn(CC(=O)[O-])n1)cc2	
"
735,0.18019044319764,CHEMBL905613,"n1(C(=O)C[N@H+]2CC[N@H+](C)CC2)c2c(cccc2)c(=O)[nH]c2c1nccc2	
"
45,0.180199634431927,CHEMBL1034536,"C(=O)(c1c(Cl)cc(OCCCCCC)c(Cl)c1)CC[NH+]1CCN(C(=O)C)CC1	
"
38,0.18331226630477016,CHEMBL1034536,"C(=O)(c1ccc(OCCCCCC)cc1)CC[N@@H+]1CC[N@@H+](C)CC1	
"
590,0.18458323280495925,CHEMBL905613,"N1=C(NC(C1=O)(c1ccccc1)c1ccccc1)O	
"
690,0.18520438496976954,CHEMBL905613,"c1cccc([C](CC)C)c1OC(=O)NC	
"
44,0.18999528323199177,CHEMBL1034536,"C(=O)(c1cc(C(C)(C)C)c(OCCCCCC)cc1)CC[NH+](C)C	
"
702,0.1912356428310935,CHEMBL905613,"c1(C)c(O)ccc(C)c1	
"
767,0.19130140164110632,Astellas,"C(CC(=O)N1Cc2ccccc2N(C(=O)COC)CCCN(Cc2ccc(Cl)cc2)CCC1)[n+]1[nH]cc2c1cccc2	
"
537,0.19252673598786085,CHEMBL3431937,"CCN(S(=O)(=O)c1cc(Cl)ccc1OC)c1cc(C(=O)Nc2ncc(CC(=O)[O-])s2)cc2c1OCO2	
"
266,0.19593253940453081,CHEMBL3431937,"COc1ccc(Cl)cc1S(=O)(=O)N1CCc2c1cc(C(=O)Nc1ccc(C(=O)[O-])c(Cl)c1)cc2	
"
425,0.19664540114909723,CHEMBL3431937,"CCOc1ccc(C(=O)Nc2ccc(CC(=O)[O-])cc2)cc1N(S(=O)(=O)c1cc(Cl)ccc1OC)CCS(=O)[O-]	
"
158,0.19769403426523713,CHEMBL3430218,"[C]12CCCN1C(=O)[C](Cc1ccc(O)cc1)NC(=O)[C](Cc1ccccc1)NC(=O)[C]1N(CCC1)C(=O)[C](NC(=O)CNC2=O)C[C](C)C	
"
536,0.20277655941849826,CHEMBL3431937,"CCN(S(=O)(=O)c1cc(Cl)ccc1OC)c1cc(C(=O)Nc2nc(CC(=O)[O-])cs2)cc2c1OCO2	
"
488,0.20316140440189123,CHEMBL3431937,"c1ccc(c2csc([C]3CCCCN3C(=O)COc3ccccc3)n2)cc1	
"
770,0.20585203779603667,Astellas,"c1ccc2OCCCNC(=O)[C](Cc3ccccc3)NC(=O)[C](NC(=O)C[C](NC(=O)c2c1)C(=O)O)C[C](C)C	
"
667,0.20652087990609047,CHEMBL905613,"c1(O)ccccc1Cl	
"
568,0.2072046476321905,CHEMBL3431937,"COc1ccc(Cl)cc1S(=O)(=O)N1CCOc2c1cc(C(=O)Nc1ccn(CC(=O)[O-])n1)cc2Cl	
"
12,0.20785602373970624,CHEMBL1034536,"C(=O)(c1c(C)cc(S(=O)(=O)CCCCCC)cc1C)CC[NH+]1CCN(S(=O)(=O)CC)CC1	
"
148,0.20802500037612504,CHEMBL3430218,"C1N(C)C(=O)[C]NC(=O)[C](N(C)C(=O)[C]2CCCN2C(=O)[C](NC(=O)[C](Cc2ccccc2)N(C)C1=O)C[C](C)C)Cc1ccc(O)cc1	
"
124,0.21168658137262675,CHEMBL1034536,"C(=O)(c1c(Cl)cc(S(=O)(=O)CCCCCC)c(Cl)c1)CC[N@H+]1[C](C)C1	
"
365,0.21292297652257552,CHEMBL3431937,"COc1ccc(Cl)cc1S(=O)(=O)N1CCS(=O)c2c1cc(C(=O)Nc1ccc(C(=O)[O-])cc1)cc2	
"
46,0.21380936108243986,CHEMBL1034536,"C(=O)(c1cc(SC)c(OCCCCCC)cc1)CC[NH+](C)C	
"
235,0.2147286348833095,CHEMBL3431937,"c1cc(C(=O)Nc2ccc(c3[nH]nnn3)cc2)cc(NS(=O)(=O)c2cccc(Cl)c2)c1	
"
84,0.21550921665394762,CHEMBL1034536,"C(=O)(c1c(Cl)c(Cl)c(SCCCCCC)cc1)CC[NH+]1CCN(C(=O)C)CC1	
"
180,0.21670723753025367,CHEMBL3430218,"[C]1(C[C](C)C)N(C)C(=O)[C](N(C)C(=O)[C](NC(=O)[C]2CCCN2C(=O)[C](N(C)C(=O)[C](C[C](C)C)N(C)C1=O)C[C](C)C)Cc1ccc(O)cc1)C[C](C)C	
"
468,0.21842736737190283,CHEMBL3431937,"CN(S(=O)(=O)c1cc(Cl)ccc1OC)c1cccc(C(=O)Nc2nc(CC(=O)[O-])cs2)c1	
"
101,0.21997414301461227,CHEMBL1034536,"C(=O)(c1ccc(c2ccc(OCCCCCC)cc2)cc1)CC[NH+](C)C	
"
528,0.2200235491283884,CHEMBL3431937,"Cc1ccc(c2nc([C]3CCCCN3C(=O)COc3ccccc3)cs2)cn1	
"
37,0.22088771011548491,CHEMBL1034536,"C(=O)(c1c(Cl)c(Cl)c(SCCCCCC)cc1)CC[NH+]1CCN(S(=O)(=O)CC)CC1	
"
109,0.2215754418253848,CHEMBL1034536,"C(=O)(c1c(Cl)cc(SCCCCCC)c(Cl)c1)CC[NH+]1CCOCC1	
"
686,0.2219888102236034,CHEMBL905613,"N1=C(NC(C1=O)(c1ccccc1)c1ccccc1)O	
"
700,0.22236043255191174,CHEMBL905613,"c12c3c4ccc1cccc2ccc3ccc4	
"
348,0.2225227318064542,CHEMBL3431937,"c1cc(c2[nH]c([C]3CCCCN3C(=O)COc3ccncc3)nn2)cc(C(F)(F)F)c1	
"
617,0.2229254705567678,CHEMBL905613,"c12c(cccc1cccc2)OC[C](O)C[NH2+][C](C)C	
"
14,0.22366671718551157,CHEMBL1034536,"C(=O)(c1cc(Cc2ccccc2)c(OCCCCCC)cc1)CC[NH+](C)C	
"
285,0.22503802319280108,CHEMBL3431937,"c1ccc(OCC(=O)N2CCCC[C]2c2nc(c3ccn4cc(C(=O)N)nc4c3)no2)cc1	
"
662,0.22693277384751998,CHEMBL905613,"C(=O)(C)Nc1ccc(cc1)OC[C](O)C[NH2+][C](C)C	
"
112,0.2282502955308554,CHEMBL1034536,"C(=O)(c1c(Cl)cc(S(=O)(=O)CCCCCC)c(Cl)c1)CC[NH+]1CCN(S(=O)(=O)CC)CC1	
"
25,0.22916707413248893,CHEMBL1034536,"C(=O)(c1ccc(OCCCCCC)cc1)[C](c1ccccc1)C[NH+](C)C	
"
366,0.2308359908243549,CHEMBL3431937,"c1ccc(OCC(=O)N2CCCC[C]2c2nc(c3ccc4c(NC(=O)CN4)c3)on2)cc1	
"
628,0.23142908866179024,CHEMBL905612,"c1cccc2c1[nH]cc2C(=O)N	
"
156,0.23324671935472718,CHEMBL3430218,"[C]1(C)NC(=O)[C](NC(=O)[C](NC(=O)[C](N(C)C(=O)[C](NC(=O)[C](C)N(C)C1=O)C)C)C)C	
"
775,0.23415674019682076,Astellas,"C1(=O)N[C](C(=O)NCC2(CCOCC2)c2cc(ccc2)F)CC(=O)NC2(CCCCC2)C(=O)N[C](Cc2ccccc2)C(=O)NCCCOc2c1cccc2	
"
719,0.23600691552663244,CHEMBL905613,"c1cccc(C)c1O	
"
288,0.24081619485126904,CHEMBL3431937,"c1ccc(OCC(=O)N2CCCC[C]2c2[nH]nc(c3cccc(C#N)c3)n2)cc1	
"
417,0.24528842940192153,CHEMBL3431937,"c1ccc(OCC(=O)N2CCCC[C]2c2nc(c3cccc(N4CCCS4(=O)=O)c3)on2)cc1	
"
507,0.24624335325068358,CHEMBL3431937,"CN(S(=O)(=O)c1cc(Cl)ccc1OC)c1cc(C(=O)Nc2nc(CC(=O)[O-])cs2)cc2c1OCCO2	
"
208,0.24685546933600477,CHEMBL3431937,"CS(=O)(=O)c1cccc(c2nc([C]3CCCCN3C(=O)COc3ccccc3)no2)c1	
"
669,0.24944278034559897,CHEMBL905613,"C1CC(=O)C=C2CC[C]3[C]([C](O)C[C@@]4(C)[C]3CC[C]4C(=O)CO)[C@@]12C	
"
77,0.24946597042666507,CHEMBL1034536,"C(=O)(c1ccc(OCCCCCC)cc1)CCn1cncc1	
"
58,0.2496307491284715,CHEMBL1034536,"C1(=O)[C](C[NH+](C)C)Cc2cc(OCCCCCC)ccc12	
"
154,0.2529640952979415,CHEMBL3430218,"C1N(C)C(=O)[C]N(C)C(=O)[C](NC(=O)[C]2CCCN2C(=O)[C](NC(=O)[C](Cc2ccccc2)NC1=O)C[C](C)C)Cc1ccc(O)cc1	C[C@@](C)C
"
359,0.2530535433982326,CHEMBL3431937,"c1ccc(OCC(=O)N2CCCC[C]2c2nc(C3(C(F)(F)F)CC3)on2)cc1	
"
674,0.2550231747992022,CHEMBL905613,"[N+](=O)([O-])c1ccc(cc1)[C](O)[C](CO)NC(=O)[C](Cl)Cl	
"
20,0.2558653353573672,CHEMBL1034536,"C(=O)(c1c(Cl)cc(SCCCCCC)cc1Cl)CC[NH+]1CCN(C(=O)C)CC1	
"
206,0.2580074305335085,CHEMBL3431937,"CC(=O)c1ccc(c2nc([C]3CCCCN3C(=O)COc3ccccc3)no2)cc1	
"
626,0.2593108946791247,CHEMBL905613,"[N+](=O)([O-])c1cc(Cl)ccc1Cl	
"
86,0.2597260894550786,CHEMBL1034536,"C(=O)(c1ccc(OCCCCCC)cc1)CC[NH+](CCCC)CCCC	
"
456,0.2628724619494509,CHEMBL3431937,"c1ccc(OCC(=O)N2CCCC[C]2c2nc(c3cccc(N4CCCS4(=O)=O)c3)no2)cc1	
"
152,0.26703590470205807,CHEMBL3430218,"C1N(C)C(=O)[C]N(C)C(=O)[C](NC(=O)[C]2CCCN2C(=O)[C](NC(=O)[C](Cc2ccccc2)NC1=O)C[C](C)C)Cc1ccc(O)cc1	
"
9,0.2701165475498355,CHEMBL1034536,"C(=O)(c1cc(C)c(OCCCCCC)c(C)c1)CC[NH+](C)C	
"
17,0.27405922239830627,CHEMBL1034536,"C1[C](C[NH+](C)C)C(=O)c2ccc(OCCCCCC)cc2O1	
"
139,0.2850004851590704,CHEMBL3430218,"[C]1(C[C](C)C)NC(=O)[C](NC(=O)[C](NC(=O)[C]2CCCN2C(=O)[C](NC(=O)[C](C[C](C)C)NC1=O)C[C](C)C)Cc1c[nH]c2c1cccc2)C[C](C)C	
"
104,0.2865936284021915,CHEMBL1034536,"C(=O)(c1c(C)cc(S(=O)(=O)CCCCCC)cc1C)CC[N@H+]1[C](C)C1	
"
69,0.29141860351461846,CHEMBL1034536,"C(=O)(c1c(Cl)c(Cl)c(SCCCCCC)cc1)CC[NH+]1CCOCC1	
"
153,0.2917808198182792,CHEMBL3430218,CC(C)C[C@@H]1N(C)C(=O)[C@@H](Cc2ccccc2)NC(=O)CN(C)C(=O)[C@@H](C)N(C)C(=O)[C@H](Cc3ccc(O)cc3)NC(=O)[C@@H]4CCCN4C1=O
115,0.2945147412130389,CHEMBL1034536,"C(=O)(c1c(Cl)cc(OCCCCCC)cc1Cl)CC[NH+]1CCN(S(=O)(=O)CC)CC1	
"
698,0.2948938121087661,CHEMBL905613,"[N+](=O)([O-])c1c(cccc1)N	
"
463,0.2966580486937289,CHEMBL3431937,"c1ccc(c2cn(CC(=O)Nc3ccc(C(=O)[O-])cc3)c3c2cccc3)cc1	
"
777,0.2973760017903535,Astellas,"C1(=O)N[C](C(=O)NCc2ccc(cc2)CN2CCCC2)CC(=O)NC2(CCCC2)C(=O)N[C](Cc2ccccc2)C(=O)NCCCOc2c1cccc2	
"
408,0.29994195369225896,CHEMBL3431937,"c1ccc(OCC(=O)N2CCCC[C]2C#Cc2ccc(S(=O)(=O)N)cc2)cc1	
"
60,0.3024697610918188,CHEMBL1034536,"C(=O)(c1c(S(=O)(=O)C)cc(OCCCCCC)cc1)CC[NH+](C)C	
"
256,0.3147996979067358,CHEMBL3431937,"c1ccc(OCC(=O)N2CCCC[C]2c2nc(c3ccc4c([nH]c(=O)[nH]4)c3)no2)cc1	
"
10,0.31484697429742026,CHEMBL1034536,"C(=O)(c1c(C)cc(OCCCCCC)cc1C)CC[NH+](C)C	
"
632,0.31550857835282997,CHEMBL905612,"c12ccccc1[nH]cc2C(=O)[O-]	
"
16,0.31594123362591997,CHEMBL1034536,"C(=O)(c1c(C)cc(S(=O)(=O)CCCCCC)cc1C)CC[NH+]1CCOCC1	
"
184,0.31616819176974076,CHEMBL3431937,"c1c(C(=O)Nc2cc(F)ccc2)cc2c(O[C](C(=O)[O-])CN2S(=O)(=O)c2cc(Cl)ccc2OC)c1	
"
462,0.3171294173360124,CHEMBL3431937,"COc1ccc(Cl)cc1S(=O)(=O)N1CCSc2c1cc(C(=O)Nc1ccc(C(=O)[O-])c(F)c1)cc2	
"
182,0.31743539391353615,CHEMBL3431937,"N1C(=O)S[C](Cc2ccc(OCCN(C)c3ncccc3)cc2)C1=O	
"
658,0.32272238953136956,CHEMBL905613,"c12C[C](O)[C](O)Cc1cccc2OC[C](O)C[NH2+]C(C)(C)C	
"
357,0.32764669840330196,CHEMBL3431937,"COc1ccc(Cl)cc1S(=O)(=O)N1COCc2c1cc(C(=O)Nc1ccc(CC(=O)[O-])cc1)cc2	
"
135,0.3321528144661139,CHEMBL3430218,"[C]1(C[C](C)C)NC(=O)[C](NC(=O)[C](NC(=O)[C]2CCCN2C(=O)[C](NC(=O)[C](C[C](C)C)NC1=O)C[C](C)C)Cc1ccc(O)cc1)C[C](C)C	
"
720,0.33526926638791554,CHEMBL905613,"c12c(cccc1OC[C](O)C[NH2+][C](C)C)[nH]cc2	
"
68,0.33881342061644215,CHEMBL1034536,"C(=O)(c1c(Cl)c(Cl)c(SCCCCCC)cc1)CC[N@H+]1[C](C)C1	
"
226,0.3398935059050965,CHEMBL3431937,"COc1ccc(Cl)cc1S(=O)(=O)N1CCOc2c1cc(C(=O)Nc1ccccc1)cc2	
"
358,0.34473335690120344,CHEMBL3431937,"COc1ccc(Cl)cc1S(=O)(=O)N1COCc2c1cc(C(=O)Nc1nc(CC(=O)[O-])cs1)cc2	
"
480,0.347441960732902,CHEMBL3431937,"c1cc(S(=O)(=O)N2CCSc3c2cc(C(=O)Nc2ccc(C(=O)[O-])cc2)cc3)cc(Cl)c1	
"
321,0.3607123471793958,CHEMBL3431937,"c1cc(S(=O)(=O)N2CCOc3c2cc(C(=O)Nc2ccc(C(=O)[O-])cc2)cc3)cc(Cl)c1	
"
239,0.3621248962947057,CHEMBL3431937,"c1cc(C(=O)Nc2ccc(C(=O)[O-])cc2)cc(S(=O)(=O)N2CCCc3c2cc(C(F)(F)F)cc3)c1	
"
577,0.3628005494010589,CHEMBL905613,"[N+](=O)([O-])c1ccc(cc1)[C](O)[C](CO)NC(=O)[C](Cl)Cl	
"
128,0.3697869712631423,CHEMBL3430218,"C(=O)(Cc1ccc(cc1)OC[C](O)C[NH2+][C](C)C)N	
"
242,0.37167424940587246,CHEMBL3431937,"c1cc(NC(=O)c2ccc(Cl)c(NS(=O)(=O)c3cc(Cl)cc(Cl)c3)c2)ccc1C(=O)[O-]	
"
781,0.3740070023111359,Astellas,"c1c(Cl)ccc(C(=O)N2Cc3c(Oc4ccccc4OCCCCCC2)nccc3)c1	
"
729,0.3768638042786927,CHEMBL905613,"c12C[C](O)[C](O)Cc1cccc2OC[C](O)C[NH2+]C(C)(C)C	
"
240,0.37698303013659196,CHEMBL3431937,"CCN(C(=O)c1ccc(c2nc([C]3CCCCN3C(=O)COc3ccccc3)on2)cc1)CC	
"
688,0.3778297926989689,CHEMBL905613,"n1(C)c2c([nH]cn2)c(=O)n(C)c1=O	
"
614,0.37956166048020457,CHEMBL905613,"[C]1(OC(=O)C)C(=O)N(CC[NH+](C)C)c2c(cccc2)S[C]1c1ccc(OC)cc1	
"
111,0.3800635247678219,CHEMBL1034536,"C(=O)(c1c(Cl)cc(OCCCCCC)cc1)CC[NH+](C)C	
"
255,0.3802639313385914,CHEMBL3431937,"COc1ccc(Cl)cc1S(=O)(=O)N1CCOc2c1cc(C(=O)Nc1ccc(C(=O)[O-])cc1)cc2	
"
198,0.3841283679885281,CHEMBL3431937,"COC(=O)[C]1CCCC[C]1c1nc([C]2CCCCN2C(=O)COc2ccccc2)no1	
"
279,0.39029232408017567,CHEMBL3431937,"c1ccc(OCC(=O)N2CCCC[C]2c2nc(c3cc(C(=O)[O-])cnc3)no2)cc1	
"
694,0.39032746667427354,CHEMBL905613,"[C]1(OC(=O)C)C(=O)N(CC[NH+](C)C)c2c(cccc2)S[C]1c1ccc(OC)cc1	
"
142,0.39457391708207457,CHEMBL3430218,"C1NC(=O)[C](NC(=O)[C](NC(=O)[C]2CCCN2C(=O)[C](NC(=O)[C](Cc2ccccc2)NC1=O)C[C](C)C)Cc1ccc(O)cc1)C	
"
145,0.3964205114232948,CHEMBL3430218,"C1NC(=O)[C](NC(=O)[C](NC(=O)[C]2CCCN2C(=O)[C](NC(=O)[C](Cc2ccccc2)NC1=O)C[C](C)C)Cc1ccc(O)cc1)C	
"
146,0.3964205114232948,CHEMBL3430218,"C1NC(=O)[C](NC(=O)[C](NC(=O)[C]2CCCN2C(=O)[C](NC(=O)[C](Cc2ccccc2)NC1=O)C[C](C)C)Cc1ccc(O)cc1)C	
"
757,0.3969982736872506,Astellas,"c1cnc2c(C(=NCCCCCCOc3c(cccc3)O2)NCCCN2CCOCC2)c1	
"
179,0.40138394071415906,CHEMBL3430218,"[C]1(C[C](C)C)N(C)C(=O)[C]N(C)C(=O)[C]NC(=O)[C]2CCCN2C(=O)[C](N(C)C(=O)[C](C[C](C)C)NC1=O)C[C]	C)C)Cc1ccc(O)cc1)C[C@@](C)C
"
360,0.4234280910564667,CHEMBL3431937,"c1ccc(OCC(=O)N2CCCC[C]2c2nc(c3cc(Cl)nnc3O)on2)cc1	
"
166,0.4235957999302453,CHEMBL3430218,"[C]1(C[C](C)C)NC(=O)[C](C[C](C)C)NC(=O)[C](NC(=O)[C]2CCCN2C(=O)[C](NC(=O)[C](C[C](C)C)NC1=O)C[C](C)C)Cc1ccc(O)cc1	
"
733,0.42574081103443406,CHEMBL905613,"N1(CCC[NH2+]C)c2c(cccc2)CCc2c1cccc2	
"
630,0.42966574427502735,CHEMBL905613,"C1CC(=O)C=C2CC[C]3[C](CC[C@@]4(C)[C]3CC[C]4O)[C@@]12C	
"
406,0.4322347328015814,CHEMBL3431937,"COc1ccc(Cl)cc1S(=O)(=O)N1C[C](C(=O)[O-])Oc2c1cc(C(=O)Nc1ccccc1)cc2	
"
679,0.43242387383645564,CHEMBL905613,"[N+](=O)([O-])c1cc(ccc1)N	
"
6,0.43644241915958215,CHEMBL1034536,"C(=O)(c1c(Cl)cc(OCCCCCC)c(Cl)c1)CC[NH+]1CCOCC1	
"
143,0.44357948857670504,CHEMBL3430218,"C1NC(=O)[C](NC(=O)[C](NC(=O)[C]2CCCN2C(=O)[C](NC(=O)[C](Cc2ccccc2)NC1=O)C[C](C)C)Cc1ccc(O)cc1)C	
"
192,0.44624744195332333,CHEMBL3431937,"Cc1c(Cl)c(c2nc([C]3CCCCN3C(=O)COc3ccccc3)on2)n(C)n1	
"
136,0.4479900435891926,CHEMBL3430218,"[C]1(C[C](C)C)NC(=O)[C](NC(=O)[C](NC(=O)[C]2CCCN2C(=O)[C](NC(=O)[C](C[C](C)C)NC1=O)C[C](C)C)Cc1c[nH]c2c1cccc2)C[C](C)C	
"
557,0.45071578754467634,CHEMBL3431937,"c1ccc(OCC(=O)N2C[C]3C[C]3[C]2c2nc(c3ccc(S(=O)(=O)N)cc3)no2)cc1	
"
731,0.4510472976766984,CHEMBL905613,"O(C)c1cc(ccc1OC)[C@](CCC[N@H+](C)CCc1cc(c(cc1)OC)OC)(C#N)[C](C)C	
"
402,0.45691590907376955,CHEMBL3431937,"c1ccc(OCC(=O)N2CCCC[C]2c2[nH]nc(c3ccccc3F)n2)cc1	
"
249,0.47743062722862994,CHEMBL3431937,"c1ccc(OCC(=O)N2CCCC[C]2c2[nH]nc(c3cccc(N)c3)n2)cc1	
"
83,0.489697284915533,CHEMBL1034536,"C(=O)(c1c(Cl)c(Cl)c(SCCCCCC)cc1)CC[NH+](C)C	
"
176,0.49224795598128335,CHEMBL3430218,"[C]1(C[C](C)C)N(C)C(=O)[C]NC(=O)[C]NC(=O)[C]2CCCN2C(=O)[C](NC(=O)[C](C[C](C)C)N(C)C1=O)C[C]	(C)C)Cc1ccc(O)cc1)C[C@@](C)C
"
754,0.4927285980220102,Astellas,"C1(CNC(=O)[C]2NC(=O)c3c(OC[C]([C](C)C)NC(=O)C4(CCCC4)NC(=O)CC2)cccc3)(CCOCC1)c1cc(ccc1)F	
"
7,0.5001452113090079,CHEMBL1034536,"N1C(=O)C[N@H+](CCC(=O)c2c(C)cc(S(=O)(=O)CCCCCC)cc2C)CC1	
"
33,0.5116244989791809,CHEMBL1034536,"C(=O)(c1c(C)cc(OCCCCCC)cc1C)CC[NH+]1CCN(C(=O)C)CC1	
"
746,0.5172256510778102,Astellas,"c1(OCC)ccc(CN2Cc3c[n+](CC(=O)NCCOc4ccccc4C2)[nH]n3)cc1	
"
641,0.5314068657131736,CHEMBL905612,"c1cccc2c1c(C[C](C(=O)N)NC(=O)C)c[nH]2	
"
509,0.5349460212658848,CHEMBL3431937,"COc1ccc(Cl)cc1S(=O)(=O)c1cn(CCCC(=O)[O-])c2c1cc(C(=O)Nc1ccccc1)cc2	
"
619,0.537358281306088,CHEMBL905613,"c1(=O)n(c2ccccc2)n(C)c(C)c1	
"
99,0.5658080818493745,CHEMBL1034536,"C(=O)(c1c(C)cc(S(=O)(=O)CCCCCC)cc1C)CC[NH+](C)C	
"
474,0.5661771209697903,CHEMBL3431937,"COc1ccc(Cl)cc1S(=O)(=O)N1C[C](C(=O)[O-])Oc2c1cc(C(=O)Nc1ccc(F)cc1)cc2	
"
305,0.5750989841437741,CHEMBL3431937,"c1ccc(OCC(=O)N2CCCC[C]2c2ncc(c3cccc([N+](=O)[O-])c3)o2)cc1	
"
407,0.5896729478220175,CHEMBL3431937,"c1ccc(OCC(=O)N2CCCC[C]2C#Cc2ccc(C#N)cc2)cc1	
"
19,0.5902691329213461,CHEMBL1034536,"C(=O)(c1c(Cl)c(Cl)c(OCCCCCC)cc1)CC[NH+]1CCOCC1	
"
710,0.5928110797556942,CHEMBL905613,"c1ccccc1CSP(=O)(O[C](C)C)O[C](C)C	
"
218,0.5998126528778007,CHEMBL3431937,"COc1ccc(Cl)cc1S(=O)(=O)N1CCOc2c1cc(C(=O)Nc1ccccc1)cn2	
"
89,0.6145338023988236,CHEMBL1034536,"C(=O)(c1c(Cl)cc(SCCCCCC)c(Cl)c1)CC[NH+]1CCN(S(=O)(=O)CC)CC1	
"
138,0.6220099564108068,CHEMBL3430218,"[C]1(C[C](C)C)NC(=O)[C](NC(=O)[C](NC(=O)[C]2CCCN2C(=O)[C](NC(=O)[C](C[C](C)C)NC1=O)C[C](C)C)Cc1c[nH]c2c1cccc2)C[C](C)C	
"
755,0.6356020555578352,Astellas,"C1(CNC(=O)[C]2NC(=O)c3c(OC[C]([C](C)C)NC(=O)C4(CCCCC4)NC(=O)CC2)cccc3)(CCOCC1)c1cc(ccc1)F	
"
5,0.6372669569717466,CHEMBL1034536,"C(=O)(c1ccc(OCCCCCC)cc1)CCNc1cc(Cl)ccc1	
"
583,0.6638411612166957,CHEMBL905613,"c1(ccccc1)c1ccccc1	
"
752,0.6726708890477573,Astellas,"O1CCN(C(=O)OC(C)(C)C)CCN(CC)C(=O)c2c(nccc2)Oc2c1cccc2	
"
510,0.6803125453502554,CHEMBL3431937,"COc1ccc(Cl)cc1S(=O)(=O)c1cn(CCO)c2c1cc(C(=O)Nc1ccccc1)cc2	
"
699,0.7114095521534551,CHEMBL905613,"c1(=O)n(c2ccccc2)n(C)c(C)c1	
"
511,0.7225090596097647,CHEMBL3431937,"COc1ccc(Cl)cc1S(=O)(=O)c1cn(CCCO)c2c1cc(C(=O)Nc1ccccc1)cc2	
"
281,0.7297120380776514,CHEMBL3431937,"c1cc(NC(=O)c2ccc(NS(=O)(=O)c3cc(Cl)cc(Cl)c3)s2)ccc1C(=O)[O-]	
"
253,0.7461701947868802,CHEMBL3431937,"c1cc(O[C](F)F)ccc1Cn1c2ccc(F)cc2c(NC(=O)c2ccc(C(=O)[O-])cc2)n1	
"
168,0.7464042000697546,CHEMBL3430218,"[C]1(C[C](C)C)NC(=O)[C](C[C](C)C)NC(=O)[C](NC(=O)[C]2CCCN2C(=O)[C](NC(=O)[C](C[C](C)C)NC1=O)C[C](C)C)Cc1ccc(O)cc1	
"
169,0.7535957999302454,CHEMBL3430218,"[C]1(C[C](C)C)NC(=O)[C](C[C](C)C)NC(=O)[C](NC(=O)[C]2CCCN2C(=O)[C](NC(=O)[C](C[C](C)C)NC1=O)C[C](C)C)Cc1ccc(O)cc1	
"
225,0.7729514309989449,CHEMBL3431937,"COc1ccc(Cl)cc1S(=O)(=O)N1CCS(=O)(=O)c2c1cc(C(=O)Nc1ccc(C(=O)[O-])cc1)cc2	
"
642,0.7980405385025202,CHEMBL905612,"[NH3+][C](Cc1ccccc1)C(=O)N[C](Cc1c[nH]c2c1cccc2)C(=O)N	
"
40,0.8048334550879774,CHEMBL1034536,"C(=O)(c1c(Br)cc(OCCCCCC)cc1)CC[NH+](C)C	
"
32,0.8177257409528425,CHEMBL1034536,"N1(CCC(=O)c2ccc(OCCCCCC)cc2)C(=O)CCC1=O	
"
63,0.8542161445102763,CHEMBL1034536,"C(=O)(c1cc([N+](=O)[O-])c(OCCCCCC)cc1)CC[NH+](C)C	
"
643,0.8737230589745089,CHEMBL905613,"[O-][N+](=O)/N=C/1\NCCN1Cc1ccc(Cl)nc1	
"
28,1.0035139840773128,CHEMBL1034536,"C(=O)(c1ccc(OCCCCCC)cc1)CCNc1ccccc1	
"
164,1.0269133806986384,CHEMBL3430218,"C1C(=O)N[C]([C](O)C)CN[C](Cc2ccccc2)CN[C](C[C](C)C)C(=O)N[C](Cc2ccc(O)cc2)C(=O)N[C]([C](O)C)CN1	C)=O)=O)=O
"
126,1.0574805580185522,CHEMBL1034536,"C(=O)(c1cc(Cl)c(OCCCCCC)cc1)CC[NH+](C)C	
"
85,1.068619445518297,CHEMBL1034536,"N(CCCC)C(=O)Nc1ccc(C(=O)CC[NH+](C)C)cc1	
"
248,1.0994657320363377,CHEMBL3431937,"c1ccc(OCC(=O)N2CCCC[C]2c2nc(c3ccc(c4c[nH]cn4)cc3)no2)cc1	
"
517,1.243740367461415,CHEMBL3431937,"Cc1cc(C)cc(S(=O)(=O)c2c3cc(C(=O)Nc4ccc(C(=O)[O-])cc4)ccc3[nH]n2)c1	
"
61,1.3856659711502748,CHEMBL1034536,"C(=O)(c1c(Cl)cc(SCCCCCC)cc1Cl)CC[NH+]1CCOCC1	
"
30,1.475553065266845,CHEMBL1034536,"C(=O)(c1c(Cl)cc(OCCCCCC)cc1Cl)CC[NH+]1CCOCC1	
"
165,1.6205958015309667,CHEMBL3430218,"C1C(=O)N(C)[C]([C](O)C)CN[C](Cc2ccccc2)CN[C](C[C](C)C)C(=O)N[C](Cc2ccc(O)cc2)C(=O)N[C]([C](O)C)CN1	C)=O)=O)=O
"
234,1.9335332552172781,CHEMBL3431937,"COc1ccc2c(c(C(=O)COc3ccncc3)c[nH]2)c1	
"
515,1.9852090267377234,CHEMBL3431937,"Cc1cc(C)cc(S(=O)(=O)c2c3cc(C(=O)Nc4ccccc4)ccc3n(CC(=O)[O-])n2)c1	
"
41,2.450846033612858,CHEMBL1034536,"C(=O)(c1c(Cl)cc(OCCCCCC)cc1Cl)CC[N@H+]1[C](C)C1	
"
59,2.497638800183378,CHEMBL1034536,"C(=O)(c1c(Cl)c(Cl)c(OCCCCCC)cc1)CC[NH+]1CCN(S(=O)(=O)CC)CC1	
"
